Copyright 1986-2022 Xilinx, Inc. All Rights Reserved. Copyright 2022-2024 Advanced Micro Devices, Inc. All Rights Reserved.
------------------------------------------------------------------------------------------------------------------------------------------------------------------------------------------------------------------------------
| Tool Version : Vivado v.2024.2 (lin64) Build 5239630 Fri Nov 08 22:34:34 MST 2024
| Date         : Tue Apr 29 21:45:45 2025
| Host         : CASE running 64-bit Ubuntu 24.04.2 LTS
| Command      : report_timing_summary -max_paths 10 -report_unconstrained -file chronoscore_timing_summary_routed.rpt -pb chronoscore_timing_summary_routed.pb -rpx chronoscore_timing_summary_routed.rpx -warn_on_violation
| Design       : chronoscore
| Device       : 7a35t-cpg236
| Speed File   : -1  PRODUCTION 1.23 2018-06-13
| Design State : Routed
------------------------------------------------------------------------------------------------------------------------------------------------------------------------------------------------------------------------------

Timing Summary Report

------------------------------------------------------------------------------------------------
| Timer Settings
| --------------
------------------------------------------------------------------------------------------------

  Enable Multi Corner Analysis               :  Yes
  Enable Pessimism Removal                   :  Yes
  Pessimism Removal Resolution               :  Nearest Common Node
  Enable Input Delay Default Clock           :  No
  Enable Preset / Clear Arcs                 :  No
  Disable Flight Delays                      :  No
  Ignore I/O Paths                           :  No
  Timing Early Launch at Borrowing Latches   :  No
  Borrow Time for Max Delay Exceptions       :  Yes
  Merge Timing Exceptions                    :  Yes
  Inter-SLR Compensation                     :  Conservative

  Corner  Analyze    Analyze    
  Name    Max Paths  Min Paths  
  ------  ---------  ---------  
  Slow    Yes        Yes        
  Fast    Yes        Yes        


------------------------------------------------------------------------------------------------
| Report Methodology
| ------------------
------------------------------------------------------------------------------------------------

Rule       Severity  Description                    Violations  
---------  --------  -----------------------------  ----------  
TIMING-18  Warning   Missing input or output delay  19          

Note: This report is based on the most recent report_methodology run and may not be up-to-date. Run report_methodology on the current design for the latest report.



check_timing report

Table of Contents
-----------------
1. checking no_clock (0)
2. checking constant_clock (0)
3. checking pulse_width_clock (0)
4. checking unconstrained_internal_endpoints (0)
5. checking no_input_delay (7)
6. checking no_output_delay (12)
7. checking multiple_clock (0)
8. checking generated_clocks (0)
9. checking loops (0)
10. checking partial_input_delay (0)
11. checking partial_output_delay (0)
12. checking latch_loops (0)

1. checking no_clock (0)
------------------------
 There are 0 register/latch pins with no clock.


2. checking constant_clock (0)
------------------------------
 There are 0 register/latch pins with constant_clock.


3. checking pulse_width_clock (0)
---------------------------------
 There are 0 register/latch pins which need pulse_width check


4. checking unconstrained_internal_endpoints (0)
------------------------------------------------
 There are 0 pins that are not constrained for maximum delay.

 There are 0 pins that are not constrained for maximum delay due to constant clock.


5. checking no_input_delay (7)
------------------------------
 There are 7 input ports with no input delay specified. (HIGH)

 There are 0 input ports with no input delay but user has a false path constraint.


6. checking no_output_delay (12)
--------------------------------
 There are 12 ports with no output delay specified. (HIGH)

 There are 0 ports with no output delay but user has a false path constraint

 There are 0 ports with no output delay but with a timing clock defined on it or propagating through it


7. checking multiple_clock (0)
------------------------------
 There are 0 register/latch pins with multiple clocks.


8. checking generated_clocks (0)
--------------------------------
 There are 0 generated clocks that are not connected to a clock source.


9. checking loops (0)
---------------------
 There are 0 combinational loops in the design.


10. checking partial_input_delay (0)
------------------------------------
 There are 0 input ports with partial input delay specified.


11. checking partial_output_delay (0)
-------------------------------------
 There are 0 ports with partial output delay specified.


12. checking latch_loops (0)
----------------------------
 There are 0 combinational latch loops in the design through latch input



------------------------------------------------------------------------------------------------
| Design Timing Summary
| ---------------------
------------------------------------------------------------------------------------------------

    WNS(ns)      TNS(ns)  TNS Failing Endpoints  TNS Total Endpoints      WHS(ns)      THS(ns)  THS Failing Endpoints  THS Total Endpoints     WPWS(ns)     TPWS(ns)  TPWS Failing Endpoints  TPWS Total Endpoints  
    -------      -------  ---------------------  -------------------      -------      -------  ---------------------  -------------------     --------     --------  ----------------------  --------------------  
      5.692        0.000                      0                  158        0.160        0.000                      0                  158        3.000        0.000                       0                   108  


All user specified timing constraints are met.


------------------------------------------------------------------------------------------------
| Clock Summary
| -------------
------------------------------------------------------------------------------------------------

Clock          Waveform(ns)       Period(ns)      Frequency(MHz)
-----          ------------       ----------      --------------
sys_clk_pin    {0.000 5.000}      10.000          100.000         
  U0/clkfbout  {0.000 5.000}      10.000          100.000         
  U0/clkout0   {0.000 5.000}      10.000          100.000         


------------------------------------------------------------------------------------------------
| Intra Clock Table
| -----------------
------------------------------------------------------------------------------------------------

Clock              WNS(ns)      TNS(ns)  TNS Failing Endpoints  TNS Total Endpoints      WHS(ns)      THS(ns)  THS Failing Endpoints  THS Total Endpoints     WPWS(ns)     TPWS(ns)  TPWS Failing Endpoints  TPWS Total Endpoints  
-----              -------      -------  ---------------------  -------------------      -------      -------  ---------------------  -------------------     --------     --------  ----------------------  --------------------  
sys_clk_pin                                                                                                                                                      3.000        0.000                       0                     1  
  U0/clkfbout                                                                                                                                                    7.845        0.000                       0                     3  
  U0/clkout0         5.692        0.000                      0                  158        0.160        0.000                      0                  158        4.500        0.000                       0                   104  


------------------------------------------------------------------------------------------------
| Inter Clock Table
| -----------------
------------------------------------------------------------------------------------------------

From Clock    To Clock          WNS(ns)      TNS(ns)  TNS Failing Endpoints  TNS Total Endpoints      WHS(ns)      THS(ns)  THS Failing Endpoints  THS Total Endpoints  
----------    --------          -------      -------  ---------------------  -------------------      -------      -------  ---------------------  -------------------  


------------------------------------------------------------------------------------------------
| Other Path Groups Table
| -----------------------
------------------------------------------------------------------------------------------------

Path Group    From Clock    To Clock          WNS(ns)      TNS(ns)  TNS Failing Endpoints  TNS Total Endpoints      WHS(ns)      THS(ns)  THS Failing Endpoints  THS Total Endpoints  
----------    ----------    --------          -------      -------  ---------------------  -------------------      -------      -------  ---------------------  -------------------  


------------------------------------------------------------------------------------------------
| User Ignored Path Table
| -----------------------
------------------------------------------------------------------------------------------------

Path Group    From Clock    To Clock    
----------    ----------    --------    


------------------------------------------------------------------------------------------------
| Unconstrained Path Table
| ------------------------
------------------------------------------------------------------------------------------------

Path Group    From Clock    To Clock    
----------    ----------    --------    
(none)                                    
(none)        U0/clkfbout                 
(none)        U0/clkout0                  
(none)                      U0/clkout0    


------------------------------------------------------------------------------------------------
| Timing Details
| --------------
------------------------------------------------------------------------------------------------


---------------------------------------------------------------------------------------------------
From Clock:  sys_clk_pin
  To Clock:  sys_clk_pin

Setup :           NA  Failing Endpoints,  Worst Slack           NA  ,  Total Violation           NA
Hold  :           NA  Failing Endpoints,  Worst Slack           NA  ,  Total Violation           NA
PW    :            0  Failing Endpoints,  Worst Slack        3.000ns,  Total Violation        0.000ns
---------------------------------------------------------------------------------------------------


Pulse Width Checks
--------------------------------------------------------------------------------------
Clock Name:         sys_clk_pin
Waveform(ns):       { 0.000 5.000 }
Period(ns):         10.000
Sources:            { GCLK }

Check Type        Corner  Lib Pin           Reference Pin  Required(ns)  Actual(ns)  Slack(ns)  Location        Pin
Min Period        n/a     PLLE2_ADV/CLKIN1  n/a            1.249         10.000      8.751      PLLE2_ADV_X1Y0  U0/U0/plle2_adv_inst/CLKIN1
Max Period        n/a     PLLE2_ADV/CLKIN1  n/a            52.633        10.000      42.633     PLLE2_ADV_X1Y0  U0/U0/plle2_adv_inst/CLKIN1
Low Pulse Width   Slow    PLLE2_ADV/CLKIN1  n/a            2.000         5.000       3.000      PLLE2_ADV_X1Y0  U0/U0/plle2_adv_inst/CLKIN1
Low Pulse Width   Fast    PLLE2_ADV/CLKIN1  n/a            2.000         5.000       3.000      PLLE2_ADV_X1Y0  U0/U0/plle2_adv_inst/CLKIN1
High Pulse Width  Slow    PLLE2_ADV/CLKIN1  n/a            2.000         5.000       3.000      PLLE2_ADV_X1Y0  U0/U0/plle2_adv_inst/CLKIN1
High Pulse Width  Fast    PLLE2_ADV/CLKIN1  n/a            2.000         5.000       3.000      PLLE2_ADV_X1Y0  U0/U0/plle2_adv_inst/CLKIN1



---------------------------------------------------------------------------------------------------
From Clock:  U0/clkfbout
  To Clock:  U0/clkfbout

Setup :           NA  Failing Endpoints,  Worst Slack           NA  ,  Total Violation           NA
Hold  :           NA  Failing Endpoints,  Worst Slack           NA  ,  Total Violation           NA
PW    :            0  Failing Endpoints,  Worst Slack        7.845ns,  Total Violation        0.000ns
---------------------------------------------------------------------------------------------------


Pulse Width Checks
--------------------------------------------------------------------------------------
Clock Name:         U0/clkfbout
Waveform(ns):       { 0.000 5.000 }
Period(ns):         10.000
Sources:            { U0/U0/plle2_adv_inst/CLKFBOUT }

Check Type  Corner  Lib Pin             Reference Pin  Required(ns)  Actual(ns)  Slack(ns)  Location        Pin
Min Period  n/a     BUFG/I              n/a            2.155         10.000      7.845      BUFGCTRL_X0Y1   U0/U0/clkf_buf/I
Min Period  n/a     PLLE2_ADV/CLKFBOUT  n/a            1.249         10.000      8.751      PLLE2_ADV_X1Y0  U0/U0/plle2_adv_inst/CLKFBOUT
Min Period  n/a     PLLE2_ADV/CLKFBIN   n/a            1.249         10.000      8.751      PLLE2_ADV_X1Y0  U0/U0/plle2_adv_inst/CLKFBIN
Max Period  n/a     PLLE2_ADV/CLKFBIN   n/a            52.633        10.000      42.633     PLLE2_ADV_X1Y0  U0/U0/plle2_adv_inst/CLKFBIN
Max Period  n/a     PLLE2_ADV/CLKFBOUT  n/a            160.000       10.000      150.000    PLLE2_ADV_X1Y0  U0/U0/plle2_adv_inst/CLKFBOUT



---------------------------------------------------------------------------------------------------
From Clock:  U0/clkout0
  To Clock:  U0/clkout0

Setup :            0  Failing Endpoints,  Worst Slack        5.692ns,  Total Violation        0.000ns
Hold  :            0  Failing Endpoints,  Worst Slack        0.160ns,  Total Violation        0.000ns
PW    :            0  Failing Endpoints,  Worst Slack        4.500ns,  Total Violation        0.000ns
---------------------------------------------------------------------------------------------------


Max Delay Paths
--------------------------------------------------------------------------------------
Slack (MET) :             5.692ns  (required time - arrival time)
  Source:                 U0/U1/vcount_0/C
                            (rising edge-triggered cell FDRE clocked by U0/clkout0  {rise@0.000ns fall@5.000ns period=10.000ns})
  Destination:            U0/U1/vcount_24/D
                            (rising edge-triggered cell FDRE clocked by U0/clkout0  {rise@0.000ns fall@5.000ns period=10.000ns})
  Path Group:             U0/clkout0
  Path Type:              Setup (Max at Slow Process Corner)
  Requirement:            10.000ns  (U0/clkout0 rise@10.000ns - U0/clkout0 rise@0.000ns)
  Data Path Delay:        4.236ns  (logic 2.203ns (52.010%)  route 2.033ns (47.990%))
  Logic Levels:           9  (CARRY4=7 LUT1=1 LUT2=1)
  Clock Path Skew:        -0.024ns (DCD - SCD + CPR)
    Destination Clock Delay (DCD):    -2.006ns = ( 7.994 - 10.000 ) 
    Source Clock Delay      (SCD):    -2.394ns
    Clock Pessimism Removal (CPR):    -0.411ns
  Clock Uncertainty:      0.080ns  ((TSJ^2 + DJ^2)^1/2) / 2 + PE
    Total System Jitter     (TSJ):    0.071ns
    Discrete Jitter          (DJ):    0.142ns
    Phase Error              (PE):    0.000ns

    Location             Delay type                Incr(ns)  Path(ns)    Netlist Resource(s)
  -------------------------------------------------------------------    -------------------
                         (clock U0/clkout0 rise edge)
                                                      0.000     0.000 r  
    W5                                                0.000     0.000 r  GCLK (IN)
                         net (fo=0)                   0.000     0.000    GCLK
    W5                   IBUF (Prop_ibuf_I_O)         1.458     1.458 r  GCLK_IBUF_inst/O
                         net (fo=1, routed)           1.253     2.711    U0/GCLK
    PLLE2_ADV_X1Y0       PLLE2_ADV (Prop_plle2_adv_CLKIN1_CLKOUT0)
                                                     -8.482    -5.770 r  U0/U0/plle2_adv_inst/CLKOUT0
                         net (fo=1, routed)           1.655    -4.115    U0/U0/clkout0
    BUFGCTRL_X0Y0        BUFG (Prop_bufg_I_O)         0.096    -4.019 r  U0/U0/clkout1_buf/O
                         net (fo=102, routed)         1.625    -2.394    U0/CLK
    SLICE_X58Y19         FDRE                                         r  U0/U1/vcount_0/C
  -------------------------------------------------------------------    -------------------
    SLICE_X58Y19         FDRE (Prop_fdre_C_Q)         0.456    -1.938 f  U0/U1/vcount_0/Q
                         net (fo=4, routed)           1.173    -0.764    U0/U1/vcount[0]
    SLICE_X59Y14         LUT1 (Prop_lut1_I0_O)        0.124    -0.640 r  U0/U1/Mcount_vcount_lut<0>_INV_0/O
                         net (fo=1, routed)           0.000    -0.640    U0/U1/Mcount_vcount_lut[0]
    SLICE_X59Y14         CARRY4 (Prop_carry4_S[0]_CO[3])
                                                      0.532    -0.108 r  U0/U1/Mcount_vcount_cy<0>_CARRY4/CO[3]
                         net (fo=1, routed)           0.000    -0.108    U0/U1/Mcount_vcount_cy[3]
    SLICE_X59Y15         CARRY4 (Prop_carry4_CI_CO[3])
                                                      0.114     0.006 r  U0/U1/Mcount_vcount_cy<4>_CARRY4/CO[3]
                         net (fo=1, routed)           0.000     0.006    U0/U1/Mcount_vcount_cy[7]
    SLICE_X59Y16         CARRY4 (Prop_carry4_CI_CO[3])
                                                      0.114     0.120 r  U0/U1/Mcount_vcount_cy<8>_CARRY4/CO[3]
                         net (fo=1, routed)           0.000     0.120    U0/U1/Mcount_vcount_cy[11]
    SLICE_X59Y17         CARRY4 (Prop_carry4_CI_CO[3])
                                                      0.114     0.234 r  U0/U1/Mcount_vcount_cy<12>_CARRY4/CO[3]
                         net (fo=1, routed)           0.000     0.234    U0/U1/Mcount_vcount_cy[15]
    SLICE_X59Y18         CARRY4 (Prop_carry4_CI_CO[3])
                                                      0.114     0.348 r  U0/U1/Mcount_vcount_cy<16>_CARRY4/CO[3]
                         net (fo=1, routed)           0.000     0.348    U0/U1/Mcount_vcount_cy[19]
    SLICE_X59Y19         CARRY4 (Prop_carry4_CI_CO[3])
                                                      0.114     0.462 r  U0/U1/Mcount_vcount_cy<20>_CARRY4/CO[3]
                         net (fo=1, routed)           0.000     0.462    U0/U1/Mcount_vcount_cy[23]
    SLICE_X59Y20         CARRY4 (Prop_carry4_CI_O[0])
                                                      0.222     0.684 r  U0/U1/Mcount_vcount_cy<24>_CARRY4/O[0]
                         net (fo=1, routed)           0.860     1.543    U0/Result[24]
    SLICE_X58Y20         LUT2 (Prop_lut2_I0_O)        0.299     1.842 r  U0/U1/vcount_24_rstpot/O
                         net (fo=1, routed)           0.000     1.842    U0/U1/vcount_24_rstpot
    SLICE_X58Y20         FDRE                                         r  U0/U1/vcount_24/D
  -------------------------------------------------------------------    -------------------

                         (clock U0/clkout0 rise edge)
                                                     10.000    10.000 r  
    W5                                                0.000    10.000 r  GCLK (IN)
                         net (fo=0)                   0.000    10.000    GCLK
    W5                   IBUF (Prop_ibuf_I_O)         1.388    11.388 r  GCLK_IBUF_inst/O
                         net (fo=1, routed)           1.181    12.569    U0/GCLK
    PLLE2_ADV_X1Y0       PLLE2_ADV (Prop_plle2_adv_CLKIN1_CLKOUT0)
                                                     -7.750     4.819 r  U0/U0/plle2_adv_inst/CLKOUT0
                         net (fo=1, routed)           1.576     6.396    U0/U0/clkout0
    BUFGCTRL_X0Y0        BUFG (Prop_bufg_I_O)         0.091     6.487 r  U0/U0/clkout1_buf/O
                         net (fo=102, routed)         1.507     7.994    U0/CLK
    SLICE_X58Y20         FDRE                                         r  U0/U1/vcount_24/C
                         clock pessimism             -0.411     7.582    
                         clock uncertainty           -0.080     7.503    
    SLICE_X58Y20         FDRE (Setup_fdre_C_D)        0.031     7.534    U0/U1/vcount_24
  -------------------------------------------------------------------
                         required time                          7.534    
                         arrival time                          -1.842    
  -------------------------------------------------------------------
                         slack                                  5.692    

Slack (MET) :             5.720ns  (required time - arrival time)
  Source:                 U0/U1/vcount_1/C
                            (rising edge-triggered cell FDRE clocked by U0/clkout0  {rise@0.000ns fall@5.000ns period=10.000ns})
  Destination:            U0/U1/vcount_10/D
                            (rising edge-triggered cell FDRE clocked by U0/clkout0  {rise@0.000ns fall@5.000ns period=10.000ns})
  Path Group:             U0/clkout0
  Path Type:              Setup (Max at Slow Process Corner)
  Requirement:            10.000ns  (U0/clkout0 rise@10.000ns - U0/clkout0 rise@0.000ns)
  Data Path Delay:        4.204ns  (logic 0.952ns (22.648%)  route 3.252ns (77.352%))
  Logic Levels:           4  (LUT2=1 LUT5=2 LUT6=1)
  Clock Path Skew:        -0.026ns (DCD - SCD + CPR)
    Destination Clock Delay (DCD):    -2.001ns = ( 7.999 - 10.000 ) 
    Source Clock Delay      (SCD):    -2.387ns
    Clock Pessimism Removal (CPR):    -0.411ns
  Clock Uncertainty:      0.080ns  ((TSJ^2 + DJ^2)^1/2) / 2 + PE
    Total System Jitter     (TSJ):    0.071ns
    Discrete Jitter          (DJ):    0.142ns
    Phase Error              (PE):    0.000ns

    Location             Delay type                Incr(ns)  Path(ns)    Netlist Resource(s)
  -------------------------------------------------------------------    -------------------
                         (clock U0/clkout0 rise edge)
                                                      0.000     0.000 r  
    W5                                                0.000     0.000 r  GCLK (IN)
                         net (fo=0)                   0.000     0.000    GCLK
    W5                   IBUF (Prop_ibuf_I_O)         1.458     1.458 r  GCLK_IBUF_inst/O
                         net (fo=1, routed)           1.253     2.711    U0/GCLK
    PLLE2_ADV_X1Y0       PLLE2_ADV (Prop_plle2_adv_CLKIN1_CLKOUT0)
                                                     -8.482    -5.770 r  U0/U0/plle2_adv_inst/CLKOUT0
                         net (fo=1, routed)           1.655    -4.115    U0/U0/clkout0
    BUFGCTRL_X0Y0        BUFG (Prop_bufg_I_O)         0.096    -4.019 r  U0/U0/clkout1_buf/O
                         net (fo=102, routed)         1.632    -2.387    U0/CLK
    SLICE_X58Y14         FDRE                                         r  U0/U1/vcount_1/C
  -------------------------------------------------------------------    -------------------
    SLICE_X58Y14         FDRE (Prop_fdre_C_Q)         0.456    -1.931 f  U0/U1/vcount_1/Q
                         net (fo=4, routed)           0.973    -0.958    U0/U1/vcount[1]
    SLICE_X60Y17         LUT5 (Prop_lut5_I1_O)        0.124    -0.834 f  U0/U1/GND_37_o_PWR_10_o_MUX_28_o1/O
                         net (fo=1, routed)           0.577    -0.257    U0/U1/GND_37_o_PWR_10_o_MUX_28_o1
    SLICE_X60Y16         LUT5 (Prop_lut5_I3_O)        0.124    -0.133 f  U0/U1/GND_37_o_PWR_10_o_MUX_28_o3/O
                         net (fo=2, routed)           0.584     0.451    U0/U1/GND_37_o_PWR_10_o_MUX_28_o3
    SLICE_X58Y19         LUT6 (Prop_lut6_I5_O)        0.124     0.575 f  U0/U1/GND_37_o_PWR_10_o_MUX_28_o9/O
                         net (fo=27, routed)          1.118     1.693    U0/U1/GND_37_o_PWR_10_o_MUX_28_o
    SLICE_X61Y15         LUT2 (Prop_lut2_I1_O)        0.124     1.817 r  U0/U1/vcount_10_rstpot/O
                         net (fo=1, routed)           0.000     1.817    U0/U1/vcount_10_rstpot
    SLICE_X61Y15         FDRE                                         r  U0/U1/vcount_10/D
  -------------------------------------------------------------------    -------------------

                         (clock U0/clkout0 rise edge)
                                                     10.000    10.000 r  
    W5                                                0.000    10.000 r  GCLK (IN)
                         net (fo=0)                   0.000    10.000    GCLK
    W5                   IBUF (Prop_ibuf_I_O)         1.388    11.388 r  GCLK_IBUF_inst/O
                         net (fo=1, routed)           1.181    12.569    U0/GCLK
    PLLE2_ADV_X1Y0       PLLE2_ADV (Prop_plle2_adv_CLKIN1_CLKOUT0)
                                                     -7.750     4.819 r  U0/U0/plle2_adv_inst/CLKOUT0
                         net (fo=1, routed)           1.576     6.396    U0/U0/clkout0
    BUFGCTRL_X0Y0        BUFG (Prop_bufg_I_O)         0.091     6.487 r  U0/U0/clkout1_buf/O
                         net (fo=102, routed)         1.512     7.999    U0/CLK
    SLICE_X61Y15         FDRE                                         r  U0/U1/vcount_10/C
                         clock pessimism             -0.411     7.587    
                         clock uncertainty           -0.080     7.508    
    SLICE_X61Y15         FDRE (Setup_fdre_C_D)        0.029     7.537    U0/U1/vcount_10
  -------------------------------------------------------------------
                         required time                          7.537    
                         arrival time                          -1.817    
  -------------------------------------------------------------------
                         slack                                  5.720    

Slack (MET) :             5.730ns  (required time - arrival time)
  Source:                 U0/U1/vcount_0/C
                            (rising edge-triggered cell FDRE clocked by U0/clkout0  {rise@0.000ns fall@5.000ns period=10.000ns})
  Destination:            U0/U1/vcount_26/D
                            (rising edge-triggered cell FDRE clocked by U0/clkout0  {rise@0.000ns fall@5.000ns period=10.000ns})
  Path Group:             U0/clkout0
  Path Type:              Setup (Max at Slow Process Corner)
  Requirement:            10.000ns  (U0/clkout0 rise@10.000ns - U0/clkout0 rise@0.000ns)
  Data Path Delay:        4.199ns  (logic 2.223ns (52.945%)  route 1.976ns (47.055%))
  Logic Levels:           9  (CARRY4=7 LUT1=1 LUT2=1)
  Clock Path Skew:        -0.024ns (DCD - SCD + CPR)
    Destination Clock Delay (DCD):    -2.006ns = ( 7.994 - 10.000 ) 
    Source Clock Delay      (SCD):    -2.394ns
    Clock Pessimism Removal (CPR):    -0.411ns
  Clock Uncertainty:      0.080ns  ((TSJ^2 + DJ^2)^1/2) / 2 + PE
    Total System Jitter     (TSJ):    0.071ns
    Discrete Jitter          (DJ):    0.142ns
    Phase Error              (PE):    0.000ns

    Location             Delay type                Incr(ns)  Path(ns)    Netlist Resource(s)
  -------------------------------------------------------------------    -------------------
                         (clock U0/clkout0 rise edge)
                                                      0.000     0.000 r  
    W5                                                0.000     0.000 r  GCLK (IN)
                         net (fo=0)                   0.000     0.000    GCLK
    W5                   IBUF (Prop_ibuf_I_O)         1.458     1.458 r  GCLK_IBUF_inst/O
                         net (fo=1, routed)           1.253     2.711    U0/GCLK
    PLLE2_ADV_X1Y0       PLLE2_ADV (Prop_plle2_adv_CLKIN1_CLKOUT0)
                                                     -8.482    -5.770 r  U0/U0/plle2_adv_inst/CLKOUT0
                         net (fo=1, routed)           1.655    -4.115    U0/U0/clkout0
    BUFGCTRL_X0Y0        BUFG (Prop_bufg_I_O)         0.096    -4.019 r  U0/U0/clkout1_buf/O
                         net (fo=102, routed)         1.625    -2.394    U0/CLK
    SLICE_X58Y19         FDRE                                         r  U0/U1/vcount_0/C
  -------------------------------------------------------------------    -------------------
    SLICE_X58Y19         FDRE (Prop_fdre_C_Q)         0.456    -1.938 f  U0/U1/vcount_0/Q
                         net (fo=4, routed)           1.173    -0.764    U0/U1/vcount[0]
    SLICE_X59Y14         LUT1 (Prop_lut1_I0_O)        0.124    -0.640 r  U0/U1/Mcount_vcount_lut<0>_INV_0/O
                         net (fo=1, routed)           0.000    -0.640    U0/U1/Mcount_vcount_lut[0]
    SLICE_X59Y14         CARRY4 (Prop_carry4_S[0]_CO[3])
                                                      0.532    -0.108 r  U0/U1/Mcount_vcount_cy<0>_CARRY4/CO[3]
                         net (fo=1, routed)           0.000    -0.108    U0/U1/Mcount_vcount_cy[3]
    SLICE_X59Y15         CARRY4 (Prop_carry4_CI_CO[3])
                                                      0.114     0.006 r  U0/U1/Mcount_vcount_cy<4>_CARRY4/CO[3]
                         net (fo=1, routed)           0.000     0.006    U0/U1/Mcount_vcount_cy[7]
    SLICE_X59Y16         CARRY4 (Prop_carry4_CI_CO[3])
                                                      0.114     0.120 r  U0/U1/Mcount_vcount_cy<8>_CARRY4/CO[3]
                         net (fo=1, routed)           0.000     0.120    U0/U1/Mcount_vcount_cy[11]
    SLICE_X59Y17         CARRY4 (Prop_carry4_CI_CO[3])
                                                      0.114     0.234 r  U0/U1/Mcount_vcount_cy<12>_CARRY4/CO[3]
                         net (fo=1, routed)           0.000     0.234    U0/U1/Mcount_vcount_cy[15]
    SLICE_X59Y18         CARRY4 (Prop_carry4_CI_CO[3])
                                                      0.114     0.348 r  U0/U1/Mcount_vcount_cy<16>_CARRY4/CO[3]
                         net (fo=1, routed)           0.000     0.348    U0/U1/Mcount_vcount_cy[19]
    SLICE_X59Y19         CARRY4 (Prop_carry4_CI_CO[3])
                                                      0.114     0.462 r  U0/U1/Mcount_vcount_cy<20>_CARRY4/CO[3]
                         net (fo=1, routed)           0.000     0.462    U0/U1/Mcount_vcount_cy[23]
    SLICE_X59Y20         CARRY4 (Prop_carry4_CI_O[2])
                                                      0.239     0.701 r  U0/U1/Mcount_vcount_cy<24>_CARRY4/O[2]
                         net (fo=1, routed)           0.803     1.503    U0/Result[26]
    SLICE_X58Y20         LUT2 (Prop_lut2_I0_O)        0.302     1.805 r  U0/U1/vcount_26_rstpot/O
                         net (fo=1, routed)           0.000     1.805    U0/U1/vcount_26_rstpot
    SLICE_X58Y20         FDRE                                         r  U0/U1/vcount_26/D
  -------------------------------------------------------------------    -------------------

                         (clock U0/clkout0 rise edge)
                                                     10.000    10.000 r  
    W5                                                0.000    10.000 r  GCLK (IN)
                         net (fo=0)                   0.000    10.000    GCLK
    W5                   IBUF (Prop_ibuf_I_O)         1.388    11.388 r  GCLK_IBUF_inst/O
                         net (fo=1, routed)           1.181    12.569    U0/GCLK
    PLLE2_ADV_X1Y0       PLLE2_ADV (Prop_plle2_adv_CLKIN1_CLKOUT0)
                                                     -7.750     4.819 r  U0/U0/plle2_adv_inst/CLKOUT0
                         net (fo=1, routed)           1.576     6.396    U0/U0/clkout0
    BUFGCTRL_X0Y0        BUFG (Prop_bufg_I_O)         0.091     6.487 r  U0/U0/clkout1_buf/O
                         net (fo=102, routed)         1.507     7.994    U0/CLK
    SLICE_X58Y20         FDRE                                         r  U0/U1/vcount_26/C
                         clock pessimism             -0.411     7.582    
                         clock uncertainty           -0.080     7.503    
    SLICE_X58Y20         FDRE (Setup_fdre_C_D)        0.032     7.535    U0/U1/vcount_26
  -------------------------------------------------------------------
                         required time                          7.535    
                         arrival time                          -1.805    
  -------------------------------------------------------------------
                         slack                                  5.730    

Slack (MET) :             5.735ns  (required time - arrival time)
  Source:                 U0/U1/vcount_1/C
                            (rising edge-triggered cell FDRE clocked by U0/clkout0  {rise@0.000ns fall@5.000ns period=10.000ns})
  Destination:            U0/U1/vcount_4/D
                            (rising edge-triggered cell FDRE clocked by U0/clkout0  {rise@0.000ns fall@5.000ns period=10.000ns})
  Path Group:             U0/clkout0
  Path Type:              Setup (Max at Slow Process Corner)
  Requirement:            10.000ns  (U0/clkout0 rise@10.000ns - U0/clkout0 rise@0.000ns)
  Data Path Delay:        4.188ns  (logic 0.952ns (22.730%)  route 3.236ns (77.270%))
  Logic Levels:           4  (LUT2=1 LUT5=2 LUT6=1)
  Clock Path Skew:        -0.026ns (DCD - SCD + CPR)
    Destination Clock Delay (DCD):    -2.001ns = ( 7.999 - 10.000 ) 
    Source Clock Delay      (SCD):    -2.387ns
    Clock Pessimism Removal (CPR):    -0.411ns
  Clock Uncertainty:      0.080ns  ((TSJ^2 + DJ^2)^1/2) / 2 + PE
    Total System Jitter     (TSJ):    0.071ns
    Discrete Jitter          (DJ):    0.142ns
    Phase Error              (PE):    0.000ns

    Location             Delay type                Incr(ns)  Path(ns)    Netlist Resource(s)
  -------------------------------------------------------------------    -------------------
                         (clock U0/clkout0 rise edge)
                                                      0.000     0.000 r  
    W5                                                0.000     0.000 r  GCLK (IN)
                         net (fo=0)                   0.000     0.000    GCLK
    W5                   IBUF (Prop_ibuf_I_O)         1.458     1.458 r  GCLK_IBUF_inst/O
                         net (fo=1, routed)           1.253     2.711    U0/GCLK
    PLLE2_ADV_X1Y0       PLLE2_ADV (Prop_plle2_adv_CLKIN1_CLKOUT0)
                                                     -8.482    -5.770 r  U0/U0/plle2_adv_inst/CLKOUT0
                         net (fo=1, routed)           1.655    -4.115    U0/U0/clkout0
    BUFGCTRL_X0Y0        BUFG (Prop_bufg_I_O)         0.096    -4.019 r  U0/U0/clkout1_buf/O
                         net (fo=102, routed)         1.632    -2.387    U0/CLK
    SLICE_X58Y14         FDRE                                         r  U0/U1/vcount_1/C
  -------------------------------------------------------------------    -------------------
    SLICE_X58Y14         FDRE (Prop_fdre_C_Q)         0.456    -1.931 f  U0/U1/vcount_1/Q
                         net (fo=4, routed)           0.973    -0.958    U0/U1/vcount[1]
    SLICE_X60Y17         LUT5 (Prop_lut5_I1_O)        0.124    -0.834 f  U0/U1/GND_37_o_PWR_10_o_MUX_28_o1/O
                         net (fo=1, routed)           0.577    -0.257    U0/U1/GND_37_o_PWR_10_o_MUX_28_o1
    SLICE_X60Y16         LUT5 (Prop_lut5_I3_O)        0.124    -0.133 f  U0/U1/GND_37_o_PWR_10_o_MUX_28_o3/O
                         net (fo=2, routed)           0.584     0.451    U0/U1/GND_37_o_PWR_10_o_MUX_28_o3
    SLICE_X58Y19         LUT6 (Prop_lut6_I5_O)        0.124     0.575 f  U0/U1/GND_37_o_PWR_10_o_MUX_28_o9/O
                         net (fo=27, routed)          1.102     1.678    U0/U1/GND_37_o_PWR_10_o_MUX_28_o
    SLICE_X58Y15         LUT2 (Prop_lut2_I1_O)        0.124     1.802 r  U0/U1/vcount_4_rstpot/O
                         net (fo=1, routed)           0.000     1.802    U0/U1/vcount_4_rstpot
    SLICE_X58Y15         FDRE                                         r  U0/U1/vcount_4/D
  -------------------------------------------------------------------    -------------------

                         (clock U0/clkout0 rise edge)
                                                     10.000    10.000 r  
    W5                                                0.000    10.000 r  GCLK (IN)
                         net (fo=0)                   0.000    10.000    GCLK
    W5                   IBUF (Prop_ibuf_I_O)         1.388    11.388 r  GCLK_IBUF_inst/O
                         net (fo=1, routed)           1.181    12.569    U0/GCLK
    PLLE2_ADV_X1Y0       PLLE2_ADV (Prop_plle2_adv_CLKIN1_CLKOUT0)
                                                     -7.750     4.819 r  U0/U0/plle2_adv_inst/CLKOUT0
                         net (fo=1, routed)           1.576     6.396    U0/U0/clkout0
    BUFGCTRL_X0Y0        BUFG (Prop_bufg_I_O)         0.091     6.487 r  U0/U0/clkout1_buf/O
                         net (fo=102, routed)         1.512     7.999    U0/CLK
    SLICE_X58Y15         FDRE                                         r  U0/U1/vcount_4/C
                         clock pessimism             -0.411     7.587    
                         clock uncertainty           -0.080     7.508    
    SLICE_X58Y15         FDRE (Setup_fdre_C_D)        0.029     7.537    U0/U1/vcount_4
  -------------------------------------------------------------------
                         required time                          7.537    
                         arrival time                          -1.802    
  -------------------------------------------------------------------
                         slack                                  5.735    

Slack (MET) :             5.741ns  (required time - arrival time)
  Source:                 U0/U1/vcount_0/C
                            (rising edge-triggered cell FDRE clocked by U0/clkout0  {rise@0.000ns fall@5.000ns period=10.000ns})
  Destination:            U0/U1/vcount_3/D
                            (rising edge-triggered cell FDRE clocked by U0/clkout0  {rise@0.000ns fall@5.000ns period=10.000ns})
  Path Group:             U0/clkout0
  Path Type:              Setup (Max at Slow Process Corner)
  Requirement:            10.000ns  (U0/clkout0 rise@10.000ns - U0/clkout0 rise@0.000ns)
  Data Path Delay:        4.192ns  (logic 0.952ns (22.710%)  route 3.240ns (77.290%))
  Logic Levels:           4  (LUT2=1 LUT5=2 LUT6=1)
  Clock Path Skew:        -0.018ns (DCD - SCD + CPR)
    Destination Clock Delay (DCD):    -2.000ns = ( 8.000 - 10.000 ) 
    Source Clock Delay      (SCD):    -2.394ns
    Clock Pessimism Removal (CPR):    -0.411ns
  Clock Uncertainty:      0.080ns  ((TSJ^2 + DJ^2)^1/2) / 2 + PE
    Total System Jitter     (TSJ):    0.071ns
    Discrete Jitter          (DJ):    0.142ns
    Phase Error              (PE):    0.000ns

    Location             Delay type                Incr(ns)  Path(ns)    Netlist Resource(s)
  -------------------------------------------------------------------    -------------------
                         (clock U0/clkout0 rise edge)
                                                      0.000     0.000 r  
    W5                                                0.000     0.000 r  GCLK (IN)
                         net (fo=0)                   0.000     0.000    GCLK
    W5                   IBUF (Prop_ibuf_I_O)         1.458     1.458 r  GCLK_IBUF_inst/O
                         net (fo=1, routed)           1.253     2.711    U0/GCLK
    PLLE2_ADV_X1Y0       PLLE2_ADV (Prop_plle2_adv_CLKIN1_CLKOUT0)
                                                     -8.482    -5.770 r  U0/U0/plle2_adv_inst/CLKOUT0
                         net (fo=1, routed)           1.655    -4.115    U0/U0/clkout0
    BUFGCTRL_X0Y0        BUFG (Prop_bufg_I_O)         0.096    -4.019 r  U0/U0/clkout1_buf/O
                         net (fo=102, routed)         1.625    -2.394    U0/CLK
    SLICE_X58Y19         FDRE                                         r  U0/U1/vcount_0/C
  -------------------------------------------------------------------    -------------------
    SLICE_X58Y19         FDRE (Prop_fdre_C_Q)         0.456    -1.938 f  U0/U1/vcount_0/Q
                         net (fo=4, routed)           0.973    -0.965    U0/U1/vcount[0]
    SLICE_X60Y17         LUT5 (Prop_lut5_I2_O)        0.124    -0.841 f  U0/U1/GND_37_o_PWR_10_o_MUX_28_o1/O
                         net (fo=1, routed)           0.577    -0.264    U0/U1/GND_37_o_PWR_10_o_MUX_28_o1
    SLICE_X60Y16         LUT5 (Prop_lut5_I3_O)        0.124    -0.140 f  U0/U1/GND_37_o_PWR_10_o_MUX_28_o3/O
                         net (fo=2, routed)           0.584     0.444    U0/U1/GND_37_o_PWR_10_o_MUX_28_o3
    SLICE_X58Y19         LUT6 (Prop_lut6_I5_O)        0.124     0.568 f  U0/U1/GND_37_o_PWR_10_o_MUX_28_o9/O
                         net (fo=27, routed)          1.106     1.675    U0/U1/GND_37_o_PWR_10_o_MUX_28_o
    SLICE_X58Y14         LUT2 (Prop_lut2_I1_O)        0.124     1.799 r  U0/U1/vcount_3_rstpot/O
                         net (fo=1, routed)           0.000     1.799    U0/U1/vcount_3_rstpot
    SLICE_X58Y14         FDRE                                         r  U0/U1/vcount_3/D
  -------------------------------------------------------------------    -------------------

                         (clock U0/clkout0 rise edge)
                                                     10.000    10.000 r  
    W5                                                0.000    10.000 r  GCLK (IN)
                         net (fo=0)                   0.000    10.000    GCLK
    W5                   IBUF (Prop_ibuf_I_O)         1.388    11.388 r  GCLK_IBUF_inst/O
                         net (fo=1, routed)           1.181    12.569    U0/GCLK
    PLLE2_ADV_X1Y0       PLLE2_ADV (Prop_plle2_adv_CLKIN1_CLKOUT0)
                                                     -7.750     4.819 r  U0/U0/plle2_adv_inst/CLKOUT0
                         net (fo=1, routed)           1.576     6.396    U0/U0/clkout0
    BUFGCTRL_X0Y0        BUFG (Prop_bufg_I_O)         0.091     6.487 r  U0/U0/clkout1_buf/O
                         net (fo=102, routed)         1.513     8.000    U0/CLK
    SLICE_X58Y14         FDRE                                         r  U0/U1/vcount_3/C
                         clock pessimism             -0.411     7.588    
                         clock uncertainty           -0.080     7.509    
    SLICE_X58Y14         FDRE (Setup_fdre_C_D)        0.031     7.540    U0/U1/vcount_3
  -------------------------------------------------------------------
                         required time                          7.540    
                         arrival time                          -1.799    
  -------------------------------------------------------------------
                         slack                                  5.741    

Slack (MET) :             5.775ns  (required time - arrival time)
  Source:                 U1/C4/count_reg[3]/C
                            (rising edge-triggered cell FDCE clocked by U0/clkout0  {rise@0.000ns fall@5.000ns period=10.000ns})
  Destination:            U4/U7/Q_reg[4]/D
                            (rising edge-triggered cell FDRE clocked by U0/clkout0  {rise@0.000ns fall@5.000ns period=10.000ns})
  Path Group:             U0/clkout0
  Path Type:              Setup (Max at Slow Process Corner)
  Requirement:            10.000ns  (U0/clkout0 rise@10.000ns - U0/clkout0 rise@0.000ns)
  Data Path Delay:        3.853ns  (logic 1.252ns (32.498%)  route 2.601ns (67.502%))
  Logic Levels:           3  (LUT4=1 LUT6=1 MUXF7=1)
  Clock Path Skew:        -0.022ns (DCD - SCD + CPR)
    Destination Clock Delay (DCD):    -2.002ns = ( 7.998 - 10.000 ) 
    Source Clock Delay      (SCD):    -2.392ns
    Clock Pessimism Removal (CPR):    -0.411ns
  Clock Uncertainty:      0.080ns  ((TSJ^2 + DJ^2)^1/2) / 2 + PE
    Total System Jitter     (TSJ):    0.071ns
    Discrete Jitter          (DJ):    0.142ns
    Phase Error              (PE):    0.000ns

    Location             Delay type                Incr(ns)  Path(ns)    Netlist Resource(s)
  -------------------------------------------------------------------    -------------------
                         (clock U0/clkout0 rise edge)
                                                      0.000     0.000 r  
    W5                                                0.000     0.000 r  GCLK (IN)
                         net (fo=0)                   0.000     0.000    GCLK
    W5                   IBUF (Prop_ibuf_I_O)         1.458     1.458 r  GCLK_IBUF_inst/O
                         net (fo=1, routed)           1.253     2.711    U0/GCLK
    PLLE2_ADV_X1Y0       PLLE2_ADV (Prop_plle2_adv_CLKIN1_CLKOUT0)
                                                     -8.482    -5.770 r  U0/U0/plle2_adv_inst/CLKOUT0
                         net (fo=1, routed)           1.655    -4.115    U0/U0/clkout0
    BUFGCTRL_X0Y0        BUFG (Prop_bufg_I_O)         0.096    -4.019 r  U0/U0/clkout1_buf/O
                         net (fo=102, routed)         1.627    -2.392    U1/C4/CLK
    SLICE_X63Y18         FDCE                                         r  U1/C4/count_reg[3]/C
  -------------------------------------------------------------------    -------------------
    SLICE_X63Y18         FDCE (Prop_fdce_C_Q)         0.419    -1.973 f  U1/C4/count_reg[3]/Q
                         net (fo=5, routed)           1.005    -0.967    U1/C4/MD[3]
    SLICE_X63Y16         LUT6 (Prop_lut6_I0_O)        0.296    -0.671 f  U1/C4/Q[6]_i_3/O
                         net (fo=1, routed)           0.000    -0.671    U4/U0/Q_reg[6]
    SLICE_X63Y16         MUXF7 (Prop_muxf7_I0_O)      0.212    -0.459 f  U4/U0/Q_reg[6]_i_1/O
                         net (fo=7, routed)           1.111     0.651    U4/U0/count_reg[2]_3[0]
    SLICE_X64Y19         LUT4 (Prop_lut4_I0_O)        0.325     0.976 r  U4/U0/Q[4]_i_1/O
                         net (fo=1, routed)           0.485     1.461    U4/U7/D[2]
    SLICE_X65Y17         FDRE                                         r  U4/U7/Q_reg[4]/D
  -------------------------------------------------------------------    -------------------

                         (clock U0/clkout0 rise edge)
                                                     10.000    10.000 r  
    W5                                                0.000    10.000 r  GCLK (IN)
                         net (fo=0)                   0.000    10.000    GCLK
    W5                   IBUF (Prop_ibuf_I_O)         1.388    11.388 r  GCLK_IBUF_inst/O
                         net (fo=1, routed)           1.181    12.569    U0/GCLK
    PLLE2_ADV_X1Y0       PLLE2_ADV (Prop_plle2_adv_CLKIN1_CLKOUT0)
                                                     -7.750     4.819 r  U0/U0/plle2_adv_inst/CLKOUT0
                         net (fo=1, routed)           1.576     6.396    U0/U0/clkout0
    BUFGCTRL_X0Y0        BUFG (Prop_bufg_I_O)         0.091     6.487 r  U0/U0/clkout1_buf/O
                         net (fo=102, routed)         1.511     7.998    U4/U7/CLK
    SLICE_X65Y17         FDRE                                         r  U4/U7/Q_reg[4]/C
                         clock pessimism             -0.411     7.586    
                         clock uncertainty           -0.080     7.507    
    SLICE_X65Y17         FDRE (Setup_fdre_C_D)       -0.271     7.236    U4/U7/Q_reg[4]
  -------------------------------------------------------------------
                         required time                          7.236    
                         arrival time                          -1.461    
  -------------------------------------------------------------------
                         slack                                  5.775    

Slack (MET) :             5.794ns  (required time - arrival time)
  Source:                 U0/U1/vcount_1/C
                            (rising edge-triggered cell FDRE clocked by U0/clkout0  {rise@0.000ns fall@5.000ns period=10.000ns})
  Destination:            U0/U1/vcount_6/D
                            (rising edge-triggered cell FDRE clocked by U0/clkout0  {rise@0.000ns fall@5.000ns period=10.000ns})
  Path Group:             U0/clkout0
  Path Type:              Setup (Max at Slow Process Corner)
  Requirement:            10.000ns  (U0/clkout0 rise@10.000ns - U0/clkout0 rise@0.000ns)
  Data Path Delay:        4.131ns  (logic 0.952ns (23.043%)  route 3.179ns (76.957%))
  Logic Levels:           4  (LUT2=1 LUT5=2 LUT6=1)
  Clock Path Skew:        -0.026ns (DCD - SCD + CPR)
    Destination Clock Delay (DCD):    -2.001ns = ( 7.999 - 10.000 ) 
    Source Clock Delay      (SCD):    -2.387ns
    Clock Pessimism Removal (CPR):    -0.411ns
  Clock Uncertainty:      0.080ns  ((TSJ^2 + DJ^2)^1/2) / 2 + PE
    Total System Jitter     (TSJ):    0.071ns
    Discrete Jitter          (DJ):    0.142ns
    Phase Error              (PE):    0.000ns

    Location             Delay type                Incr(ns)  Path(ns)    Netlist Resource(s)
  -------------------------------------------------------------------    -------------------
                         (clock U0/clkout0 rise edge)
                                                      0.000     0.000 r  
    W5                                                0.000     0.000 r  GCLK (IN)
                         net (fo=0)                   0.000     0.000    GCLK
    W5                   IBUF (Prop_ibuf_I_O)         1.458     1.458 r  GCLK_IBUF_inst/O
                         net (fo=1, routed)           1.253     2.711    U0/GCLK
    PLLE2_ADV_X1Y0       PLLE2_ADV (Prop_plle2_adv_CLKIN1_CLKOUT0)
                                                     -8.482    -5.770 r  U0/U0/plle2_adv_inst/CLKOUT0
                         net (fo=1, routed)           1.655    -4.115    U0/U0/clkout0
    BUFGCTRL_X0Y0        BUFG (Prop_bufg_I_O)         0.096    -4.019 r  U0/U0/clkout1_buf/O
                         net (fo=102, routed)         1.632    -2.387    U0/CLK
    SLICE_X58Y14         FDRE                                         r  U0/U1/vcount_1/C
  -------------------------------------------------------------------    -------------------
    SLICE_X58Y14         FDRE (Prop_fdre_C_Q)         0.456    -1.931 f  U0/U1/vcount_1/Q
                         net (fo=4, routed)           0.973    -0.958    U0/U1/vcount[1]
    SLICE_X60Y17         LUT5 (Prop_lut5_I1_O)        0.124    -0.834 f  U0/U1/GND_37_o_PWR_10_o_MUX_28_o1/O
                         net (fo=1, routed)           0.577    -0.257    U0/U1/GND_37_o_PWR_10_o_MUX_28_o1
    SLICE_X60Y16         LUT5 (Prop_lut5_I3_O)        0.124    -0.133 f  U0/U1/GND_37_o_PWR_10_o_MUX_28_o3/O
                         net (fo=2, routed)           0.584     0.451    U0/U1/GND_37_o_PWR_10_o_MUX_28_o3
    SLICE_X58Y19         LUT6 (Prop_lut6_I5_O)        0.124     0.575 f  U0/U1/GND_37_o_PWR_10_o_MUX_28_o9/O
                         net (fo=27, routed)          1.045     1.621    U0/U1/GND_37_o_PWR_10_o_MUX_28_o
    SLICE_X58Y15         LUT2 (Prop_lut2_I1_O)        0.124     1.745 r  U0/U1/vcount_6_rstpot/O
                         net (fo=1, routed)           0.000     1.745    U0/U1/vcount_6_rstpot
    SLICE_X58Y15         FDRE                                         r  U0/U1/vcount_6/D
  -------------------------------------------------------------------    -------------------

                         (clock U0/clkout0 rise edge)
                                                     10.000    10.000 r  
    W5                                                0.000    10.000 r  GCLK (IN)
                         net (fo=0)                   0.000    10.000    GCLK
    W5                   IBUF (Prop_ibuf_I_O)         1.388    11.388 r  GCLK_IBUF_inst/O
                         net (fo=1, routed)           1.181    12.569    U0/GCLK
    PLLE2_ADV_X1Y0       PLLE2_ADV (Prop_plle2_adv_CLKIN1_CLKOUT0)
                                                     -7.750     4.819 r  U0/U0/plle2_adv_inst/CLKOUT0
                         net (fo=1, routed)           1.576     6.396    U0/U0/clkout0
    BUFGCTRL_X0Y0        BUFG (Prop_bufg_I_O)         0.091     6.487 r  U0/U0/clkout1_buf/O
                         net (fo=102, routed)         1.512     7.999    U0/CLK
    SLICE_X58Y15         FDRE                                         r  U0/U1/vcount_6/C
                         clock pessimism             -0.411     7.587    
                         clock uncertainty           -0.080     7.508    
    SLICE_X58Y15         FDRE (Setup_fdre_C_D)        0.031     7.539    U0/U1/vcount_6
  -------------------------------------------------------------------
                         required time                          7.539    
                         arrival time                          -1.745    
  -------------------------------------------------------------------
                         slack                                  5.794    

Slack (MET) :             5.802ns  (required time - arrival time)
  Source:                 U0/U1/vcount_0/C
                            (rising edge-triggered cell FDRE clocked by U0/clkout0  {rise@0.000ns fall@5.000ns period=10.000ns})
  Destination:            U0/U1/vcount_21/D
                            (rising edge-triggered cell FDRE clocked by U0/clkout0  {rise@0.000ns fall@5.000ns period=10.000ns})
  Path Group:             U0/clkout0
  Path Type:              Setup (Max at Slow Process Corner)
  Requirement:            10.000ns  (U0/clkout0 rise@10.000ns - U0/clkout0 rise@0.000ns)
  Data Path Delay:        4.176ns  (logic 2.205ns (52.803%)  route 1.971ns (47.197%))
  Logic Levels:           8  (CARRY4=6 LUT1=1 LUT2=1)
  Clock Path Skew:        -0.024ns (DCD - SCD + CPR)
    Destination Clock Delay (DCD):    -2.006ns = ( 7.994 - 10.000 ) 
    Source Clock Delay      (SCD):    -2.394ns
    Clock Pessimism Removal (CPR):    -0.411ns
  Clock Uncertainty:      0.080ns  ((TSJ^2 + DJ^2)^1/2) / 2 + PE
    Total System Jitter     (TSJ):    0.071ns
    Discrete Jitter          (DJ):    0.142ns
    Phase Error              (PE):    0.000ns

    Location             Delay type                Incr(ns)  Path(ns)    Netlist Resource(s)
  -------------------------------------------------------------------    -------------------
                         (clock U0/clkout0 rise edge)
                                                      0.000     0.000 r  
    W5                                                0.000     0.000 r  GCLK (IN)
                         net (fo=0)                   0.000     0.000    GCLK
    W5                   IBUF (Prop_ibuf_I_O)         1.458     1.458 r  GCLK_IBUF_inst/O
                         net (fo=1, routed)           1.253     2.711    U0/GCLK
    PLLE2_ADV_X1Y0       PLLE2_ADV (Prop_plle2_adv_CLKIN1_CLKOUT0)
                                                     -8.482    -5.770 r  U0/U0/plle2_adv_inst/CLKOUT0
                         net (fo=1, routed)           1.655    -4.115    U0/U0/clkout0
    BUFGCTRL_X0Y0        BUFG (Prop_bufg_I_O)         0.096    -4.019 r  U0/U0/clkout1_buf/O
                         net (fo=102, routed)         1.625    -2.394    U0/CLK
    SLICE_X58Y19         FDRE                                         r  U0/U1/vcount_0/C
  -------------------------------------------------------------------    -------------------
    SLICE_X58Y19         FDRE (Prop_fdre_C_Q)         0.456    -1.938 f  U0/U1/vcount_0/Q
                         net (fo=4, routed)           1.173    -0.764    U0/U1/vcount[0]
    SLICE_X59Y14         LUT1 (Prop_lut1_I0_O)        0.124    -0.640 r  U0/U1/Mcount_vcount_lut<0>_INV_0/O
                         net (fo=1, routed)           0.000    -0.640    U0/U1/Mcount_vcount_lut[0]
    SLICE_X59Y14         CARRY4 (Prop_carry4_S[0]_CO[3])
                                                      0.532    -0.108 r  U0/U1/Mcount_vcount_cy<0>_CARRY4/CO[3]
                         net (fo=1, routed)           0.000    -0.108    U0/U1/Mcount_vcount_cy[3]
    SLICE_X59Y15         CARRY4 (Prop_carry4_CI_CO[3])
                                                      0.114     0.006 r  U0/U1/Mcount_vcount_cy<4>_CARRY4/CO[3]
                         net (fo=1, routed)           0.000     0.006    U0/U1/Mcount_vcount_cy[7]
    SLICE_X59Y16         CARRY4 (Prop_carry4_CI_CO[3])
                                                      0.114     0.120 r  U0/U1/Mcount_vcount_cy<8>_CARRY4/CO[3]
                         net (fo=1, routed)           0.000     0.120    U0/U1/Mcount_vcount_cy[11]
    SLICE_X59Y17         CARRY4 (Prop_carry4_CI_CO[3])
                                                      0.114     0.234 r  U0/U1/Mcount_vcount_cy<12>_CARRY4/CO[3]
                         net (fo=1, routed)           0.000     0.234    U0/U1/Mcount_vcount_cy[15]
    SLICE_X59Y18         CARRY4 (Prop_carry4_CI_CO[3])
                                                      0.114     0.348 r  U0/U1/Mcount_vcount_cy<16>_CARRY4/CO[3]
                         net (fo=1, routed)           0.000     0.348    U0/U1/Mcount_vcount_cy[19]
    SLICE_X59Y19         CARRY4 (Prop_carry4_CI_O[1])
                                                      0.334     0.682 r  U0/U1/Mcount_vcount_cy<20>_CARRY4/O[1]
                         net (fo=1, routed)           0.798     1.479    U0/Result[21]
    SLICE_X60Y19         LUT2 (Prop_lut2_I0_O)        0.303     1.782 r  U0/U1/vcount_21_rstpot/O
                         net (fo=1, routed)           0.000     1.782    U0/U1/vcount_21_rstpot
    SLICE_X60Y19         FDRE                                         r  U0/U1/vcount_21/D
  -------------------------------------------------------------------    -------------------

                         (clock U0/clkout0 rise edge)
                                                     10.000    10.000 r  
    W5                                                0.000    10.000 r  GCLK (IN)
                         net (fo=0)                   0.000    10.000    GCLK
    W5                   IBUF (Prop_ibuf_I_O)         1.388    11.388 r  GCLK_IBUF_inst/O
                         net (fo=1, routed)           1.181    12.569    U0/GCLK
    PLLE2_ADV_X1Y0       PLLE2_ADV (Prop_plle2_adv_CLKIN1_CLKOUT0)
                                                     -7.750     4.819 r  U0/U0/plle2_adv_inst/CLKOUT0
                         net (fo=1, routed)           1.576     6.396    U0/U0/clkout0
    BUFGCTRL_X0Y0        BUFG (Prop_bufg_I_O)         0.091     6.487 r  U0/U0/clkout1_buf/O
                         net (fo=102, routed)         1.507     7.994    U0/CLK
    SLICE_X60Y19         FDRE                                         r  U0/U1/vcount_21/C
                         clock pessimism             -0.411     7.582    
                         clock uncertainty           -0.080     7.503    
    SLICE_X60Y19         FDRE (Setup_fdre_C_D)        0.081     7.584    U0/U1/vcount_21
  -------------------------------------------------------------------
                         required time                          7.584    
                         arrival time                          -1.782    
  -------------------------------------------------------------------
                         slack                                  5.802    

Slack (MET) :             5.802ns  (required time - arrival time)
  Source:                 U0/U1/vcount_1/C
                            (rising edge-triggered cell FDRE clocked by U0/clkout0  {rise@0.000ns fall@5.000ns period=10.000ns})
  Destination:            U0/U1/vcount_7/D
                            (rising edge-triggered cell FDRE clocked by U0/clkout0  {rise@0.000ns fall@5.000ns period=10.000ns})
  Path Group:             U0/clkout0
  Path Type:              Setup (Max at Slow Process Corner)
  Requirement:            10.000ns  (U0/clkout0 rise@10.000ns - U0/clkout0 rise@0.000ns)
  Data Path Delay:        4.125ns  (logic 0.952ns (23.082%)  route 3.173ns (76.918%))
  Logic Levels:           4  (LUT2=1 LUT5=2 LUT6=1)
  Clock Path Skew:        -0.026ns (DCD - SCD + CPR)
    Destination Clock Delay (DCD):    -2.001ns = ( 7.999 - 10.000 ) 
    Source Clock Delay      (SCD):    -2.387ns
    Clock Pessimism Removal (CPR):    -0.411ns
  Clock Uncertainty:      0.080ns  ((TSJ^2 + DJ^2)^1/2) / 2 + PE
    Total System Jitter     (TSJ):    0.071ns
    Discrete Jitter          (DJ):    0.142ns
    Phase Error              (PE):    0.000ns

    Location             Delay type                Incr(ns)  Path(ns)    Netlist Resource(s)
  -------------------------------------------------------------------    -------------------
                         (clock U0/clkout0 rise edge)
                                                      0.000     0.000 r  
    W5                                                0.000     0.000 r  GCLK (IN)
                         net (fo=0)                   0.000     0.000    GCLK
    W5                   IBUF (Prop_ibuf_I_O)         1.458     1.458 r  GCLK_IBUF_inst/O
                         net (fo=1, routed)           1.253     2.711    U0/GCLK
    PLLE2_ADV_X1Y0       PLLE2_ADV (Prop_plle2_adv_CLKIN1_CLKOUT0)
                                                     -8.482    -5.770 r  U0/U0/plle2_adv_inst/CLKOUT0
                         net (fo=1, routed)           1.655    -4.115    U0/U0/clkout0
    BUFGCTRL_X0Y0        BUFG (Prop_bufg_I_O)         0.096    -4.019 r  U0/U0/clkout1_buf/O
                         net (fo=102, routed)         1.632    -2.387    U0/CLK
    SLICE_X58Y14         FDRE                                         r  U0/U1/vcount_1/C
  -------------------------------------------------------------------    -------------------
    SLICE_X58Y14         FDRE (Prop_fdre_C_Q)         0.456    -1.931 f  U0/U1/vcount_1/Q
                         net (fo=4, routed)           0.973    -0.958    U0/U1/vcount[1]
    SLICE_X60Y17         LUT5 (Prop_lut5_I1_O)        0.124    -0.834 f  U0/U1/GND_37_o_PWR_10_o_MUX_28_o1/O
                         net (fo=1, routed)           0.577    -0.257    U0/U1/GND_37_o_PWR_10_o_MUX_28_o1
    SLICE_X60Y16         LUT5 (Prop_lut5_I3_O)        0.124    -0.133 f  U0/U1/GND_37_o_PWR_10_o_MUX_28_o3/O
                         net (fo=2, routed)           0.584     0.451    U0/U1/GND_37_o_PWR_10_o_MUX_28_o3
    SLICE_X58Y19         LUT6 (Prop_lut6_I5_O)        0.124     0.575 f  U0/U1/GND_37_o_PWR_10_o_MUX_28_o9/O
                         net (fo=27, routed)          1.039     1.614    U0/U1/GND_37_o_PWR_10_o_MUX_28_o
    SLICE_X58Y15         LUT2 (Prop_lut2_I1_O)        0.124     1.738 r  U0/U1/vcount_7_rstpot/O
                         net (fo=1, routed)           0.000     1.738    U0/U1/vcount_7_rstpot
    SLICE_X58Y15         FDRE                                         r  U0/U1/vcount_7/D
  -------------------------------------------------------------------    -------------------

                         (clock U0/clkout0 rise edge)
                                                     10.000    10.000 r  
    W5                                                0.000    10.000 r  GCLK (IN)
                         net (fo=0)                   0.000    10.000    GCLK
    W5                   IBUF (Prop_ibuf_I_O)         1.388    11.388 r  GCLK_IBUF_inst/O
                         net (fo=1, routed)           1.181    12.569    U0/GCLK
    PLLE2_ADV_X1Y0       PLLE2_ADV (Prop_plle2_adv_CLKIN1_CLKOUT0)
                                                     -7.750     4.819 r  U0/U0/plle2_adv_inst/CLKOUT0
                         net (fo=1, routed)           1.576     6.396    U0/U0/clkout0
    BUFGCTRL_X0Y0        BUFG (Prop_bufg_I_O)         0.091     6.487 r  U0/U0/clkout1_buf/O
                         net (fo=102, routed)         1.512     7.999    U0/CLK
    SLICE_X58Y15         FDRE                                         r  U0/U1/vcount_7/C
                         clock pessimism             -0.411     7.587    
                         clock uncertainty           -0.080     7.508    
    SLICE_X58Y15         FDRE (Setup_fdre_C_D)        0.032     7.540    U0/U1/vcount_7
  -------------------------------------------------------------------
                         required time                          7.540    
                         arrival time                          -1.738    
  -------------------------------------------------------------------
                         slack                                  5.802    

Slack (MET) :             5.808ns  (required time - arrival time)
  Source:                 U0/U1/vcount_0/C
                            (rising edge-triggered cell FDRE clocked by U0/clkout0  {rise@0.000ns fall@5.000ns period=10.000ns})
  Destination:            U0/U1/vcount_23/D
                            (rising edge-triggered cell FDRE clocked by U0/clkout0  {rise@0.000ns fall@5.000ns period=10.000ns})
  Path Group:             U0/clkout0
  Path Type:              Setup (Max at Slow Process Corner)
  Requirement:            10.000ns  (U0/clkout0 rise@10.000ns - U0/clkout0 rise@0.000ns)
  Data Path Delay:        4.168ns  (logic 2.187ns (52.475%)  route 1.981ns (47.525%))
  Logic Levels:           8  (CARRY4=6 LUT1=1 LUT2=1)
  Clock Path Skew:        -0.024ns (DCD - SCD + CPR)
    Destination Clock Delay (DCD):    -2.006ns = ( 7.994 - 10.000 ) 
    Source Clock Delay      (SCD):    -2.394ns
    Clock Pessimism Removal (CPR):    -0.411ns
  Clock Uncertainty:      0.080ns  ((TSJ^2 + DJ^2)^1/2) / 2 + PE
    Total System Jitter     (TSJ):    0.071ns
    Discrete Jitter          (DJ):    0.142ns
    Phase Error              (PE):    0.000ns

    Location             Delay type                Incr(ns)  Path(ns)    Netlist Resource(s)
  -------------------------------------------------------------------    -------------------
                         (clock U0/clkout0 rise edge)
                                                      0.000     0.000 r  
    W5                                                0.000     0.000 r  GCLK (IN)
                         net (fo=0)                   0.000     0.000    GCLK
    W5                   IBUF (Prop_ibuf_I_O)         1.458     1.458 r  GCLK_IBUF_inst/O
                         net (fo=1, routed)           1.253     2.711    U0/GCLK
    PLLE2_ADV_X1Y0       PLLE2_ADV (Prop_plle2_adv_CLKIN1_CLKOUT0)
                                                     -8.482    -5.770 r  U0/U0/plle2_adv_inst/CLKOUT0
                         net (fo=1, routed)           1.655    -4.115    U0/U0/clkout0
    BUFGCTRL_X0Y0        BUFG (Prop_bufg_I_O)         0.096    -4.019 r  U0/U0/clkout1_buf/O
                         net (fo=102, routed)         1.625    -2.394    U0/CLK
    SLICE_X58Y19         FDRE                                         r  U0/U1/vcount_0/C
  -------------------------------------------------------------------    -------------------
    SLICE_X58Y19         FDRE (Prop_fdre_C_Q)         0.456    -1.938 f  U0/U1/vcount_0/Q
                         net (fo=4, routed)           1.173    -0.764    U0/U1/vcount[0]
    SLICE_X59Y14         LUT1 (Prop_lut1_I0_O)        0.124    -0.640 r  U0/U1/Mcount_vcount_lut<0>_INV_0/O
                         net (fo=1, routed)           0.000    -0.640    U0/U1/Mcount_vcount_lut[0]
    SLICE_X59Y14         CARRY4 (Prop_carry4_S[0]_CO[3])
                                                      0.532    -0.108 r  U0/U1/Mcount_vcount_cy<0>_CARRY4/CO[3]
                         net (fo=1, routed)           0.000    -0.108    U0/U1/Mcount_vcount_cy[3]
    SLICE_X59Y15         CARRY4 (Prop_carry4_CI_CO[3])
                                                      0.114     0.006 r  U0/U1/Mcount_vcount_cy<4>_CARRY4/CO[3]
                         net (fo=1, routed)           0.000     0.006    U0/U1/Mcount_vcount_cy[7]
    SLICE_X59Y16         CARRY4 (Prop_carry4_CI_CO[3])
                                                      0.114     0.120 r  U0/U1/Mcount_vcount_cy<8>_CARRY4/CO[3]
                         net (fo=1, routed)           0.000     0.120    U0/U1/Mcount_vcount_cy[11]
    SLICE_X59Y17         CARRY4 (Prop_carry4_CI_CO[3])
                                                      0.114     0.234 r  U0/U1/Mcount_vcount_cy<12>_CARRY4/CO[3]
                         net (fo=1, routed)           0.000     0.234    U0/U1/Mcount_vcount_cy[15]
    SLICE_X59Y18         CARRY4 (Prop_carry4_CI_CO[3])
                                                      0.114     0.348 r  U0/U1/Mcount_vcount_cy<16>_CARRY4/CO[3]
                         net (fo=1, routed)           0.000     0.348    U0/U1/Mcount_vcount_cy[19]
    SLICE_X59Y19         CARRY4 (Prop_carry4_CI_O[3])
                                                      0.313     0.661 r  U0/U1/Mcount_vcount_cy<20>_CARRY4/O[3]
                         net (fo=1, routed)           0.808     1.468    U0/Result[23]
    SLICE_X60Y19         LUT2 (Prop_lut2_I0_O)        0.306     1.774 r  U0/U1/vcount_23_rstpot/O
                         net (fo=1, routed)           0.000     1.774    U0/U1/vcount_23_rstpot
    SLICE_X60Y19         FDRE                                         r  U0/U1/vcount_23/D
  -------------------------------------------------------------------    -------------------

                         (clock U0/clkout0 rise edge)
                                                     10.000    10.000 r  
    W5                                                0.000    10.000 r  GCLK (IN)
                         net (fo=0)                   0.000    10.000    GCLK
    W5                   IBUF (Prop_ibuf_I_O)         1.388    11.388 r  GCLK_IBUF_inst/O
                         net (fo=1, routed)           1.181    12.569    U0/GCLK
    PLLE2_ADV_X1Y0       PLLE2_ADV (Prop_plle2_adv_CLKIN1_CLKOUT0)
                                                     -7.750     4.819 r  U0/U0/plle2_adv_inst/CLKOUT0
                         net (fo=1, routed)           1.576     6.396    U0/U0/clkout0
    BUFGCTRL_X0Y0        BUFG (Prop_bufg_I_O)         0.091     6.487 r  U0/U0/clkout1_buf/O
                         net (fo=102, routed)         1.507     7.994    U0/CLK
    SLICE_X60Y19         FDRE                                         r  U0/U1/vcount_23/C
                         clock pessimism             -0.411     7.582    
                         clock uncertainty           -0.080     7.503    
    SLICE_X60Y19         FDRE (Setup_fdre_C_D)        0.079     7.582    U0/U1/vcount_23
  -------------------------------------------------------------------
                         required time                          7.582    
                         arrival time                          -1.774    
  -------------------------------------------------------------------
                         slack                                  5.808    





Min Delay Paths
--------------------------------------------------------------------------------------
Slack (MET) :             0.160ns  (arrival time - required time)
  Source:                 U2/U0/q_reg_reg/C
                            (rising edge-triggered cell FDRE clocked by U0/clkout0  {rise@0.000ns fall@5.000ns period=10.000ns})
  Destination:            U2/U1/q_reg_reg/D
                            (rising edge-triggered cell FDRE clocked by U0/clkout0  {rise@0.000ns fall@5.000ns period=10.000ns})
  Path Group:             U0/clkout0
  Path Type:              Hold (Min at Fast Process Corner)
  Requirement:            0.000ns  (U0/clkout0 rise@0.000ns - U0/clkout0 rise@0.000ns)
  Data Path Delay:        0.220ns  (logic 0.164ns (74.580%)  route 0.056ns (25.420%))
  Logic Levels:           0  
  Clock Path Skew:        0.000ns (DCD - SCD - CPR)
    Destination Clock Delay (DCD):    -0.313ns
    Source Clock Delay      (SCD):    -0.541ns
    Clock Pessimism Removal (CPR):    0.229ns

    Location             Delay type                Incr(ns)  Path(ns)    Netlist Resource(s)
  -------------------------------------------------------------------    -------------------
                         (clock U0/clkout0 rise edge)
                                                      0.000     0.000 r  
    W5                                                0.000     0.000 r  GCLK (IN)
                         net (fo=0)                   0.000     0.000    GCLK
    W5                   IBUF (Prop_ibuf_I_O)         0.226     0.226 r  GCLK_IBUF_inst/O
                         net (fo=1, routed)           0.440     0.667    U0/GCLK
    PLLE2_ADV_X1Y0       PLLE2_ADV (Prop_plle2_adv_CLKIN1_CLKOUT0)
                                                     -2.322    -1.656 r  U0/U0/plle2_adv_inst/CLKOUT0
                         net (fo=1, routed)           0.501    -1.155    U0/U0/clkout0
    BUFGCTRL_X0Y0        BUFG (Prop_bufg_I_O)         0.026    -1.129 r  U0/U0/clkout1_buf/O
                         net (fo=102, routed)         0.588    -0.541    U2/U0/CLK
    SLICE_X60Y17         FDRE                                         r  U2/U0/q_reg_reg/C
  -------------------------------------------------------------------    -------------------
    SLICE_X60Y17         FDRE (Prop_fdre_C_Q)         0.164    -0.377 r  U2/U0/q_reg_reg/Q
                         net (fo=1, routed)           0.056    -0.321    U2/U1/q_reg
    SLICE_X60Y17         FDRE                                         r  U2/U1/q_reg_reg/D
  -------------------------------------------------------------------    -------------------

                         (clock U0/clkout0 rise edge)
                                                      0.000     0.000 r  
    W5                                                0.000     0.000 r  GCLK (IN)
                         net (fo=0)                   0.000     0.000    GCLK
    W5                   IBUF (Prop_ibuf_I_O)         0.414     0.414 r  GCLK_IBUF_inst/O
                         net (fo=1, routed)           0.481     0.895    U0/GCLK
    PLLE2_ADV_X1Y0       PLLE2_ADV (Prop_plle2_adv_CLKIN1_CLKOUT0)
                                                     -2.638    -1.743 r  U0/U0/plle2_adv_inst/CLKOUT0
                         net (fo=1, routed)           0.546    -1.197    U0/U0/clkout0
    BUFGCTRL_X0Y0        BUFG (Prop_bufg_I_O)         0.029    -1.168 r  U0/U0/clkout1_buf/O
                         net (fo=102, routed)         0.856    -0.313    U2/U1/CLK
    SLICE_X60Y17         FDRE                                         r  U2/U1/q_reg_reg/C
                         clock pessimism             -0.229    -0.541    
    SLICE_X60Y17         FDRE (Hold_fdre_C_D)         0.060    -0.481    U2/U1/q_reg_reg
  -------------------------------------------------------------------
                         required time                          0.481    
                         arrival time                          -0.321    
  -------------------------------------------------------------------
                         slack                                  0.160    

Slack (MET) :             0.167ns  (arrival time - required time)
  Source:                 U2/U5/q_reg_reg/C
                            (rising edge-triggered cell FDRE clocked by U0/clkout0  {rise@0.000ns fall@5.000ns period=10.000ns})
  Destination:            U2/U6/q_reg_reg/D
                            (rising edge-triggered cell FDRE clocked by U0/clkout0  {rise@0.000ns fall@5.000ns period=10.000ns})
  Path Group:             U0/clkout0
  Path Type:              Hold (Min at Fast Process Corner)
  Requirement:            0.000ns  (U0/clkout0 rise@0.000ns - U0/clkout0 rise@0.000ns)
  Data Path Delay:        0.220ns  (logic 0.164ns (74.580%)  route 0.056ns (25.420%))
  Logic Levels:           0  
  Clock Path Skew:        0.000ns (DCD - SCD - CPR)
    Destination Clock Delay (DCD):    -0.313ns
    Source Clock Delay      (SCD):    -0.541ns
    Clock Pessimism Removal (CPR):    0.229ns

    Location             Delay type                Incr(ns)  Path(ns)    Netlist Resource(s)
  -------------------------------------------------------------------    -------------------
                         (clock U0/clkout0 rise edge)
                                                      0.000     0.000 r  
    W5                                                0.000     0.000 r  GCLK (IN)
                         net (fo=0)                   0.000     0.000    GCLK
    W5                   IBUF (Prop_ibuf_I_O)         0.226     0.226 r  GCLK_IBUF_inst/O
                         net (fo=1, routed)           0.440     0.667    U0/GCLK
    PLLE2_ADV_X1Y0       PLLE2_ADV (Prop_plle2_adv_CLKIN1_CLKOUT0)
                                                     -2.322    -1.656 r  U0/U0/plle2_adv_inst/CLKOUT0
                         net (fo=1, routed)           0.501    -1.155    U0/U0/clkout0
    BUFGCTRL_X0Y0        BUFG (Prop_bufg_I_O)         0.026    -1.129 r  U0/U0/clkout1_buf/O
                         net (fo=102, routed)         0.588    -0.541    U2/U5/CLK
    SLICE_X60Y17         FDRE                                         r  U2/U5/q_reg_reg/C
  -------------------------------------------------------------------    -------------------
    SLICE_X60Y17         FDRE (Prop_fdre_C_Q)         0.164    -0.377 r  U2/U5/q_reg_reg/Q
                         net (fo=1, routed)           0.056    -0.321    U2/U6/q_reg_reg_1
    SLICE_X60Y17         FDRE                                         r  U2/U6/q_reg_reg/D
  -------------------------------------------------------------------    -------------------

                         (clock U0/clkout0 rise edge)
                                                      0.000     0.000 r  
    W5                                                0.000     0.000 r  GCLK (IN)
                         net (fo=0)                   0.000     0.000    GCLK
    W5                   IBUF (Prop_ibuf_I_O)         0.414     0.414 r  GCLK_IBUF_inst/O
                         net (fo=1, routed)           0.481     0.895    U0/GCLK
    PLLE2_ADV_X1Y0       PLLE2_ADV (Prop_plle2_adv_CLKIN1_CLKOUT0)
                                                     -2.638    -1.743 r  U0/U0/plle2_adv_inst/CLKOUT0
                         net (fo=1, routed)           0.546    -1.197    U0/U0/clkout0
    BUFGCTRL_X0Y0        BUFG (Prop_bufg_I_O)         0.029    -1.168 r  U0/U0/clkout1_buf/O
                         net (fo=102, routed)         0.856    -0.313    U2/U6/CLK
    SLICE_X60Y17         FDRE                                         r  U2/U6/q_reg_reg/C
                         clock pessimism             -0.229    -0.541    
    SLICE_X60Y17         FDRE (Hold_fdre_C_D)         0.053    -0.488    U2/U6/q_reg_reg
  -------------------------------------------------------------------
                         required time                          0.488    
                         arrival time                          -0.321    
  -------------------------------------------------------------------
                         slack                                  0.167    

Slack (MET) :             0.204ns  (arrival time - required time)
  Source:                 U1/C2/count_reg[1]/C
                            (rising edge-triggered cell FDCE clocked by U0/clkout0  {rise@0.000ns fall@5.000ns period=10.000ns})
  Destination:            U1/C2/count_reg[2]/D
                            (rising edge-triggered cell FDCE clocked by U0/clkout0  {rise@0.000ns fall@5.000ns period=10.000ns})
  Path Group:             U0/clkout0
  Path Type:              Hold (Min at Fast Process Corner)
  Requirement:            0.000ns  (U0/clkout0 rise@0.000ns - U0/clkout0 rise@0.000ns)
  Data Path Delay:        0.324ns  (logic 0.192ns (59.255%)  route 0.132ns (40.745%))
  Logic Levels:           1  (LUT4=1)
  Clock Path Skew:        0.013ns (DCD - SCD - CPR)
    Destination Clock Delay (DCD):    -0.310ns
    Source Clock Delay      (SCD):    -0.539ns
    Clock Pessimism Removal (CPR):    0.217ns

    Location             Delay type                Incr(ns)  Path(ns)    Netlist Resource(s)
  -------------------------------------------------------------------    -------------------
                         (clock U0/clkout0 rise edge)
                                                      0.000     0.000 r  
    W5                                                0.000     0.000 r  GCLK (IN)
                         net (fo=0)                   0.000     0.000    GCLK
    W5                   IBUF (Prop_ibuf_I_O)         0.226     0.226 r  GCLK_IBUF_inst/O
                         net (fo=1, routed)           0.440     0.667    U0/GCLK
    PLLE2_ADV_X1Y0       PLLE2_ADV (Prop_plle2_adv_CLKIN1_CLKOUT0)
                                                     -2.322    -1.656 r  U0/U0/plle2_adv_inst/CLKOUT0
                         net (fo=1, routed)           0.501    -1.155    U0/U0/clkout0
    BUFGCTRL_X0Y0        BUFG (Prop_bufg_I_O)         0.026    -1.129 r  U0/U0/clkout1_buf/O
                         net (fo=102, routed)         0.590    -0.539    U1/C2/CLK
    SLICE_X63Y16         FDCE                                         r  U1/C2/count_reg[1]/C
  -------------------------------------------------------------------    -------------------
    SLICE_X63Y16         FDCE (Prop_fdce_C_Q)         0.141    -0.398 r  U1/C2/count_reg[1]/Q
                         net (fo=6, routed)           0.132    -0.266    U1/C2/Q[1]
    SLICE_X62Y16         LUT4 (Prop_lut4_I2_O)        0.051    -0.215 r  U1/C2/count[2]_i_1__3/O
                         net (fo=1, routed)           0.000    -0.215    U1/C2/count[2]_i_1__3_n_0
    SLICE_X62Y16         FDCE                                         r  U1/C2/count_reg[2]/D
  -------------------------------------------------------------------    -------------------

                         (clock U0/clkout0 rise edge)
                                                      0.000     0.000 r  
    W5                                                0.000     0.000 r  GCLK (IN)
                         net (fo=0)                   0.000     0.000    GCLK
    W5                   IBUF (Prop_ibuf_I_O)         0.414     0.414 r  GCLK_IBUF_inst/O
                         net (fo=1, routed)           0.481     0.895    U0/GCLK
    PLLE2_ADV_X1Y0       PLLE2_ADV (Prop_plle2_adv_CLKIN1_CLKOUT0)
                                                     -2.638    -1.743 r  U0/U0/plle2_adv_inst/CLKOUT0
                         net (fo=1, routed)           0.546    -1.197    U0/U0/clkout0
    BUFGCTRL_X0Y0        BUFG (Prop_bufg_I_O)         0.029    -1.168 r  U0/U0/clkout1_buf/O
                         net (fo=102, routed)         0.859    -0.310    U1/C2/CLK
    SLICE_X62Y16         FDCE                                         r  U1/C2/count_reg[2]/C
                         clock pessimism             -0.217    -0.526    
    SLICE_X62Y16         FDCE (Hold_fdce_C_D)         0.107    -0.419    U1/C2/count_reg[2]
  -------------------------------------------------------------------
                         required time                          0.419    
                         arrival time                          -0.215    
  -------------------------------------------------------------------
                         slack                                  0.204    

Slack (MET) :             0.239ns  (arrival time - required time)
  Source:                 U1/C2/count_reg[0]/C
                            (rising edge-triggered cell FDCE clocked by U0/clkout0  {rise@0.000ns fall@5.000ns period=10.000ns})
  Destination:            U1/C2/count_reg[3]/D
                            (rising edge-triggered cell FDCE clocked by U0/clkout0  {rise@0.000ns fall@5.000ns period=10.000ns})
  Path Group:             U0/clkout0
  Path Type:              Hold (Min at Fast Process Corner)
  Requirement:            0.000ns  (U0/clkout0 rise@0.000ns - U0/clkout0 rise@0.000ns)
  Data Path Delay:        0.359ns  (logic 0.185ns (51.480%)  route 0.174ns (48.520%))
  Logic Levels:           1  (LUT4=1)
  Clock Path Skew:        0.013ns (DCD - SCD - CPR)
    Destination Clock Delay (DCD):    -0.310ns
    Source Clock Delay      (SCD):    -0.539ns
    Clock Pessimism Removal (CPR):    0.217ns

    Location             Delay type                Incr(ns)  Path(ns)    Netlist Resource(s)
  -------------------------------------------------------------------    -------------------
                         (clock U0/clkout0 rise edge)
                                                      0.000     0.000 r  
    W5                                                0.000     0.000 r  GCLK (IN)
                         net (fo=0)                   0.000     0.000    GCLK
    W5                   IBUF (Prop_ibuf_I_O)         0.226     0.226 r  GCLK_IBUF_inst/O
                         net (fo=1, routed)           0.440     0.667    U0/GCLK
    PLLE2_ADV_X1Y0       PLLE2_ADV (Prop_plle2_adv_CLKIN1_CLKOUT0)
                                                     -2.322    -1.656 r  U0/U0/plle2_adv_inst/CLKOUT0
                         net (fo=1, routed)           0.501    -1.155    U0/U0/clkout0
    BUFGCTRL_X0Y0        BUFG (Prop_bufg_I_O)         0.026    -1.129 r  U0/U0/clkout1_buf/O
                         net (fo=102, routed)         0.590    -0.539    U1/C2/CLK
    SLICE_X62Y16         FDCE                                         r  U1/C2/count_reg[0]/C
  -------------------------------------------------------------------    -------------------
    SLICE_X62Y16         FDCE (Prop_fdce_C_Q)         0.141    -0.398 r  U1/C2/count_reg[0]/Q
                         net (fo=7, routed)           0.174    -0.224    U1/C2/Q[0]
    SLICE_X63Y16         LUT4 (Prop_lut4_I0_O)        0.044    -0.180 r  U1/C2/count[3]_i_2__4/O
                         net (fo=1, routed)           0.000    -0.180    U1/C2/count[3]_i_2__4_n_0
    SLICE_X63Y16         FDCE                                         r  U1/C2/count_reg[3]/D
  -------------------------------------------------------------------    -------------------

                         (clock U0/clkout0 rise edge)
                                                      0.000     0.000 r  
    W5                                                0.000     0.000 r  GCLK (IN)
                         net (fo=0)                   0.000     0.000    GCLK
    W5                   IBUF (Prop_ibuf_I_O)         0.414     0.414 r  GCLK_IBUF_inst/O
                         net (fo=1, routed)           0.481     0.895    U0/GCLK
    PLLE2_ADV_X1Y0       PLLE2_ADV (Prop_plle2_adv_CLKIN1_CLKOUT0)
                                                     -2.638    -1.743 r  U0/U0/plle2_adv_inst/CLKOUT0
                         net (fo=1, routed)           0.546    -1.197    U0/U0/clkout0
    BUFGCTRL_X0Y0        BUFG (Prop_bufg_I_O)         0.029    -1.168 r  U0/U0/clkout1_buf/O
                         net (fo=102, routed)         0.859    -0.310    U1/C2/CLK
    SLICE_X63Y16         FDCE                                         r  U1/C2/count_reg[3]/C
                         clock pessimism             -0.217    -0.526    
    SLICE_X63Y16         FDCE (Hold_fdce_C_D)         0.107    -0.419    U1/C2/count_reg[3]
  -------------------------------------------------------------------
                         required time                          0.419    
                         arrival time                          -0.180    
  -------------------------------------------------------------------
                         slack                                  0.239    

Slack (MET) :             0.247ns  (arrival time - required time)
  Source:                 U2/U11/count_reg[0]/C
                            (rising edge-triggered cell FDRE clocked by U0/clkout0  {rise@0.000ns fall@5.000ns period=10.000ns})
  Destination:            U2/U11/count_reg[3]/D
                            (rising edge-triggered cell FDRE clocked by U0/clkout0  {rise@0.000ns fall@5.000ns period=10.000ns})
  Path Group:             U0/clkout0
  Path Type:              Hold (Min at Fast Process Corner)
  Requirement:            0.000ns  (U0/clkout0 rise@0.000ns - U0/clkout0 rise@0.000ns)
  Data Path Delay:        0.354ns  (logic 0.184ns (51.933%)  route 0.170ns (48.067%))
  Logic Levels:           1  (LUT4=1)
  Clock Path Skew:        0.000ns (DCD - SCD - CPR)
    Destination Clock Delay (DCD):    -0.309ns
    Source Clock Delay      (SCD):    -0.538ns
    Clock Pessimism Removal (CPR):    0.230ns

    Location             Delay type                Incr(ns)  Path(ns)    Netlist Resource(s)
  -------------------------------------------------------------------    -------------------
                         (clock U0/clkout0 rise edge)
                                                      0.000     0.000 r  
    W5                                                0.000     0.000 r  GCLK (IN)
                         net (fo=0)                   0.000     0.000    GCLK
    W5                   IBUF (Prop_ibuf_I_O)         0.226     0.226 r  GCLK_IBUF_inst/O
                         net (fo=1, routed)           0.440     0.667    U0/GCLK
    PLLE2_ADV_X1Y0       PLLE2_ADV (Prop_plle2_adv_CLKIN1_CLKOUT0)
                                                     -2.322    -1.656 r  U0/U0/plle2_adv_inst/CLKOUT0
                         net (fo=1, routed)           0.501    -1.155    U0/U0/clkout0
    BUFGCTRL_X0Y0        BUFG (Prop_bufg_I_O)         0.026    -1.129 r  U0/U0/clkout1_buf/O
                         net (fo=102, routed)         0.591    -0.538    U2/U11/CLK
    SLICE_X63Y15         FDRE                                         r  U2/U11/count_reg[0]/C
  -------------------------------------------------------------------    -------------------
    SLICE_X63Y15         FDRE (Prop_fdre_C_Q)         0.141    -0.397 r  U2/U11/count_reg[0]/Q
                         net (fo=5, routed)           0.170    -0.227    U2/U11/OD[0]
    SLICE_X63Y15         LUT4 (Prop_lut4_I0_O)        0.043    -0.184 r  U2/U11/count[3]_i_2__0/O
                         net (fo=1, routed)           0.000    -0.184    U2/U11/count[3]_i_2__0_n_0
    SLICE_X63Y15         FDRE                                         r  U2/U11/count_reg[3]/D
  -------------------------------------------------------------------    -------------------

                         (clock U0/clkout0 rise edge)
                                                      0.000     0.000 r  
    W5                                                0.000     0.000 r  GCLK (IN)
                         net (fo=0)                   0.000     0.000    GCLK
    W5                   IBUF (Prop_ibuf_I_O)         0.414     0.414 r  GCLK_IBUF_inst/O
                         net (fo=1, routed)           0.481     0.895    U0/GCLK
    PLLE2_ADV_X1Y0       PLLE2_ADV (Prop_plle2_adv_CLKIN1_CLKOUT0)
                                                     -2.638    -1.743 r  U0/U0/plle2_adv_inst/CLKOUT0
                         net (fo=1, routed)           0.546    -1.197    U0/U0/clkout0
    BUFGCTRL_X0Y0        BUFG (Prop_bufg_I_O)         0.029    -1.168 r  U0/U0/clkout1_buf/O
                         net (fo=102, routed)         0.860    -0.309    U2/U11/CLK
    SLICE_X63Y15         FDRE                                         r  U2/U11/count_reg[3]/C
                         clock pessimism             -0.230    -0.538    
    SLICE_X63Y15         FDRE (Hold_fdre_C_D)         0.107    -0.431    U2/U11/count_reg[3]
  -------------------------------------------------------------------
                         required time                          0.431    
                         arrival time                          -0.184    
  -------------------------------------------------------------------
                         slack                                  0.247    

Slack (MET) :             0.255ns  (arrival time - required time)
  Source:                 U1/C2/count_reg[0]/C
                            (rising edge-triggered cell FDCE clocked by U0/clkout0  {rise@0.000ns fall@5.000ns period=10.000ns})
  Destination:            U1/C2/count_reg[1]/D
                            (rising edge-triggered cell FDCE clocked by U0/clkout0  {rise@0.000ns fall@5.000ns period=10.000ns})
  Path Group:             U0/clkout0
  Path Type:              Hold (Min at Fast Process Corner)
  Requirement:            0.000ns  (U0/clkout0 rise@0.000ns - U0/clkout0 rise@0.000ns)
  Data Path Delay:        0.360ns  (logic 0.186ns (51.615%)  route 0.174ns (48.385%))
  Logic Levels:           1  (LUT4=1)
  Clock Path Skew:        0.013ns (DCD - SCD - CPR)
    Destination Clock Delay (DCD):    -0.310ns
    Source Clock Delay      (SCD):    -0.539ns
    Clock Pessimism Removal (CPR):    0.217ns

    Location             Delay type                Incr(ns)  Path(ns)    Netlist Resource(s)
  -------------------------------------------------------------------    -------------------
                         (clock U0/clkout0 rise edge)
                                                      0.000     0.000 r  
    W5                                                0.000     0.000 r  GCLK (IN)
                         net (fo=0)                   0.000     0.000    GCLK
    W5                   IBUF (Prop_ibuf_I_O)         0.226     0.226 r  GCLK_IBUF_inst/O
                         net (fo=1, routed)           0.440     0.667    U0/GCLK
    PLLE2_ADV_X1Y0       PLLE2_ADV (Prop_plle2_adv_CLKIN1_CLKOUT0)
                                                     -2.322    -1.656 r  U0/U0/plle2_adv_inst/CLKOUT0
                         net (fo=1, routed)           0.501    -1.155    U0/U0/clkout0
    BUFGCTRL_X0Y0        BUFG (Prop_bufg_I_O)         0.026    -1.129 r  U0/U0/clkout1_buf/O
                         net (fo=102, routed)         0.590    -0.539    U1/C2/CLK
    SLICE_X62Y16         FDCE                                         r  U1/C2/count_reg[0]/C
  -------------------------------------------------------------------    -------------------
    SLICE_X62Y16         FDCE (Prop_fdce_C_Q)         0.141    -0.398 r  U1/C2/count_reg[0]/Q
                         net (fo=7, routed)           0.174    -0.224    U1/C2/Q[0]
    SLICE_X63Y16         LUT4 (Prop_lut4_I0_O)        0.045    -0.179 r  U1/C2/count[1]_i_1__4/O
                         net (fo=1, routed)           0.000    -0.179    U1/C2/count[1]_i_1__4_n_0
    SLICE_X63Y16         FDCE                                         r  U1/C2/count_reg[1]/D
  -------------------------------------------------------------------    -------------------

                         (clock U0/clkout0 rise edge)
                                                      0.000     0.000 r  
    W5                                                0.000     0.000 r  GCLK (IN)
                         net (fo=0)                   0.000     0.000    GCLK
    W5                   IBUF (Prop_ibuf_I_O)         0.414     0.414 r  GCLK_IBUF_inst/O
                         net (fo=1, routed)           0.481     0.895    U0/GCLK
    PLLE2_ADV_X1Y0       PLLE2_ADV (Prop_plle2_adv_CLKIN1_CLKOUT0)
                                                     -2.638    -1.743 r  U0/U0/plle2_adv_inst/CLKOUT0
                         net (fo=1, routed)           0.546    -1.197    U0/U0/clkout0
    BUFGCTRL_X0Y0        BUFG (Prop_bufg_I_O)         0.029    -1.168 r  U0/U0/clkout1_buf/O
                         net (fo=102, routed)         0.859    -0.310    U1/C2/CLK
    SLICE_X63Y16         FDCE                                         r  U1/C2/count_reg[1]/C
                         clock pessimism             -0.217    -0.526    
    SLICE_X63Y16         FDCE (Hold_fdce_C_D)         0.092    -0.434    U1/C2/count_reg[1]
  -------------------------------------------------------------------
                         required time                          0.434    
                         arrival time                          -0.179    
  -------------------------------------------------------------------
                         slack                                  0.255    

Slack (MET) :             0.258ns  (arrival time - required time)
  Source:                 U2/U12/count_reg[0]/C
                            (rising edge-triggered cell FDRE clocked by U0/clkout0  {rise@0.000ns fall@5.000ns period=10.000ns})
  Destination:            U2/U12/count_reg[3]/D
                            (rising edge-triggered cell FDRE clocked by U0/clkout0  {rise@0.000ns fall@5.000ns period=10.000ns})
  Path Group:             U0/clkout0
  Path Type:              Hold (Min at Fast Process Corner)
  Requirement:            0.000ns  (U0/clkout0 rise@0.000ns - U0/clkout0 rise@0.000ns)
  Data Path Delay:        0.365ns  (logic 0.184ns (50.392%)  route 0.181ns (49.608%))
  Logic Levels:           1  (LUT4=1)
  Clock Path Skew:        0.000ns (DCD - SCD - CPR)
    Destination Clock Delay (DCD):    -0.312ns
    Source Clock Delay      (SCD):    -0.540ns
    Clock Pessimism Removal (CPR):    0.229ns

    Location             Delay type                Incr(ns)  Path(ns)    Netlist Resource(s)
  -------------------------------------------------------------------    -------------------
                         (clock U0/clkout0 rise edge)
                                                      0.000     0.000 r  
    W5                                                0.000     0.000 r  GCLK (IN)
                         net (fo=0)                   0.000     0.000    GCLK
    W5                   IBUF (Prop_ibuf_I_O)         0.226     0.226 r  GCLK_IBUF_inst/O
                         net (fo=1, routed)           0.440     0.667    U0/GCLK
    PLLE2_ADV_X1Y0       PLLE2_ADV (Prop_plle2_adv_CLKIN1_CLKOUT0)
                                                     -2.322    -1.656 r  U0/U0/plle2_adv_inst/CLKOUT0
                         net (fo=1, routed)           0.501    -1.155    U0/U0/clkout0
    BUFGCTRL_X0Y0        BUFG (Prop_bufg_I_O)         0.026    -1.129 r  U0/U0/clkout1_buf/O
                         net (fo=102, routed)         0.589    -0.540    U2/U12/CLK
    SLICE_X61Y16         FDRE                                         r  U2/U12/count_reg[0]/C
  -------------------------------------------------------------------    -------------------
    SLICE_X61Y16         FDRE (Prop_fdre_C_Q)         0.141    -0.399 r  U2/U12/count_reg[0]/Q
                         net (fo=6, routed)           0.181    -0.218    U2/U12/Q[0]
    SLICE_X61Y16         LUT4 (Prop_lut4_I0_O)        0.043    -0.175 r  U2/U12/count[3]_i_2__1/O
                         net (fo=1, routed)           0.000    -0.175    U2/U12/count[3]_i_2__1_n_0
    SLICE_X61Y16         FDRE                                         r  U2/U12/count_reg[3]/D
  -------------------------------------------------------------------    -------------------

                         (clock U0/clkout0 rise edge)
                                                      0.000     0.000 r  
    W5                                                0.000     0.000 r  GCLK (IN)
                         net (fo=0)                   0.000     0.000    GCLK
    W5                   IBUF (Prop_ibuf_I_O)         0.414     0.414 r  GCLK_IBUF_inst/O
                         net (fo=1, routed)           0.481     0.895    U0/GCLK
    PLLE2_ADV_X1Y0       PLLE2_ADV (Prop_plle2_adv_CLKIN1_CLKOUT0)
                                                     -2.638    -1.743 r  U0/U0/plle2_adv_inst/CLKOUT0
                         net (fo=1, routed)           0.546    -1.197    U0/U0/clkout0
    BUFGCTRL_X0Y0        BUFG (Prop_bufg_I_O)         0.029    -1.168 r  U0/U0/clkout1_buf/O
                         net (fo=102, routed)         0.857    -0.312    U2/U12/CLK
    SLICE_X61Y16         FDRE                                         r  U2/U12/count_reg[3]/C
                         clock pessimism             -0.229    -0.540    
    SLICE_X61Y16         FDRE (Hold_fdre_C_D)         0.107    -0.433    U2/U12/count_reg[3]
  -------------------------------------------------------------------
                         required time                          0.433    
                         arrival time                          -0.175    
  -------------------------------------------------------------------
                         slack                                  0.258    

Slack (MET) :             0.260ns  (arrival time - required time)
  Source:                 U4/U0/count_reg[1]/C
                            (rising edge-triggered cell FDRE clocked by U0/clkout0  {rise@0.000ns fall@5.000ns period=10.000ns})
  Destination:            U4/U7/Q_reg[7]/D
                            (rising edge-triggered cell FDRE clocked by U0/clkout0  {rise@0.000ns fall@5.000ns period=10.000ns})
  Path Group:             U0/clkout0
  Path Type:              Hold (Min at Fast Process Corner)
  Requirement:            0.000ns  (U0/clkout0 rise@0.000ns - U0/clkout0 rise@0.000ns)
  Data Path Delay:        0.391ns  (logic 0.251ns (64.227%)  route 0.140ns (35.773%))
  Logic Levels:           1  (LUT4=1)
  Clock Path Skew:        0.000ns (DCD - SCD - CPR)
    Destination Clock Delay (DCD):    -0.310ns
    Source Clock Delay      (SCD):    -0.539ns
    Clock Pessimism Removal (CPR):    0.230ns

    Location             Delay type                Incr(ns)  Path(ns)    Netlist Resource(s)
  -------------------------------------------------------------------    -------------------
                         (clock U0/clkout0 rise edge)
                                                      0.000     0.000 r  
    W5                                                0.000     0.000 r  GCLK (IN)
                         net (fo=0)                   0.000     0.000    GCLK
    W5                   IBUF (Prop_ibuf_I_O)         0.226     0.226 r  GCLK_IBUF_inst/O
                         net (fo=1, routed)           0.440     0.667    U0/GCLK
    PLLE2_ADV_X1Y0       PLLE2_ADV (Prop_plle2_adv_CLKIN1_CLKOUT0)
                                                     -2.322    -1.656 r  U0/U0/plle2_adv_inst/CLKOUT0
                         net (fo=1, routed)           0.501    -1.155    U0/U0/clkout0
    BUFGCTRL_X0Y0        BUFG (Prop_bufg_I_O)         0.026    -1.129 r  U0/U0/clkout1_buf/O
                         net (fo=102, routed)         0.590    -0.539    U4/U0/CLK
    SLICE_X64Y16         FDRE                                         r  U4/U0/count_reg[1]/C
  -------------------------------------------------------------------    -------------------
    SLICE_X64Y16         FDRE (Prop_fdre_C_Q)         0.148    -0.391 f  U4/U0/count_reg[1]/Q
                         net (fo=19, routed)          0.140    -0.252    U4/U0/count_reg[1]_0
    SLICE_X64Y16         LUT4 (Prop_lut4_I0_O)        0.103    -0.149 r  U4/U0/Q[7]_i_1/O
                         net (fo=1, routed)           0.000    -0.149    U4/U7/D[3]
    SLICE_X64Y16         FDRE                                         r  U4/U7/Q_reg[7]/D
  -------------------------------------------------------------------    -------------------

                         (clock U0/clkout0 rise edge)
                                                      0.000     0.000 r  
    W5                                                0.000     0.000 r  GCLK (IN)
                         net (fo=0)                   0.000     0.000    GCLK
    W5                   IBUF (Prop_ibuf_I_O)         0.414     0.414 r  GCLK_IBUF_inst/O
                         net (fo=1, routed)           0.481     0.895    U0/GCLK
    PLLE2_ADV_X1Y0       PLLE2_ADV (Prop_plle2_adv_CLKIN1_CLKOUT0)
                                                     -2.638    -1.743 r  U0/U0/plle2_adv_inst/CLKOUT0
                         net (fo=1, routed)           0.546    -1.197    U0/U0/clkout0
    BUFGCTRL_X0Y0        BUFG (Prop_bufg_I_O)         0.029    -1.168 r  U0/U0/clkout1_buf/O
                         net (fo=102, routed)         0.859    -0.310    U4/U7/CLK
    SLICE_X64Y16         FDRE                                         r  U4/U7/Q_reg[7]/C
                         clock pessimism             -0.230    -0.539    
    SLICE_X64Y16         FDRE (Hold_fdre_C_D)         0.131    -0.408    U4/U7/Q_reg[7]
  -------------------------------------------------------------------
                         required time                          0.408    
                         arrival time                          -0.149    
  -------------------------------------------------------------------
                         slack                                  0.260    

Slack (MET) :             0.264ns  (arrival time - required time)
  Source:                 U2/U11/count_reg[0]/C
                            (rising edge-triggered cell FDRE clocked by U0/clkout0  {rise@0.000ns fall@5.000ns period=10.000ns})
  Destination:            U2/U11/count_reg[1]/D
                            (rising edge-triggered cell FDRE clocked by U0/clkout0  {rise@0.000ns fall@5.000ns period=10.000ns})
  Path Group:             U0/clkout0
  Path Type:              Hold (Min at Fast Process Corner)
  Requirement:            0.000ns  (U0/clkout0 rise@0.000ns - U0/clkout0 rise@0.000ns)
  Data Path Delay:        0.356ns  (logic 0.186ns (52.203%)  route 0.170ns (47.797%))
  Logic Levels:           1  (LUT4=1)
  Clock Path Skew:        0.000ns (DCD - SCD - CPR)
    Destination Clock Delay (DCD):    -0.309ns
    Source Clock Delay      (SCD):    -0.538ns
    Clock Pessimism Removal (CPR):    0.230ns

    Location             Delay type                Incr(ns)  Path(ns)    Netlist Resource(s)
  -------------------------------------------------------------------    -------------------
                         (clock U0/clkout0 rise edge)
                                                      0.000     0.000 r  
    W5                                                0.000     0.000 r  GCLK (IN)
                         net (fo=0)                   0.000     0.000    GCLK
    W5                   IBUF (Prop_ibuf_I_O)         0.226     0.226 r  GCLK_IBUF_inst/O
                         net (fo=1, routed)           0.440     0.667    U0/GCLK
    PLLE2_ADV_X1Y0       PLLE2_ADV (Prop_plle2_adv_CLKIN1_CLKOUT0)
                                                     -2.322    -1.656 r  U0/U0/plle2_adv_inst/CLKOUT0
                         net (fo=1, routed)           0.501    -1.155    U0/U0/clkout0
    BUFGCTRL_X0Y0        BUFG (Prop_bufg_I_O)         0.026    -1.129 r  U0/U0/clkout1_buf/O
                         net (fo=102, routed)         0.591    -0.538    U2/U11/CLK
    SLICE_X63Y15         FDRE                                         r  U2/U11/count_reg[0]/C
  -------------------------------------------------------------------    -------------------
    SLICE_X63Y15         FDRE (Prop_fdre_C_Q)         0.141    -0.397 r  U2/U11/count_reg[0]/Q
                         net (fo=5, routed)           0.170    -0.227    U2/U11/OD[0]
    SLICE_X63Y15         LUT4 (Prop_lut4_I0_O)        0.045    -0.182 r  U2/U11/count[1]_i_1__0/O
                         net (fo=1, routed)           0.000    -0.182    U2/U11/count[1]_i_1__0_n_0
    SLICE_X63Y15         FDRE                                         r  U2/U11/count_reg[1]/D
  -------------------------------------------------------------------    -------------------

                         (clock U0/clkout0 rise edge)
                                                      0.000     0.000 r  
    W5                                                0.000     0.000 r  GCLK (IN)
                         net (fo=0)                   0.000     0.000    GCLK
    W5                   IBUF (Prop_ibuf_I_O)         0.414     0.414 r  GCLK_IBUF_inst/O
                         net (fo=1, routed)           0.481     0.895    U0/GCLK
    PLLE2_ADV_X1Y0       PLLE2_ADV (Prop_plle2_adv_CLKIN1_CLKOUT0)
                                                     -2.638    -1.743 r  U0/U0/plle2_adv_inst/CLKOUT0
                         net (fo=1, routed)           0.546    -1.197    U0/U0/clkout0
    BUFGCTRL_X0Y0        BUFG (Prop_bufg_I_O)         0.029    -1.168 r  U0/U0/clkout1_buf/O
                         net (fo=102, routed)         0.860    -0.309    U2/U11/CLK
    SLICE_X63Y15         FDRE                                         r  U2/U11/count_reg[1]/C
                         clock pessimism             -0.230    -0.538    
    SLICE_X63Y15         FDRE (Hold_fdre_C_D)         0.092    -0.446    U2/U11/count_reg[1]
  -------------------------------------------------------------------
                         required time                          0.446    
                         arrival time                          -0.182    
  -------------------------------------------------------------------
                         slack                                  0.264    

Slack (MET) :             0.266ns  (arrival time - required time)
  Source:                 U4/U0/count_reg[1]/C
                            (rising edge-triggered cell FDRE clocked by U0/clkout0  {rise@0.000ns fall@5.000ns period=10.000ns})
  Destination:            U4/U0/count_reg[2]/D
                            (rising edge-triggered cell FDRE clocked by U0/clkout0  {rise@0.000ns fall@5.000ns period=10.000ns})
  Path Group:             U0/clkout0
  Path Type:              Hold (Min at Fast Process Corner)
  Requirement:            0.000ns  (U0/clkout0 rise@0.000ns - U0/clkout0 rise@0.000ns)
  Data Path Delay:        0.387ns  (logic 0.247ns (63.857%)  route 0.140ns (36.143%))
  Logic Levels:           1  (LUT4=1)
  Clock Path Skew:        0.000ns (DCD - SCD - CPR)
    Destination Clock Delay (DCD):    -0.310ns
    Source Clock Delay      (SCD):    -0.539ns
    Clock Pessimism Removal (CPR):    0.230ns

    Location             Delay type                Incr(ns)  Path(ns)    Netlist Resource(s)
  -------------------------------------------------------------------    -------------------
                         (clock U0/clkout0 rise edge)
                                                      0.000     0.000 r  
    W5                                                0.000     0.000 r  GCLK (IN)
                         net (fo=0)                   0.000     0.000    GCLK
    W5                   IBUF (Prop_ibuf_I_O)         0.226     0.226 r  GCLK_IBUF_inst/O
                         net (fo=1, routed)           0.440     0.667    U0/GCLK
    PLLE2_ADV_X1Y0       PLLE2_ADV (Prop_plle2_adv_CLKIN1_CLKOUT0)
                                                     -2.322    -1.656 r  U0/U0/plle2_adv_inst/CLKOUT0
                         net (fo=1, routed)           0.501    -1.155    U0/U0/clkout0
    BUFGCTRL_X0Y0        BUFG (Prop_bufg_I_O)         0.026    -1.129 r  U0/U0/clkout1_buf/O
                         net (fo=102, routed)         0.590    -0.539    U4/U0/CLK
    SLICE_X64Y16         FDRE                                         r  U4/U0/count_reg[1]/C
  -------------------------------------------------------------------    -------------------
    SLICE_X64Y16         FDRE (Prop_fdre_C_Q)         0.148    -0.391 r  U4/U0/count_reg[1]/Q
                         net (fo=19, routed)          0.140    -0.252    U4/U0/count_reg[1]_0
    SLICE_X64Y16         LUT4 (Prop_lut4_I0_O)        0.099    -0.153 r  U4/U0/count[2]_i_1/O
                         net (fo=1, routed)           0.000    -0.153    U4/U0/count[2]_i_1_n_0
    SLICE_X64Y16         FDRE                                         r  U4/U0/count_reg[2]/D
  -------------------------------------------------------------------    -------------------

                         (clock U0/clkout0 rise edge)
                                                      0.000     0.000 r  
    W5                                                0.000     0.000 r  GCLK (IN)
                         net (fo=0)                   0.000     0.000    GCLK
    W5                   IBUF (Prop_ibuf_I_O)         0.414     0.414 r  GCLK_IBUF_inst/O
                         net (fo=1, routed)           0.481     0.895    U0/GCLK
    PLLE2_ADV_X1Y0       PLLE2_ADV (Prop_plle2_adv_CLKIN1_CLKOUT0)
                                                     -2.638    -1.743 r  U0/U0/plle2_adv_inst/CLKOUT0
                         net (fo=1, routed)           0.546    -1.197    U0/U0/clkout0
    BUFGCTRL_X0Y0        BUFG (Prop_bufg_I_O)         0.029    -1.168 r  U0/U0/clkout1_buf/O
                         net (fo=102, routed)         0.859    -0.310    U4/U0/CLK
    SLICE_X64Y16         FDRE                                         r  U4/U0/count_reg[2]/C
                         clock pessimism             -0.230    -0.539    
    SLICE_X64Y16         FDRE (Hold_fdre_C_D)         0.121    -0.418    U4/U0/count_reg[2]
  -------------------------------------------------------------------
                         required time                          0.418    
                         arrival time                          -0.153    
  -------------------------------------------------------------------
                         slack                                  0.266    





Pulse Width Checks
--------------------------------------------------------------------------------------
Clock Name:         U0/clkout0
Waveform(ns):       { 0.000 5.000 }
Period(ns):         10.000
Sources:            { U0/U0/plle2_adv_inst/CLKOUT0 }

Check Type        Corner  Lib Pin            Reference Pin  Required(ns)  Actual(ns)  Slack(ns)  Location        Pin
Min Period        n/a     BUFG/I             n/a            2.155         10.000      7.845      BUFGCTRL_X0Y0   U0/U0/clkout1_buf/I
Min Period        n/a     PLLE2_ADV/CLKOUT0  n/a            1.249         10.000      8.751      PLLE2_ADV_X1Y0  U0/U0/plle2_adv_inst/CLKOUT0
Min Period        n/a     FDRE/C             n/a            1.000         10.000      9.000      SLICE_X61Y17    U0/U1/T_out/C
Min Period        n/a     FDRE/C             n/a            1.000         10.000      9.000      SLICE_X58Y19    U0/U1/vcount_0/C
Min Period        n/a     FDRE/C             n/a            1.000         10.000      9.000      SLICE_X58Y14    U0/U1/vcount_1/C
Min Period        n/a     FDRE/C             n/a            1.000         10.000      9.000      SLICE_X61Y15    U0/U1/vcount_10/C
Min Period        n/a     FDRE/C             n/a            1.000         10.000      9.000      SLICE_X58Y16    U0/U1/vcount_11/C
Min Period        n/a     FDRE/C             n/a            1.000         10.000      9.000      SLICE_X58Y17    U0/U1/vcount_12/C
Min Period        n/a     FDRE/C             n/a            1.000         10.000      9.000      SLICE_X58Y17    U0/U1/vcount_13/C
Min Period        n/a     FDRE/C             n/a            1.000         10.000      9.000      SLICE_X58Y17    U0/U1/vcount_14/C
Max Period        n/a     PLLE2_ADV/CLKOUT0  n/a            160.000       10.000      150.000    PLLE2_ADV_X1Y0  U0/U0/plle2_adv_inst/CLKOUT0
Low Pulse Width   Slow    FDRE/C             n/a            0.500         5.000       4.500      SLICE_X61Y17    U0/U1/T_out/C
Low Pulse Width   Fast    FDRE/C             n/a            0.500         5.000       4.500      SLICE_X61Y17    U0/U1/T_out/C
Low Pulse Width   Slow    FDRE/C             n/a            0.500         5.000       4.500      SLICE_X58Y19    U0/U1/vcount_0/C
Low Pulse Width   Fast    FDRE/C             n/a            0.500         5.000       4.500      SLICE_X58Y19    U0/U1/vcount_0/C
Low Pulse Width   Slow    FDRE/C             n/a            0.500         5.000       4.500      SLICE_X58Y14    U0/U1/vcount_1/C
Low Pulse Width   Fast    FDRE/C             n/a            0.500         5.000       4.500      SLICE_X58Y14    U0/U1/vcount_1/C
Low Pulse Width   Slow    FDRE/C             n/a            0.500         5.000       4.500      SLICE_X61Y15    U0/U1/vcount_10/C
Low Pulse Width   Fast    FDRE/C             n/a            0.500         5.000       4.500      SLICE_X61Y15    U0/U1/vcount_10/C
Low Pulse Width   Slow    FDRE/C             n/a            0.500         5.000       4.500      SLICE_X58Y16    U0/U1/vcount_11/C
Low Pulse Width   Fast    FDRE/C             n/a            0.500         5.000       4.500      SLICE_X58Y16    U0/U1/vcount_11/C
High Pulse Width  Slow    FDRE/C             n/a            0.500         5.000       4.500      SLICE_X61Y17    U0/U1/T_out/C
High Pulse Width  Fast    FDRE/C             n/a            0.500         5.000       4.500      SLICE_X61Y17    U0/U1/T_out/C
High Pulse Width  Slow    FDRE/C             n/a            0.500         5.000       4.500      SLICE_X58Y19    U0/U1/vcount_0/C
High Pulse Width  Fast    FDRE/C             n/a            0.500         5.000       4.500      SLICE_X58Y19    U0/U1/vcount_0/C
High Pulse Width  Slow    FDRE/C             n/a            0.500         5.000       4.500      SLICE_X58Y14    U0/U1/vcount_1/C
High Pulse Width  Fast    FDRE/C             n/a            0.500         5.000       4.500      SLICE_X58Y14    U0/U1/vcount_1/C
High Pulse Width  Slow    FDRE/C             n/a            0.500         5.000       4.500      SLICE_X61Y15    U0/U1/vcount_10/C
High Pulse Width  Fast    FDRE/C             n/a            0.500         5.000       4.500      SLICE_X61Y15    U0/U1/vcount_10/C
High Pulse Width  Slow    FDRE/C             n/a            0.500         5.000       4.500      SLICE_X58Y16    U0/U1/vcount_11/C
High Pulse Width  Fast    FDRE/C             n/a            0.500         5.000       4.500      SLICE_X58Y16    U0/U1/vcount_11/C



--------------------------------------------------------------------------------------
Path Group:  (none)
From Clock:  
  To Clock:  

Max Delay             4 Endpoints
Min Delay             4 Endpoints
--------------------------------------------------------------------------------------


Max Delay Paths
--------------------------------------------------------------------------------------
Slack:                    inf
  Source:                 TEST
                            (input port)
  Destination:            AN[0]
                            (output port)
  Path Group:             (none)
  Path Type:              Max at Slow Process Corner
  Data Path Delay:        10.958ns  (logic 5.316ns (48.509%)  route 5.642ns (51.491%))
  Logic Levels:           3  (IBUF=1 LUT3=1 OBUF=1)

    Location             Delay type                Incr(ns)  Path(ns)    Netlist Resource(s)
  -------------------------------------------------------------------    -------------------
    V17                                               0.000     0.000 r  TEST (IN)
                         net (fo=0)                   0.000     0.000    TEST
    V17                  IBUF (Prop_ibuf_I_O)         1.453     1.453 r  TEST_IBUF_inst/O
                         net (fo=4, routed)           3.557     5.010    U4/U2/TEST_IBUF
    SLICE_X64Y20         LUT3 (Prop_lut3_I1_O)        0.153     5.163 r  U4/U2/AN_OBUF[0]_inst_i_1/O
                         net (fo=1, routed)           2.085     7.248    AN_OBUF[0]
    U2                   OBUF (Prop_obuf_I_O)         3.710    10.958 r  AN_OBUF[0]_inst/O
                         net (fo=0)                   0.000    10.958    AN[0]
    U2                                                                r  AN[0] (OUT)
  -------------------------------------------------------------------    -------------------

Slack:                    inf
  Source:                 TEST
                            (input port)
  Destination:            AN[1]
                            (output port)
  Path Group:             (none)
  Path Type:              Max at Slow Process Corner
  Data Path Delay:        10.666ns  (logic 5.076ns (47.590%)  route 5.590ns (52.410%))
  Logic Levels:           3  (IBUF=1 LUT3=1 OBUF=1)

    Location             Delay type                Incr(ns)  Path(ns)    Netlist Resource(s)
  -------------------------------------------------------------------    -------------------
    V17                                               0.000     0.000 r  TEST (IN)
                         net (fo=0)                   0.000     0.000    TEST
    V17                  IBUF (Prop_ibuf_I_O)         1.453     1.453 r  TEST_IBUF_inst/O
                         net (fo=4, routed)           3.557     5.010    U4/U2/TEST_IBUF
    SLICE_X64Y20         LUT3 (Prop_lut3_I1_O)        0.124     5.134 r  U4/U2/AN_OBUF[1]_inst_i_1/O
                         net (fo=1, routed)           2.033     7.167    AN_OBUF[1]
    U4                   OBUF (Prop_obuf_I_O)         3.499    10.666 r  AN_OBUF[1]_inst/O
                         net (fo=0)                   0.000    10.666    AN[1]
    U4                                                                r  AN[1] (OUT)
  -------------------------------------------------------------------    -------------------

Slack:                    inf
  Source:                 TEST
                            (input port)
  Destination:            AN[3]
                            (output port)
  Path Group:             (none)
  Path Type:              Max at Slow Process Corner
  Data Path Delay:        10.514ns  (logic 5.315ns (50.555%)  route 5.198ns (49.445%))
  Logic Levels:           3  (IBUF=1 LUT3=1 OBUF=1)

    Location             Delay type                Incr(ns)  Path(ns)    Netlist Resource(s)
  -------------------------------------------------------------------    -------------------
    V17                                               0.000     0.000 r  TEST (IN)
                         net (fo=0)                   0.000     0.000    TEST
    V17                  IBUF (Prop_ibuf_I_O)         1.453     1.453 r  TEST_IBUF_inst/O
                         net (fo=4, routed)           3.291     4.743    U4/U2/TEST_IBUF
    SLICE_X65Y20         LUT3 (Prop_lut3_I1_O)        0.150     4.893 r  U4/U2/AN_OBUF[3]_inst_i_1/O
                         net (fo=1, routed)           1.908     6.801    AN_OBUF[3]
    W4                   OBUF (Prop_obuf_I_O)         3.712    10.514 r  AN_OBUF[3]_inst/O
                         net (fo=0)                   0.000    10.514    AN[3]
    W4                                                                r  AN[3] (OUT)
  -------------------------------------------------------------------    -------------------

Slack:                    inf
  Source:                 TEST
                            (input port)
  Destination:            AN[2]
                            (output port)
  Path Group:             (none)
  Path Type:              Max at Slow Process Corner
  Data Path Delay:        10.300ns  (logic 5.100ns (49.512%)  route 5.200ns (50.488%))
  Logic Levels:           3  (IBUF=1 LUT3=1 OBUF=1)

    Location             Delay type                Incr(ns)  Path(ns)    Netlist Resource(s)
  -------------------------------------------------------------------    -------------------
    V17                                               0.000     0.000 r  TEST (IN)
                         net (fo=0)                   0.000     0.000    TEST
    V17                  IBUF (Prop_ibuf_I_O)         1.453     1.453 r  TEST_IBUF_inst/O
                         net (fo=4, routed)           3.291     4.743    U4/U2/TEST_IBUF
    SLICE_X65Y20         LUT3 (Prop_lut3_I1_O)        0.124     4.867 r  U4/U2/AN_OBUF[2]_inst_i_1/O
                         net (fo=1, routed)           1.910     6.777    AN_OBUF[2]
    V4                   OBUF (Prop_obuf_I_O)         3.523    10.300 r  AN_OBUF[2]_inst/O
                         net (fo=0)                   0.000    10.300    AN[2]
    V4                                                                r  AN[2] (OUT)
  -------------------------------------------------------------------    -------------------





Min Delay Paths
--------------------------------------------------------------------------------------
Slack:                    inf
  Source:                 TEST
                            (input port)
  Destination:            AN[2]
                            (output port)
  Path Group:             (none)
  Path Type:              Min at Fast Process Corner
  Data Path Delay:        3.449ns  (logic 1.490ns (43.195%)  route 1.959ns (56.805%))
  Logic Levels:           3  (IBUF=1 LUT3=1 OBUF=1)

    Location             Delay type                Incr(ns)  Path(ns)    Netlist Resource(s)
  -------------------------------------------------------------------    -------------------
    V17                                               0.000     0.000 r  TEST (IN)
                         net (fo=0)                   0.000     0.000    TEST
    V17                  IBUF (Prop_ibuf_I_O)         0.221     0.221 r  TEST_IBUF_inst/O
                         net (fo=4, routed)           1.509     1.729    U4/U2/TEST_IBUF
    SLICE_X65Y20         LUT3 (Prop_lut3_I1_O)        0.045     1.774 r  U4/U2/AN_OBUF[2]_inst_i_1/O
                         net (fo=1, routed)           0.451     2.225    AN_OBUF[2]
    V4                   OBUF (Prop_obuf_I_O)         1.224     3.449 r  AN_OBUF[2]_inst/O
                         net (fo=0)                   0.000     3.449    AN[2]
    V4                                                                r  AN[2] (OUT)
  -------------------------------------------------------------------    -------------------

Slack:                    inf
  Source:                 TEST
                            (input port)
  Destination:            AN[3]
                            (output port)
  Path Group:             (none)
  Path Type:              Min at Fast Process Corner
  Data Path Delay:        3.491ns  (logic 1.540ns (44.127%)  route 1.950ns (55.873%))
  Logic Levels:           3  (IBUF=1 LUT3=1 OBUF=1)

    Location             Delay type                Incr(ns)  Path(ns)    Netlist Resource(s)
  -------------------------------------------------------------------    -------------------
    V17                                               0.000     0.000 r  TEST (IN)
                         net (fo=0)                   0.000     0.000    TEST
    V17                  IBUF (Prop_ibuf_I_O)         0.221     0.221 r  TEST_IBUF_inst/O
                         net (fo=4, routed)           1.509     1.729    U4/U2/TEST_IBUF
    SLICE_X65Y20         LUT3 (Prop_lut3_I1_O)        0.046     1.775 r  U4/U2/AN_OBUF[3]_inst_i_1/O
                         net (fo=1, routed)           0.442     2.217    AN_OBUF[3]
    W4                   OBUF (Prop_obuf_I_O)         1.273     3.491 r  AN_OBUF[3]_inst/O
                         net (fo=0)                   0.000     3.491    AN[3]
    W4                                                                r  AN[3] (OUT)
  -------------------------------------------------------------------    -------------------

Slack:                    inf
  Source:                 TEST
                            (input port)
  Destination:            AN[1]
                            (output port)
  Path Group:             (none)
  Path Type:              Min at Fast Process Corner
  Data Path Delay:        3.578ns  (logic 1.466ns (40.975%)  route 2.112ns (59.025%))
  Logic Levels:           3  (IBUF=1 LUT3=1 OBUF=1)

    Location             Delay type                Incr(ns)  Path(ns)    Netlist Resource(s)
  -------------------------------------------------------------------    -------------------
    V17                                               0.000     0.000 r  TEST (IN)
                         net (fo=0)                   0.000     0.000    TEST
    V17                  IBUF (Prop_ibuf_I_O)         0.221     0.221 r  TEST_IBUF_inst/O
                         net (fo=4, routed)           1.607     1.828    U4/U2/TEST_IBUF
    SLICE_X64Y20         LUT3 (Prop_lut3_I1_O)        0.045     1.873 r  U4/U2/AN_OBUF[1]_inst_i_1/O
                         net (fo=1, routed)           0.505     2.378    AN_OBUF[1]
    U4                   OBUF (Prop_obuf_I_O)         1.200     3.578 r  AN_OBUF[1]_inst/O
                         net (fo=0)                   0.000     3.578    AN[1]
    U4                                                                r  AN[1] (OUT)
  -------------------------------------------------------------------    -------------------

Slack:                    inf
  Source:                 TEST
                            (input port)
  Destination:            AN[0]
                            (output port)
  Path Group:             (none)
  Path Type:              Min at Fast Process Corner
  Data Path Delay:        3.677ns  (logic 1.536ns (41.769%)  route 2.141ns (58.231%))
  Logic Levels:           3  (IBUF=1 LUT3=1 OBUF=1)

    Location             Delay type                Incr(ns)  Path(ns)    Netlist Resource(s)
  -------------------------------------------------------------------    -------------------
    V17                                               0.000     0.000 r  TEST (IN)
                         net (fo=0)                   0.000     0.000    TEST
    V17                  IBUF (Prop_ibuf_I_O)         0.221     0.221 r  TEST_IBUF_inst/O
                         net (fo=4, routed)           1.607     1.828    U4/U2/TEST_IBUF
    SLICE_X64Y20         LUT3 (Prop_lut3_I1_O)        0.043     1.871 r  U4/U2/AN_OBUF[0]_inst_i_1/O
                         net (fo=1, routed)           0.534     2.405    AN_OBUF[0]
    U2                   OBUF (Prop_obuf_I_O)         1.272     3.677 r  AN_OBUF[0]_inst/O
                         net (fo=0)                   0.000     3.677    AN[0]
    U2                                                                r  AN[0] (OUT)
  -------------------------------------------------------------------    -------------------





--------------------------------------------------------------------------------------
Path Group:  (none)
From Clock:  U0/clkfbout
  To Clock:  

Max Delay             1 Endpoint
Min Delay             1 Endpoint
--------------------------------------------------------------------------------------


Max Delay Paths
--------------------------------------------------------------------------------------
Slack:                    inf
  Source:                 U0/U0/plle2_adv_inst/CLKFBOUT
                            (clock source 'U0/clkfbout'  {rise@0.000ns fall@5.000ns period=10.000ns})
  Destination:            U0/U0/plle2_adv_inst/CLKFBIN
  Path Group:             (none)
  Path Type:              Max at Fast Process Corner
  Data Path Delay:        1.396ns  (logic 0.029ns (2.077%)  route 1.367ns (97.923%))
  Logic Levels:           1  (BUFG=1)
  Clock Uncertainty:      0.168ns  ((TSJ^2 + DJ^2)^1/2) / 2 + PE
    Total System Jitter     (TSJ):    0.050ns
    Discrete Jitter          (DJ):    0.096ns
    Phase Error              (PE):    0.114ns

    Location             Delay type                Incr(ns)  Path(ns)    Netlist Resource(s)
  -------------------------------------------------------------------    -------------------
                         (clock U0/clkfbout fall edge)
                                                      5.000     5.000 f  
    W5                                                0.000     5.000 f  GCLK (IN)
                         net (fo=0)                   0.000     5.000    GCLK
    W5                   IBUF (Prop_ibuf_I_O)         0.414     5.414 f  GCLK_IBUF_inst/O
                         net (fo=1, routed)           0.481     5.895    U0/GCLK
  -------------------------------------------------------------------    -------------------
    PLLE2_ADV_X1Y0       PLLE2_ADV (Prop_plle2_adv_CLKIN1_CLKFBOUT)
                                                     -2.638     3.257 f  U0/U0/plle2_adv_inst/CLKFBOUT
                         net (fo=1, routed)           0.546     3.803    U0/U0/clkfbout
    BUFGCTRL_X0Y1        BUFG (Prop_bufg_I_O)         0.029     3.832 f  U0/U0/clkf_buf/O
                         net (fo=1, routed)           0.822     4.653    U0/U0/clkfbout_buf
    PLLE2_ADV_X1Y0       PLLE2_ADV                                    f  U0/U0/plle2_adv_inst/CLKFBIN
  -------------------------------------------------------------------    -------------------





Min Delay Paths
--------------------------------------------------------------------------------------
Slack:                    inf
  Source:                 U0/U0/plle2_adv_inst/CLKFBOUT
                            (clock source 'U0/clkfbout'  {rise@0.000ns fall@5.000ns period=10.000ns})
  Destination:            U0/U0/plle2_adv_inst/CLKFBIN
  Path Group:             (none)
  Path Type:              Min at Slow Process Corner
  Data Path Delay:        3.146ns  (logic 0.091ns (2.892%)  route 3.055ns (97.108%))
  Logic Levels:           1  (BUFG=1)
  Clock Uncertainty:      0.168ns  ((TSJ^2 + DJ^2)^1/2) / 2 + PE
    Total System Jitter     (TSJ):    0.050ns
    Discrete Jitter          (DJ):    0.096ns
    Phase Error              (PE):    0.114ns

    Location             Delay type                Incr(ns)  Path(ns)    Netlist Resource(s)
  -------------------------------------------------------------------    -------------------
                         (clock U0/clkfbout rise edge)
                                                      0.000     0.000 r  
    W5                                                0.000     0.000 r  GCLK (IN)
                         net (fo=0)                   0.000     0.000    GCLK
    W5                   IBUF (Prop_ibuf_I_O)         1.388     1.388 r  GCLK_IBUF_inst/O
                         net (fo=1, routed)           1.181     2.569    U0/GCLK
  -------------------------------------------------------------------    -------------------
    PLLE2_ADV_X1Y0       PLLE2_ADV (Prop_plle2_adv_CLKIN1_CLKFBOUT)
                                                     -7.750    -5.181 r  U0/U0/plle2_adv_inst/CLKFBOUT
                         net (fo=1, routed)           1.576    -3.604    U0/U0/clkfbout
    BUFGCTRL_X0Y1        BUFG (Prop_bufg_I_O)         0.091    -3.513 r  U0/U0/clkf_buf/O
                         net (fo=1, routed)           1.479    -2.034    U0/U0/clkfbout_buf
    PLLE2_ADV_X1Y0       PLLE2_ADV                                    r  U0/U0/plle2_adv_inst/CLKFBIN
  -------------------------------------------------------------------    -------------------





--------------------------------------------------------------------------------------
Path Group:  (none)
From Clock:  U0/clkout0
  To Clock:  

Max Delay            12 Endpoints
Min Delay            12 Endpoints
--------------------------------------------------------------------------------------


Max Delay Paths
--------------------------------------------------------------------------------------
Slack:                    inf
  Source:                 U4/U2/Q_reg[0]/C
                            (rising edge-triggered cell FDSE clocked by U0/clkout0  {rise@0.000ns fall@5.000ns period=10.000ns})
  Destination:            AN[0]
                            (output port)
  Path Group:             (none)
  Path Type:              Max at Slow Process Corner
  Data Path Delay:        7.310ns  (logic 4.381ns (59.927%)  route 2.929ns (40.073%))
  Logic Levels:           2  (LUT3=1 OBUF=1)
  Clock Uncertainty:      0.190ns  ((TSJ^2 + DJ^2)^1/2) / 2 + PE
    Total System Jitter     (TSJ):    0.050ns
    Discrete Jitter          (DJ):    0.142ns
    Phase Error              (PE):    0.114ns

    Location             Delay type                Incr(ns)  Path(ns)    Netlist Resource(s)
  -------------------------------------------------------------------    -------------------
                         (clock U0/clkout0 rise edge)
                                                      0.000     0.000 r  
    W5                                                0.000     0.000 r  GCLK (IN)
                         net (fo=0)                   0.000     0.000    GCLK
    W5                   IBUF (Prop_ibuf_I_O)         1.458     1.458 r  GCLK_IBUF_inst/O
                         net (fo=1, routed)           1.253     2.711    U0/GCLK
    PLLE2_ADV_X1Y0       PLLE2_ADV (Prop_plle2_adv_CLKIN1_CLKOUT0)
                                                     -8.482    -5.770 r  U0/U0/plle2_adv_inst/CLKOUT0
                         net (fo=1, routed)           1.655    -4.115    U0/U0/clkout0
    BUFGCTRL_X0Y0        BUFG (Prop_bufg_I_O)         0.096    -4.019 r  U0/U0/clkout1_buf/O
                         net (fo=102, routed)         1.625    -2.394    U4/U2/CLK
    SLICE_X64Y20         FDSE                                         r  U4/U2/Q_reg[0]/C
  -------------------------------------------------------------------    -------------------
    SLICE_X64Y20         FDSE (Prop_fdse_C_Q)         0.518    -1.876 r  U4/U2/Q_reg[0]/Q
                         net (fo=1, routed)           0.844    -1.031    U4/U2/an_s[0]
    SLICE_X64Y20         LUT3 (Prop_lut3_I0_O)        0.153    -0.878 r  U4/U2/AN_OBUF[0]_inst_i_1/O
                         net (fo=1, routed)           2.085     1.207    AN_OBUF[0]
    U2                   OBUF (Prop_obuf_I_O)         3.710     4.917 r  AN_OBUF[0]_inst/O
                         net (fo=0)                   0.000     4.917    AN[0]
    U2                                                                r  AN[0] (OUT)
  -------------------------------------------------------------------    -------------------

Slack:                    inf
  Source:                 U4/U2/Q_reg[1]/C
                            (rising edge-triggered cell FDSE clocked by U0/clkout0  {rise@0.000ns fall@5.000ns period=10.000ns})
  Destination:            AN[1]
                            (output port)
  Path Group:             (none)
  Path Type:              Max at Slow Process Corner
  Data Path Delay:        7.033ns  (logic 4.141ns (58.878%)  route 2.892ns (41.122%))
  Logic Levels:           2  (LUT3=1 OBUF=1)
  Clock Uncertainty:      0.190ns  ((TSJ^2 + DJ^2)^1/2) / 2 + PE
    Total System Jitter     (TSJ):    0.050ns
    Discrete Jitter          (DJ):    0.142ns
    Phase Error              (PE):    0.114ns

    Location             Delay type                Incr(ns)  Path(ns)    Netlist Resource(s)
  -------------------------------------------------------------------    -------------------
                         (clock U0/clkout0 rise edge)
                                                      0.000     0.000 r  
    W5                                                0.000     0.000 r  GCLK (IN)
                         net (fo=0)                   0.000     0.000    GCLK
    W5                   IBUF (Prop_ibuf_I_O)         1.458     1.458 r  GCLK_IBUF_inst/O
                         net (fo=1, routed)           1.253     2.711    U0/GCLK
    PLLE2_ADV_X1Y0       PLLE2_ADV (Prop_plle2_adv_CLKIN1_CLKOUT0)
                                                     -8.482    -5.770 r  U0/U0/plle2_adv_inst/CLKOUT0
                         net (fo=1, routed)           1.655    -4.115    U0/U0/clkout0
    BUFGCTRL_X0Y0        BUFG (Prop_bufg_I_O)         0.096    -4.019 r  U0/U0/clkout1_buf/O
                         net (fo=102, routed)         1.625    -2.394    U4/U2/CLK
    SLICE_X64Y20         FDSE                                         r  U4/U2/Q_reg[1]/C
  -------------------------------------------------------------------    -------------------
    SLICE_X64Y20         FDSE (Prop_fdse_C_Q)         0.518    -1.876 r  U4/U2/Q_reg[1]/Q
                         net (fo=1, routed)           0.859    -1.016    U4/U2/an_s[1]
    SLICE_X64Y20         LUT3 (Prop_lut3_I0_O)        0.124    -0.892 r  U4/U2/AN_OBUF[1]_inst_i_1/O
                         net (fo=1, routed)           2.033     1.141    AN_OBUF[1]
    U4                   OBUF (Prop_obuf_I_O)         3.499     4.640 r  AN_OBUF[1]_inst/O
                         net (fo=0)                   0.000     4.640    AN[1]
    U4                                                                r  AN[1] (OUT)
  -------------------------------------------------------------------    -------------------

Slack:                    inf
  Source:                 U4/U2/Q_reg[3]/C
                            (rising edge-triggered cell FDRE clocked by U0/clkout0  {rise@0.000ns fall@5.000ns period=10.000ns})
  Destination:            AN[3]
                            (output port)
  Path Group:             (none)
  Path Type:              Max at Slow Process Corner
  Data Path Delay:        7.032ns  (logic 4.455ns (63.361%)  route 2.576ns (36.639%))
  Logic Levels:           2  (LUT3=1 OBUF=1)
  Clock Uncertainty:      0.190ns  ((TSJ^2 + DJ^2)^1/2) / 2 + PE
    Total System Jitter     (TSJ):    0.050ns
    Discrete Jitter          (DJ):    0.142ns
    Phase Error              (PE):    0.114ns

    Location             Delay type                Incr(ns)  Path(ns)    Netlist Resource(s)
  -------------------------------------------------------------------    -------------------
                         (clock U0/clkout0 rise edge)
                                                      0.000     0.000 r  
    W5                                                0.000     0.000 r  GCLK (IN)
                         net (fo=0)                   0.000     0.000    GCLK
    W5                   IBUF (Prop_ibuf_I_O)         1.458     1.458 r  GCLK_IBUF_inst/O
                         net (fo=1, routed)           1.253     2.711    U0/GCLK
    PLLE2_ADV_X1Y0       PLLE2_ADV (Prop_plle2_adv_CLKIN1_CLKOUT0)
                                                     -8.482    -5.770 r  U0/U0/plle2_adv_inst/CLKOUT0
                         net (fo=1, routed)           1.655    -4.115    U0/U0/clkout0
    BUFGCTRL_X0Y0        BUFG (Prop_bufg_I_O)         0.096    -4.019 r  U0/U0/clkout1_buf/O
                         net (fo=102, routed)         1.625    -2.394    U4/U2/CLK
    SLICE_X65Y20         FDRE                                         r  U4/U2/Q_reg[3]/C
  -------------------------------------------------------------------    -------------------
    SLICE_X65Y20         FDRE (Prop_fdre_C_Q)         0.419    -1.975 r  U4/U2/Q_reg[3]/Q
                         net (fo=1, routed)           0.669    -1.306    U4/U2/an_s[3]
    SLICE_X65Y20         LUT3 (Prop_lut3_I0_O)        0.324    -0.982 r  U4/U2/AN_OBUF[3]_inst_i_1/O
                         net (fo=1, routed)           1.908     0.926    AN_OBUF[3]
    W4                   OBUF (Prop_obuf_I_O)         3.712     4.638 r  AN_OBUF[3]_inst/O
                         net (fo=0)                   0.000     4.638    AN[3]
    W4                                                                r  AN[3] (OUT)
  -------------------------------------------------------------------    -------------------

Slack:                    inf
  Source:                 U4/U2/Q_reg[2]/C
                            (rising edge-triggered cell FDRE clocked by U0/clkout0  {rise@0.000ns fall@5.000ns period=10.000ns})
  Destination:            AN[2]
                            (output port)
  Path Group:             (none)
  Path Type:              Max at Slow Process Corner
  Data Path Delay:        6.669ns  (logic 4.103ns (61.524%)  route 2.566ns (38.476%))
  Logic Levels:           2  (LUT3=1 OBUF=1)
  Clock Uncertainty:      0.190ns  ((TSJ^2 + DJ^2)^1/2) / 2 + PE
    Total System Jitter     (TSJ):    0.050ns
    Discrete Jitter          (DJ):    0.142ns
    Phase Error              (PE):    0.114ns

    Location             Delay type                Incr(ns)  Path(ns)    Netlist Resource(s)
  -------------------------------------------------------------------    -------------------
                         (clock U0/clkout0 rise edge)
                                                      0.000     0.000 r  
    W5                                                0.000     0.000 r  GCLK (IN)
                         net (fo=0)                   0.000     0.000    GCLK
    W5                   IBUF (Prop_ibuf_I_O)         1.458     1.458 r  GCLK_IBUF_inst/O
                         net (fo=1, routed)           1.253     2.711    U0/GCLK
    PLLE2_ADV_X1Y0       PLLE2_ADV (Prop_plle2_adv_CLKIN1_CLKOUT0)
                                                     -8.482    -5.770 r  U0/U0/plle2_adv_inst/CLKOUT0
                         net (fo=1, routed)           1.655    -4.115    U0/U0/clkout0
    BUFGCTRL_X0Y0        BUFG (Prop_bufg_I_O)         0.096    -4.019 r  U0/U0/clkout1_buf/O
                         net (fo=102, routed)         1.625    -2.394    U4/U2/CLK
    SLICE_X65Y20         FDRE                                         r  U4/U2/Q_reg[2]/C
  -------------------------------------------------------------------    -------------------
    SLICE_X65Y20         FDRE (Prop_fdre_C_Q)         0.456    -1.938 r  U4/U2/Q_reg[2]/Q
                         net (fo=1, routed)           0.656    -1.281    U4/U2/an_s[2]
    SLICE_X65Y20         LUT3 (Prop_lut3_I0_O)        0.124    -1.157 r  U4/U2/AN_OBUF[2]_inst_i_1/O
                         net (fo=1, routed)           1.910     0.752    AN_OBUF[2]
    V4                   OBUF (Prop_obuf_I_O)         3.523     4.275 r  AN_OBUF[2]_inst/O
                         net (fo=0)                   0.000     4.275    AN[2]
    V4                                                                r  AN[2] (OUT)
  -------------------------------------------------------------------    -------------------

Slack:                    inf
  Source:                 U4/U7/Q_reg[6]/C
                            (rising edge-triggered cell FDRE clocked by U0/clkout0  {rise@0.000ns fall@5.000ns period=10.000ns})
  Destination:            LEDS[6]
                            (output port)
  Path Group:             (none)
  Path Type:              Max at Slow Process Corner
  Data Path Delay:        6.203ns  (logic 4.186ns (67.490%)  route 2.017ns (32.510%))
  Logic Levels:           1  (OBUF=1)
  Clock Uncertainty:      0.190ns  ((TSJ^2 + DJ^2)^1/2) / 2 + PE
    Total System Jitter     (TSJ):    0.050ns
    Discrete Jitter          (DJ):    0.142ns
    Phase Error              (PE):    0.114ns

    Location             Delay type                Incr(ns)  Path(ns)    Netlist Resource(s)
  -------------------------------------------------------------------    -------------------
                         (clock U0/clkout0 rise edge)
                                                      0.000     0.000 r  
    W5                                                0.000     0.000 r  GCLK (IN)
                         net (fo=0)                   0.000     0.000    GCLK
    W5                   IBUF (Prop_ibuf_I_O)         1.458     1.458 r  GCLK_IBUF_inst/O
                         net (fo=1, routed)           1.253     2.711    U0/GCLK
    PLLE2_ADV_X1Y0       PLLE2_ADV (Prop_plle2_adv_CLKIN1_CLKOUT0)
                                                     -8.482    -5.770 r  U0/U0/plle2_adv_inst/CLKOUT0
                         net (fo=1, routed)           1.655    -4.115    U0/U0/clkout0
    BUFGCTRL_X0Y0        BUFG (Prop_bufg_I_O)         0.096    -4.019 r  U0/U0/clkout1_buf/O
                         net (fo=102, routed)         1.626    -2.393    U4/U7/CLK
    SLICE_X64Y19         FDRE                                         r  U4/U7/Q_reg[6]/C
  -------------------------------------------------------------------    -------------------
    SLICE_X64Y19         FDRE (Prop_fdre_C_Q)         0.478    -1.915 r  U4/U7/Q_reg[6]/Q
                         net (fo=1, routed)           2.017     0.102    LEDS_OBUF[6]
    U7                   OBUF (Prop_obuf_I_O)         3.708     3.811 r  LEDS_OBUF[6]_inst/O
                         net (fo=0)                   0.000     3.811    LEDS[6]
    U7                                                                r  LEDS[6] (OUT)
  -------------------------------------------------------------------    -------------------

Slack:                    inf
  Source:                 U4/U7/Q_reg[7]/C
                            (rising edge-triggered cell FDRE clocked by U0/clkout0  {rise@0.000ns fall@5.000ns period=10.000ns})
  Destination:            LEDS[7]
                            (output port)
  Path Group:             (none)
  Path Type:              Max at Slow Process Corner
  Data Path Delay:        6.005ns  (logic 4.148ns (69.072%)  route 1.857ns (30.928%))
  Logic Levels:           1  (OBUF=1)
  Clock Uncertainty:      0.190ns  ((TSJ^2 + DJ^2)^1/2) / 2 + PE
    Total System Jitter     (TSJ):    0.050ns
    Discrete Jitter          (DJ):    0.142ns
    Phase Error              (PE):    0.114ns

    Location             Delay type                Incr(ns)  Path(ns)    Netlist Resource(s)
  -------------------------------------------------------------------    -------------------
                         (clock U0/clkout0 rise edge)
                                                      0.000     0.000 r  
    W5                                                0.000     0.000 r  GCLK (IN)
                         net (fo=0)                   0.000     0.000    GCLK
    W5                   IBUF (Prop_ibuf_I_O)         1.458     1.458 r  GCLK_IBUF_inst/O
                         net (fo=1, routed)           1.253     2.711    U0/GCLK
    PLLE2_ADV_X1Y0       PLLE2_ADV (Prop_plle2_adv_CLKIN1_CLKOUT0)
                                                     -8.482    -5.770 r  U0/U0/plle2_adv_inst/CLKOUT0
                         net (fo=1, routed)           1.655    -4.115    U0/U0/clkout0
    BUFGCTRL_X0Y0        BUFG (Prop_bufg_I_O)         0.096    -4.019 r  U0/U0/clkout1_buf/O
                         net (fo=102, routed)         1.630    -2.389    U4/U7/CLK
    SLICE_X64Y16         FDRE                                         r  U4/U7/Q_reg[7]/C
  -------------------------------------------------------------------    -------------------
    SLICE_X64Y16         FDRE (Prop_fdre_C_Q)         0.478    -1.911 r  U4/U7/Q_reg[7]/Q
                         net (fo=1, routed)           1.857    -0.053    LEDS_OBUF[7]
    V7                   OBUF (Prop_obuf_I_O)         3.670     3.616 r  LEDS_OBUF[7]_inst/O
                         net (fo=0)                   0.000     3.616    LEDS[7]
    V7                                                                r  LEDS[7] (OUT)
  -------------------------------------------------------------------    -------------------

Slack:                    inf
  Source:                 U4/U7/Q_reg[0]/C
                            (rising edge-triggered cell FDRE clocked by U0/clkout0  {rise@0.000ns fall@5.000ns period=10.000ns})
  Destination:            LEDS[0]
                            (output port)
  Path Group:             (none)
  Path Type:              Max at Slow Process Corner
  Data Path Delay:        5.952ns  (logic 4.029ns (67.689%)  route 1.923ns (32.311%))
  Logic Levels:           1  (OBUF=1)
  Clock Uncertainty:      0.190ns  ((TSJ^2 + DJ^2)^1/2) / 2 + PE
    Total System Jitter     (TSJ):    0.050ns
    Discrete Jitter          (DJ):    0.142ns
    Phase Error              (PE):    0.114ns

    Location             Delay type                Incr(ns)  Path(ns)    Netlist Resource(s)
  -------------------------------------------------------------------    -------------------
                         (clock U0/clkout0 rise edge)
                                                      0.000     0.000 r  
    W5                                                0.000     0.000 r  GCLK (IN)
                         net (fo=0)                   0.000     0.000    GCLK
    W5                   IBUF (Prop_ibuf_I_O)         1.458     1.458 r  GCLK_IBUF_inst/O
                         net (fo=1, routed)           1.253     2.711    U0/GCLK
    PLLE2_ADV_X1Y0       PLLE2_ADV (Prop_plle2_adv_CLKIN1_CLKOUT0)
                                                     -8.482    -5.770 r  U0/U0/plle2_adv_inst/CLKOUT0
                         net (fo=1, routed)           1.655    -4.115    U0/U0/clkout0
    BUFGCTRL_X0Y0        BUFG (Prop_bufg_I_O)         0.096    -4.019 r  U0/U0/clkout1_buf/O
                         net (fo=102, routed)         1.626    -2.393    U4/U7/CLK
    SLICE_X64Y19         FDRE                                         r  U4/U7/Q_reg[0]/C
  -------------------------------------------------------------------    -------------------
    SLICE_X64Y19         FDRE (Prop_fdre_C_Q)         0.518    -1.875 r  U4/U7/Q_reg[0]/Q
                         net (fo=1, routed)           1.923     0.049    LEDS_OBUF[0]
    W7                   OBUF (Prop_obuf_I_O)         3.511     3.559 r  LEDS_OBUF[0]_inst/O
                         net (fo=0)                   0.000     3.559    LEDS[0]
    W7                                                                r  LEDS[0] (OUT)
  -------------------------------------------------------------------    -------------------

Slack:                    inf
  Source:                 U4/U7/Q_reg[2]/C
                            (rising edge-triggered cell FDRE clocked by U0/clkout0  {rise@0.000ns fall@5.000ns period=10.000ns})
  Destination:            LEDS[2]
                            (output port)
  Path Group:             (none)
  Path Type:              Max at Slow Process Corner
  Data Path Delay:        5.937ns  (logic 4.129ns (69.553%)  route 1.808ns (30.447%))
  Logic Levels:           1  (OBUF=1)
  Clock Uncertainty:      0.190ns  ((TSJ^2 + DJ^2)^1/2) / 2 + PE
    Total System Jitter     (TSJ):    0.050ns
    Discrete Jitter          (DJ):    0.142ns
    Phase Error              (PE):    0.114ns

    Location             Delay type                Incr(ns)  Path(ns)    Netlist Resource(s)
  -------------------------------------------------------------------    -------------------
                         (clock U0/clkout0 rise edge)
                                                      0.000     0.000 r  
    W5                                                0.000     0.000 r  GCLK (IN)
                         net (fo=0)                   0.000     0.000    GCLK
    W5                   IBUF (Prop_ibuf_I_O)         1.458     1.458 r  GCLK_IBUF_inst/O
                         net (fo=1, routed)           1.253     2.711    U0/GCLK
    PLLE2_ADV_X1Y0       PLLE2_ADV (Prop_plle2_adv_CLKIN1_CLKOUT0)
                                                     -8.482    -5.770 r  U0/U0/plle2_adv_inst/CLKOUT0
                         net (fo=1, routed)           1.655    -4.115    U0/U0/clkout0
    BUFGCTRL_X0Y0        BUFG (Prop_bufg_I_O)         0.096    -4.019 r  U0/U0/clkout1_buf/O
                         net (fo=102, routed)         1.626    -2.393    U4/U7/CLK
    SLICE_X65Y19         FDRE                                         r  U4/U7/Q_reg[2]/C
  -------------------------------------------------------------------    -------------------
    SLICE_X65Y19         FDRE (Prop_fdre_C_Q)         0.419    -1.974 r  U4/U7/Q_reg[2]/Q
                         net (fo=1, routed)           1.808    -0.166    LEDS_OBUF[2]
    U8                   OBUF (Prop_obuf_I_O)         3.710     3.544 r  LEDS_OBUF[2]_inst/O
                         net (fo=0)                   0.000     3.544    LEDS[2]
    U8                                                                r  LEDS[2] (OUT)
  -------------------------------------------------------------------    -------------------

Slack:                    inf
  Source:                 U4/U7/Q_reg[1]/C
                            (rising edge-triggered cell FDRE clocked by U0/clkout0  {rise@0.000ns fall@5.000ns period=10.000ns})
  Destination:            LEDS[1]
                            (output port)
  Path Group:             (none)
  Path Type:              Max at Slow Process Corner
  Data Path Delay:        5.846ns  (logic 3.985ns (68.173%)  route 1.860ns (31.827%))
  Logic Levels:           1  (OBUF=1)
  Clock Uncertainty:      0.190ns  ((TSJ^2 + DJ^2)^1/2) / 2 + PE
    Total System Jitter     (TSJ):    0.050ns
    Discrete Jitter          (DJ):    0.142ns
    Phase Error              (PE):    0.114ns

    Location             Delay type                Incr(ns)  Path(ns)    Netlist Resource(s)
  -------------------------------------------------------------------    -------------------
                         (clock U0/clkout0 rise edge)
                                                      0.000     0.000 r  
    W5                                                0.000     0.000 r  GCLK (IN)
                         net (fo=0)                   0.000     0.000    GCLK
    W5                   IBUF (Prop_ibuf_I_O)         1.458     1.458 r  GCLK_IBUF_inst/O
                         net (fo=1, routed)           1.253     2.711    U0/GCLK
    PLLE2_ADV_X1Y0       PLLE2_ADV (Prop_plle2_adv_CLKIN1_CLKOUT0)
                                                     -8.482    -5.770 r  U0/U0/plle2_adv_inst/CLKOUT0
                         net (fo=1, routed)           1.655    -4.115    U0/U0/clkout0
    BUFGCTRL_X0Y0        BUFG (Prop_bufg_I_O)         0.096    -4.019 r  U0/U0/clkout1_buf/O
                         net (fo=102, routed)         1.626    -2.393    U4/U7/CLK
    SLICE_X65Y19         FDRE                                         r  U4/U7/Q_reg[1]/C
  -------------------------------------------------------------------    -------------------
    SLICE_X65Y19         FDRE (Prop_fdre_C_Q)         0.456    -1.937 r  U4/U7/Q_reg[1]/Q
                         net (fo=1, routed)           1.860    -0.076    LEDS_OBUF[1]
    W6                   OBUF (Prop_obuf_I_O)         3.529     3.453 r  LEDS_OBUF[1]_inst/O
                         net (fo=0)                   0.000     3.453    LEDS[1]
    W6                                                                r  LEDS[1] (OUT)
  -------------------------------------------------------------------    -------------------

Slack:                    inf
  Source:                 U4/U7/Q_reg[5]/C
                            (rising edge-triggered cell FDRE clocked by U0/clkout0  {rise@0.000ns fall@5.000ns period=10.000ns})
  Destination:            LEDS[5]
                            (output port)
  Path Group:             (none)
  Path Type:              Max at Slow Process Corner
  Data Path Delay:        5.845ns  (logic 4.022ns (68.820%)  route 1.822ns (31.180%))
  Logic Levels:           1  (OBUF=1)
  Clock Uncertainty:      0.190ns  ((TSJ^2 + DJ^2)^1/2) / 2 + PE
    Total System Jitter     (TSJ):    0.050ns
    Discrete Jitter          (DJ):    0.142ns
    Phase Error              (PE):    0.114ns

    Location             Delay type                Incr(ns)  Path(ns)    Netlist Resource(s)
  -------------------------------------------------------------------    -------------------
                         (clock U0/clkout0 rise edge)
                                                      0.000     0.000 r  
    W5                                                0.000     0.000 r  GCLK (IN)
                         net (fo=0)                   0.000     0.000    GCLK
    W5                   IBUF (Prop_ibuf_I_O)         1.458     1.458 r  GCLK_IBUF_inst/O
                         net (fo=1, routed)           1.253     2.711    U0/GCLK
    PLLE2_ADV_X1Y0       PLLE2_ADV (Prop_plle2_adv_CLKIN1_CLKOUT0)
                                                     -8.482    -5.770 r  U0/U0/plle2_adv_inst/CLKOUT0
                         net (fo=1, routed)           1.655    -4.115    U0/U0/clkout0
    BUFGCTRL_X0Y0        BUFG (Prop_bufg_I_O)         0.096    -4.019 r  U0/U0/clkout1_buf/O
                         net (fo=102, routed)         1.626    -2.393    U4/U7/CLK
    SLICE_X64Y19         FDRE                                         r  U4/U7/Q_reg[5]/C
  -------------------------------------------------------------------    -------------------
    SLICE_X64Y19         FDRE (Prop_fdre_C_Q)         0.518    -1.875 r  U4/U7/Q_reg[5]/Q
                         net (fo=1, routed)           1.822    -0.052    LEDS_OBUF[5]
    V5                   OBUF (Prop_obuf_I_O)         3.504     3.452 r  LEDS_OBUF[5]_inst/O
                         net (fo=0)                   0.000     3.452    LEDS[5]
    V5                                                                r  LEDS[5] (OUT)
  -------------------------------------------------------------------    -------------------





Min Delay Paths
--------------------------------------------------------------------------------------
Slack:                    inf
  Source:                 U4/U7/Q_reg[4]/C
                            (rising edge-triggered cell FDRE clocked by U0/clkout0  {rise@0.000ns fall@5.000ns period=10.000ns})
  Destination:            LEDS[4]
                            (output port)
  Path Group:             (none)
  Path Type:              Min at Fast Process Corner
  Data Path Delay:        1.690ns  (logic 1.362ns (80.589%)  route 0.328ns (19.411%))
  Logic Levels:           1  (OBUF=1)
  Clock Uncertainty:      0.190ns  ((TSJ^2 + DJ^2)^1/2) / 2 + PE
    Total System Jitter     (TSJ):    0.050ns
    Discrete Jitter          (DJ):    0.142ns
    Phase Error              (PE):    0.114ns

    Location             Delay type                Incr(ns)  Path(ns)    Netlist Resource(s)
  -------------------------------------------------------------------    -------------------
                         (clock U0/clkout0 rise edge)
                                                      0.000     0.000 r  
    W5                                                0.000     0.000 r  GCLK (IN)
                         net (fo=0)                   0.000     0.000    GCLK
    W5                   IBUF (Prop_ibuf_I_O)         0.226     0.226 r  GCLK_IBUF_inst/O
                         net (fo=1, routed)           0.440     0.667    U0/GCLK
    PLLE2_ADV_X1Y0       PLLE2_ADV (Prop_plle2_adv_CLKIN1_CLKOUT0)
                                                     -2.322    -1.656 r  U0/U0/plle2_adv_inst/CLKOUT0
                         net (fo=1, routed)           0.501    -1.155    U0/U0/clkout0
    BUFGCTRL_X0Y0        BUFG (Prop_bufg_I_O)         0.026    -1.129 r  U0/U0/clkout1_buf/O
                         net (fo=102, routed)         0.589    -0.540    U4/U7/CLK
    SLICE_X65Y17         FDRE                                         r  U4/U7/Q_reg[4]/C
  -------------------------------------------------------------------    -------------------
    SLICE_X65Y17         FDRE (Prop_fdre_C_Q)         0.141    -0.399 r  U4/U7/Q_reg[4]/Q
                         net (fo=1, routed)           0.328    -0.071    LEDS_OBUF[4]
    U5                   OBUF (Prop_obuf_I_O)         1.221     1.150 r  LEDS_OBUF[4]_inst/O
                         net (fo=0)                   0.000     1.150    LEDS[4]
    U5                                                                r  LEDS[4] (OUT)
  -------------------------------------------------------------------    -------------------

Slack:                    inf
  Source:                 U4/U7/Q_reg[5]/C
                            (rising edge-triggered cell FDRE clocked by U0/clkout0  {rise@0.000ns fall@5.000ns period=10.000ns})
  Destination:            LEDS[5]
                            (output port)
  Path Group:             (none)
  Path Type:              Min at Fast Process Corner
  Data Path Delay:        1.739ns  (logic 1.370ns (78.755%)  route 0.369ns (21.245%))
  Logic Levels:           1  (OBUF=1)
  Clock Uncertainty:      0.190ns  ((TSJ^2 + DJ^2)^1/2) / 2 + PE
    Total System Jitter     (TSJ):    0.050ns
    Discrete Jitter          (DJ):    0.142ns
    Phase Error              (PE):    0.114ns

    Location             Delay type                Incr(ns)  Path(ns)    Netlist Resource(s)
  -------------------------------------------------------------------    -------------------
                         (clock U0/clkout0 rise edge)
                                                      0.000     0.000 r  
    W5                                                0.000     0.000 r  GCLK (IN)
                         net (fo=0)                   0.000     0.000    GCLK
    W5                   IBUF (Prop_ibuf_I_O)         0.226     0.226 r  GCLK_IBUF_inst/O
                         net (fo=1, routed)           0.440     0.667    U0/GCLK
    PLLE2_ADV_X1Y0       PLLE2_ADV (Prop_plle2_adv_CLKIN1_CLKOUT0)
                                                     -2.322    -1.656 r  U0/U0/plle2_adv_inst/CLKOUT0
                         net (fo=1, routed)           0.501    -1.155    U0/U0/clkout0
    BUFGCTRL_X0Y0        BUFG (Prop_bufg_I_O)         0.026    -1.129 r  U0/U0/clkout1_buf/O
                         net (fo=102, routed)         0.587    -0.542    U4/U7/CLK
    SLICE_X64Y19         FDRE                                         r  U4/U7/Q_reg[5]/C
  -------------------------------------------------------------------    -------------------
    SLICE_X64Y19         FDRE (Prop_fdre_C_Q)         0.164    -0.378 r  U4/U7/Q_reg[5]/Q
                         net (fo=1, routed)           0.369    -0.009    LEDS_OBUF[5]
    V5                   OBUF (Prop_obuf_I_O)         1.206     1.197 r  LEDS_OBUF[5]_inst/O
                         net (fo=0)                   0.000     1.197    LEDS[5]
    V5                                                                r  LEDS[5] (OUT)
  -------------------------------------------------------------------    -------------------

Slack:                    inf
  Source:                 U4/U7/Q_reg[3]/C
                            (rising edge-triggered cell FDRE clocked by U0/clkout0  {rise@0.000ns fall@5.000ns period=10.000ns})
  Destination:            LEDS[3]
                            (output port)
  Path Group:             (none)
  Path Type:              Min at Fast Process Corner
  Data Path Delay:        1.741ns  (logic 1.400ns (80.418%)  route 0.341ns (19.582%))
  Logic Levels:           1  (OBUF=1)
  Clock Uncertainty:      0.190ns  ((TSJ^2 + DJ^2)^1/2) / 2 + PE
    Total System Jitter     (TSJ):    0.050ns
    Discrete Jitter          (DJ):    0.142ns
    Phase Error              (PE):    0.114ns

    Location             Delay type                Incr(ns)  Path(ns)    Netlist Resource(s)
  -------------------------------------------------------------------    -------------------
                         (clock U0/clkout0 rise edge)
                                                      0.000     0.000 r  
    W5                                                0.000     0.000 r  GCLK (IN)
                         net (fo=0)                   0.000     0.000    GCLK
    W5                   IBUF (Prop_ibuf_I_O)         0.226     0.226 r  GCLK_IBUF_inst/O
                         net (fo=1, routed)           0.440     0.667    U0/GCLK
    PLLE2_ADV_X1Y0       PLLE2_ADV (Prop_plle2_adv_CLKIN1_CLKOUT0)
                                                     -2.322    -1.656 r  U0/U0/plle2_adv_inst/CLKOUT0
                         net (fo=1, routed)           0.501    -1.155    U0/U0/clkout0
    BUFGCTRL_X0Y0        BUFG (Prop_bufg_I_O)         0.026    -1.129 r  U0/U0/clkout1_buf/O
                         net (fo=102, routed)         0.587    -0.542    U4/U7/CLK
    SLICE_X64Y19         FDRE                                         r  U4/U7/Q_reg[3]/C
  -------------------------------------------------------------------    -------------------
    SLICE_X64Y19         FDRE (Prop_fdre_C_Q)         0.164    -0.378 r  U4/U7/Q_reg[3]/Q
                         net (fo=1, routed)           0.341    -0.037    LEDS_OBUF[3]
    V8                   OBUF (Prop_obuf_I_O)         1.236     1.199 r  LEDS_OBUF[3]_inst/O
                         net (fo=0)                   0.000     1.199    LEDS[3]
    V8                                                                r  LEDS[3] (OUT)
  -------------------------------------------------------------------    -------------------

Slack:                    inf
  Source:                 U4/U7/Q_reg[1]/C
                            (rising edge-triggered cell FDRE clocked by U0/clkout0  {rise@0.000ns fall@5.000ns period=10.000ns})
  Destination:            LEDS[1]
                            (output port)
  Path Group:             (none)
  Path Type:              Min at Fast Process Corner
  Data Path Delay:        1.785ns  (logic 1.371ns (76.830%)  route 0.413ns (23.170%))
  Logic Levels:           1  (OBUF=1)
  Clock Uncertainty:      0.190ns  ((TSJ^2 + DJ^2)^1/2) / 2 + PE
    Total System Jitter     (TSJ):    0.050ns
    Discrete Jitter          (DJ):    0.142ns
    Phase Error              (PE):    0.114ns

    Location             Delay type                Incr(ns)  Path(ns)    Netlist Resource(s)
  -------------------------------------------------------------------    -------------------
                         (clock U0/clkout0 rise edge)
                                                      0.000     0.000 r  
    W5                                                0.000     0.000 r  GCLK (IN)
                         net (fo=0)                   0.000     0.000    GCLK
    W5                   IBUF (Prop_ibuf_I_O)         0.226     0.226 r  GCLK_IBUF_inst/O
                         net (fo=1, routed)           0.440     0.667    U0/GCLK
    PLLE2_ADV_X1Y0       PLLE2_ADV (Prop_plle2_adv_CLKIN1_CLKOUT0)
                                                     -2.322    -1.656 r  U0/U0/plle2_adv_inst/CLKOUT0
                         net (fo=1, routed)           0.501    -1.155    U0/U0/clkout0
    BUFGCTRL_X0Y0        BUFG (Prop_bufg_I_O)         0.026    -1.129 r  U0/U0/clkout1_buf/O
                         net (fo=102, routed)         0.587    -0.542    U4/U7/CLK
    SLICE_X65Y19         FDRE                                         r  U4/U7/Q_reg[1]/C
  -------------------------------------------------------------------    -------------------
    SLICE_X65Y19         FDRE (Prop_fdre_C_Q)         0.141    -0.401 r  U4/U7/Q_reg[1]/Q
                         net (fo=1, routed)           0.413     0.012    LEDS_OBUF[1]
    W6                   OBUF (Prop_obuf_I_O)         1.230     1.242 r  LEDS_OBUF[1]_inst/O
                         net (fo=0)                   0.000     1.242    LEDS[1]
    W6                                                                r  LEDS[1] (OUT)
  -------------------------------------------------------------------    -------------------

Slack:                    inf
  Source:                 U4/U7/Q_reg[7]/C
                            (rising edge-triggered cell FDRE clocked by U0/clkout0  {rise@0.000ns fall@5.000ns period=10.000ns})
  Destination:            LEDS[7]
                            (output port)
  Path Group:             (none)
  Path Type:              Min at Fast Process Corner
  Data Path Delay:        1.812ns  (logic 1.400ns (77.254%)  route 0.412ns (22.746%))
  Logic Levels:           1  (OBUF=1)
  Clock Uncertainty:      0.190ns  ((TSJ^2 + DJ^2)^1/2) / 2 + PE
    Total System Jitter     (TSJ):    0.050ns
    Discrete Jitter          (DJ):    0.142ns
    Phase Error              (PE):    0.114ns

    Location             Delay type                Incr(ns)  Path(ns)    Netlist Resource(s)
  -------------------------------------------------------------------    -------------------
                         (clock U0/clkout0 rise edge)
                                                      0.000     0.000 r  
    W5                                                0.000     0.000 r  GCLK (IN)
                         net (fo=0)                   0.000     0.000    GCLK
    W5                   IBUF (Prop_ibuf_I_O)         0.226     0.226 r  GCLK_IBUF_inst/O
                         net (fo=1, routed)           0.440     0.667    U0/GCLK
    PLLE2_ADV_X1Y0       PLLE2_ADV (Prop_plle2_adv_CLKIN1_CLKOUT0)
                                                     -2.322    -1.656 r  U0/U0/plle2_adv_inst/CLKOUT0
                         net (fo=1, routed)           0.501    -1.155    U0/U0/clkout0
    BUFGCTRL_X0Y0        BUFG (Prop_bufg_I_O)         0.026    -1.129 r  U0/U0/clkout1_buf/O
                         net (fo=102, routed)         0.590    -0.539    U4/U7/CLK
    SLICE_X64Y16         FDRE                                         r  U4/U7/Q_reg[7]/C
  -------------------------------------------------------------------    -------------------
    SLICE_X64Y16         FDRE (Prop_fdre_C_Q)         0.148    -0.391 r  U4/U7/Q_reg[7]/Q
                         net (fo=1, routed)           0.412     0.021    LEDS_OBUF[7]
    V7                   OBUF (Prop_obuf_I_O)         1.252     1.272 r  LEDS_OBUF[7]_inst/O
                         net (fo=0)                   0.000     1.272    LEDS[7]
    V7                                                                r  LEDS[7] (OUT)
  -------------------------------------------------------------------    -------------------

Slack:                    inf
  Source:                 U4/U7/Q_reg[2]/C
                            (rising edge-triggered cell FDRE clocked by U0/clkout0  {rise@0.000ns fall@5.000ns period=10.000ns})
  Destination:            LEDS[2]
                            (output port)
  Path Group:             (none)
  Path Type:              Min at Fast Process Corner
  Data Path Delay:        1.817ns  (logic 1.418ns (78.061%)  route 0.399ns (21.939%))
  Logic Levels:           1  (OBUF=1)
  Clock Uncertainty:      0.190ns  ((TSJ^2 + DJ^2)^1/2) / 2 + PE
    Total System Jitter     (TSJ):    0.050ns
    Discrete Jitter          (DJ):    0.142ns
    Phase Error              (PE):    0.114ns

    Location             Delay type                Incr(ns)  Path(ns)    Netlist Resource(s)
  -------------------------------------------------------------------    -------------------
                         (clock U0/clkout0 rise edge)
                                                      0.000     0.000 r  
    W5                                                0.000     0.000 r  GCLK (IN)
                         net (fo=0)                   0.000     0.000    GCLK
    W5                   IBUF (Prop_ibuf_I_O)         0.226     0.226 r  GCLK_IBUF_inst/O
                         net (fo=1, routed)           0.440     0.667    U0/GCLK
    PLLE2_ADV_X1Y0       PLLE2_ADV (Prop_plle2_adv_CLKIN1_CLKOUT0)
                                                     -2.322    -1.656 r  U0/U0/plle2_adv_inst/CLKOUT0
                         net (fo=1, routed)           0.501    -1.155    U0/U0/clkout0
    BUFGCTRL_X0Y0        BUFG (Prop_bufg_I_O)         0.026    -1.129 r  U0/U0/clkout1_buf/O
                         net (fo=102, routed)         0.587    -0.542    U4/U7/CLK
    SLICE_X65Y19         FDRE                                         r  U4/U7/Q_reg[2]/C
  -------------------------------------------------------------------    -------------------
    SLICE_X65Y19         FDRE (Prop_fdre_C_Q)         0.128    -0.414 r  U4/U7/Q_reg[2]/Q
                         net (fo=1, routed)           0.399    -0.016    LEDS_OBUF[2]
    U8                   OBUF (Prop_obuf_I_O)         1.290     1.274 r  LEDS_OBUF[2]_inst/O
                         net (fo=0)                   0.000     1.274    LEDS[2]
    U8                                                                r  LEDS[2] (OUT)
  -------------------------------------------------------------------    -------------------

Slack:                    inf
  Source:                 U4/U7/Q_reg[0]/C
                            (rising edge-triggered cell FDRE clocked by U0/clkout0  {rise@0.000ns fall@5.000ns period=10.000ns})
  Destination:            LEDS[0]
                            (output port)
  Path Group:             (none)
  Path Type:              Min at Fast Process Corner
  Data Path Delay:        1.855ns  (logic 1.376ns (74.170%)  route 0.479ns (25.830%))
  Logic Levels:           1  (OBUF=1)
  Clock Uncertainty:      0.190ns  ((TSJ^2 + DJ^2)^1/2) / 2 + PE
    Total System Jitter     (TSJ):    0.050ns
    Discrete Jitter          (DJ):    0.142ns
    Phase Error              (PE):    0.114ns

    Location             Delay type                Incr(ns)  Path(ns)    Netlist Resource(s)
  -------------------------------------------------------------------    -------------------
                         (clock U0/clkout0 rise edge)
                                                      0.000     0.000 r  
    W5                                                0.000     0.000 r  GCLK (IN)
                         net (fo=0)                   0.000     0.000    GCLK
    W5                   IBUF (Prop_ibuf_I_O)         0.226     0.226 r  GCLK_IBUF_inst/O
                         net (fo=1, routed)           0.440     0.667    U0/GCLK
    PLLE2_ADV_X1Y0       PLLE2_ADV (Prop_plle2_adv_CLKIN1_CLKOUT0)
                                                     -2.322    -1.656 r  U0/U0/plle2_adv_inst/CLKOUT0
                         net (fo=1, routed)           0.501    -1.155    U0/U0/clkout0
    BUFGCTRL_X0Y0        BUFG (Prop_bufg_I_O)         0.026    -1.129 r  U0/U0/clkout1_buf/O
                         net (fo=102, routed)         0.587    -0.542    U4/U7/CLK
    SLICE_X64Y19         FDRE                                         r  U4/U7/Q_reg[0]/C
  -------------------------------------------------------------------    -------------------
    SLICE_X64Y19         FDRE (Prop_fdre_C_Q)         0.164    -0.378 r  U4/U7/Q_reg[0]/Q
                         net (fo=1, routed)           0.479     0.101    LEDS_OBUF[0]
    W7                   OBUF (Prop_obuf_I_O)         1.212     1.313 r  LEDS_OBUF[0]_inst/O
                         net (fo=0)                   0.000     1.313    LEDS[0]
    W7                                                                r  LEDS[0] (OUT)
  -------------------------------------------------------------------    -------------------

Slack:                    inf
  Source:                 U4/U7/Q_reg[6]/C
                            (rising edge-triggered cell FDRE clocked by U0/clkout0  {rise@0.000ns fall@5.000ns period=10.000ns})
  Destination:            LEDS[6]
                            (output port)
  Path Group:             (none)
  Path Type:              Min at Fast Process Corner
  Data Path Delay:        1.896ns  (logic 1.434ns (75.652%)  route 0.462ns (24.348%))
  Logic Levels:           1  (OBUF=1)
  Clock Uncertainty:      0.190ns  ((TSJ^2 + DJ^2)^1/2) / 2 + PE
    Total System Jitter     (TSJ):    0.050ns
    Discrete Jitter          (DJ):    0.142ns
    Phase Error              (PE):    0.114ns

    Location             Delay type                Incr(ns)  Path(ns)    Netlist Resource(s)
  -------------------------------------------------------------------    -------------------
                         (clock U0/clkout0 rise edge)
                                                      0.000     0.000 r  
    W5                                                0.000     0.000 r  GCLK (IN)
                         net (fo=0)                   0.000     0.000    GCLK
    W5                   IBUF (Prop_ibuf_I_O)         0.226     0.226 r  GCLK_IBUF_inst/O
                         net (fo=1, routed)           0.440     0.667    U0/GCLK
    PLLE2_ADV_X1Y0       PLLE2_ADV (Prop_plle2_adv_CLKIN1_CLKOUT0)
                                                     -2.322    -1.656 r  U0/U0/plle2_adv_inst/CLKOUT0
                         net (fo=1, routed)           0.501    -1.155    U0/U0/clkout0
    BUFGCTRL_X0Y0        BUFG (Prop_bufg_I_O)         0.026    -1.129 r  U0/U0/clkout1_buf/O
                         net (fo=102, routed)         0.587    -0.542    U4/U7/CLK
    SLICE_X64Y19         FDRE                                         r  U4/U7/Q_reg[6]/C
  -------------------------------------------------------------------    -------------------
    SLICE_X64Y19         FDRE (Prop_fdre_C_Q)         0.148    -0.394 r  U4/U7/Q_reg[6]/Q
                         net (fo=1, routed)           0.462     0.067    LEDS_OBUF[6]
    U7                   OBUF (Prop_obuf_I_O)         1.286     1.354 r  LEDS_OBUF[6]_inst/O
                         net (fo=0)                   0.000     1.354    LEDS[6]
    U7                                                                r  LEDS[6] (OUT)
  -------------------------------------------------------------------    -------------------

Slack:                    inf
  Source:                 U4/U2/Q_reg[7]/C
                            (rising edge-triggered cell FDRE clocked by U0/clkout0  {rise@0.000ns fall@5.000ns period=10.000ns})
  Destination:            AN[3]
                            (output port)
  Path Group:             (none)
  Path Type:              Min at Fast Process Corner
  Data Path Delay:        2.029ns  (logic 1.502ns (74.031%)  route 0.527ns (25.969%))
  Logic Levels:           2  (LUT3=1 OBUF=1)
  Clock Uncertainty:      0.190ns  ((TSJ^2 + DJ^2)^1/2) / 2 + PE
    Total System Jitter     (TSJ):    0.050ns
    Discrete Jitter          (DJ):    0.142ns
    Phase Error              (PE):    0.114ns

    Location             Delay type                Incr(ns)  Path(ns)    Netlist Resource(s)
  -------------------------------------------------------------------    -------------------
                         (clock U0/clkout0 rise edge)
                                                      0.000     0.000 r  
    W5                                                0.000     0.000 r  GCLK (IN)
                         net (fo=0)                   0.000     0.000    GCLK
    W5                   IBUF (Prop_ibuf_I_O)         0.226     0.226 r  GCLK_IBUF_inst/O
                         net (fo=1, routed)           0.440     0.667    U0/GCLK
    PLLE2_ADV_X1Y0       PLLE2_ADV (Prop_plle2_adv_CLKIN1_CLKOUT0)
                                                     -2.322    -1.656 r  U0/U0/plle2_adv_inst/CLKOUT0
                         net (fo=1, routed)           0.501    -1.155    U0/U0/clkout0
    BUFGCTRL_X0Y0        BUFG (Prop_bufg_I_O)         0.026    -1.129 r  U0/U0/clkout1_buf/O
                         net (fo=102, routed)         0.586    -0.543    U4/U2/CLK
    SLICE_X65Y20         FDRE                                         r  U4/U2/Q_reg[7]/C
  -------------------------------------------------------------------    -------------------
    SLICE_X65Y20         FDRE (Prop_fdre_C_Q)         0.128    -0.415 r  U4/U2/Q_reg[7]/Q
                         net (fo=1, routed)           0.085    -0.330    U4/U2/an_s[7]
    SLICE_X65Y20         LUT3 (Prop_lut3_I2_O)        0.101    -0.229 r  U4/U2/AN_OBUF[3]_inst_i_1/O
                         net (fo=1, routed)           0.442     0.213    AN_OBUF[3]
    W4                   OBUF (Prop_obuf_I_O)         1.273     1.486 r  AN_OBUF[3]_inst/O
                         net (fo=0)                   0.000     1.486    AN[3]
    W4                                                                r  AN[3] (OUT)
  -------------------------------------------------------------------    -------------------

Slack:                    inf
  Source:                 U4/U2/Q_reg[6]/C
                            (rising edge-triggered cell FDRE clocked by U0/clkout0  {rise@0.000ns fall@5.000ns period=10.000ns})
  Destination:            AN[2]
                            (output port)
  Path Group:             (none)
  Path Type:              Min at Fast Process Corner
  Data Path Delay:        2.074ns  (logic 1.410ns (67.983%)  route 0.664ns (32.017%))
  Logic Levels:           2  (LUT3=1 OBUF=1)
  Clock Uncertainty:      0.190ns  ((TSJ^2 + DJ^2)^1/2) / 2 + PE
    Total System Jitter     (TSJ):    0.050ns
    Discrete Jitter          (DJ):    0.142ns
    Phase Error              (PE):    0.114ns

    Location             Delay type                Incr(ns)  Path(ns)    Netlist Resource(s)
  -------------------------------------------------------------------    -------------------
                         (clock U0/clkout0 rise edge)
                                                      0.000     0.000 r  
    W5                                                0.000     0.000 r  GCLK (IN)
                         net (fo=0)                   0.000     0.000    GCLK
    W5                   IBUF (Prop_ibuf_I_O)         0.226     0.226 r  GCLK_IBUF_inst/O
                         net (fo=1, routed)           0.440     0.667    U0/GCLK
    PLLE2_ADV_X1Y0       PLLE2_ADV (Prop_plle2_adv_CLKIN1_CLKOUT0)
                                                     -2.322    -1.656 r  U0/U0/plle2_adv_inst/CLKOUT0
                         net (fo=1, routed)           0.501    -1.155    U0/U0/clkout0
    BUFGCTRL_X0Y0        BUFG (Prop_bufg_I_O)         0.026    -1.129 r  U0/U0/clkout1_buf/O
                         net (fo=102, routed)         0.586    -0.543    U4/U2/CLK
    SLICE_X65Y20         FDRE                                         r  U4/U2/Q_reg[6]/C
  -------------------------------------------------------------------    -------------------
    SLICE_X65Y20         FDRE (Prop_fdre_C_Q)         0.141    -0.402 r  U4/U2/Q_reg[6]/Q
                         net (fo=1, routed)           0.213    -0.189    U4/U2/an_s[6]
    SLICE_X65Y20         LUT3 (Prop_lut3_I2_O)        0.045    -0.144 r  U4/U2/AN_OBUF[2]_inst_i_1/O
                         net (fo=1, routed)           0.451     0.307    AN_OBUF[2]
    V4                   OBUF (Prop_obuf_I_O)         1.224     1.531 r  AN_OBUF[2]_inst/O
                         net (fo=0)                   0.000     1.531    AN[2]
    V4                                                                r  AN[2] (OUT)
  -------------------------------------------------------------------    -------------------





--------------------------------------------------------------------------------------
Path Group:  (none)
From Clock:  
  To Clock:  U0/clkout0

Max Delay            89 Endpoints
Min Delay            89 Endpoints
--------------------------------------------------------------------------------------


Max Delay Paths
--------------------------------------------------------------------------------------
Slack:                    inf
  Source:                 TEST_HSLS
                            (input port)
  Destination:            U0/U1/vcount_10/D
                            (rising edge-triggered cell FDRE clocked by U0/clkout0  {rise@0.000ns fall@5.000ns period=10.000ns})
  Path Group:             (none)
  Path Type:              Setup (Max at Slow Process Corner)
  Data Path Delay:        7.151ns  (logic 1.823ns (25.491%)  route 5.328ns (74.509%))
  Logic Levels:           4  (IBUF=1 LUT2=1 LUT6=2)
  Clock Path Skew:        -2.001ns (DCD - SCD + CPR)
    Destination Clock Delay (DCD):    -2.001ns
    Source Clock Delay      (SCD):    0.000ns
    Clock Pessimism Removal (CPR):    0.000ns
  Clock Uncertainty:      0.190ns  ((TSJ^2 + DJ^2)^1/2) / 2 + PE
    Total System Jitter     (TSJ):    0.050ns
    Discrete Jitter          (DJ):    0.142ns
    Phase Error              (PE):    0.114ns

    Location             Delay type                Incr(ns)  Path(ns)    Netlist Resource(s)
  -------------------------------------------------------------------    -------------------
    W15                                               0.000     0.000 f  TEST_HSLS (IN)
                         net (fo=0)                   0.000     0.000    TEST_HSLS
    W15                  IBUF (Prop_ibuf_I_O)         1.451     1.451 f  TEST_HSLS_IBUF_inst/O
                         net (fo=4, routed)           3.623     5.074    U0/TEST_HSLS
    SLICE_X58Y18         LUT6 (Prop_lut6_I0_O)        0.124     5.198 f  U0/U1/GND_37_o_PWR_10_o_MUX_28_o7/O
                         net (fo=2, routed)           0.587     5.785    U0/U1/GND_37_o_PWR_10_o_MUX_28_o7
    SLICE_X58Y19         LUT6 (Prop_lut6_I3_O)        0.124     5.909 f  U0/U1/GND_37_o_PWR_10_o_MUX_28_o9/O
                         net (fo=27, routed)          1.118     7.027    U0/U1/GND_37_o_PWR_10_o_MUX_28_o
    SLICE_X61Y15         LUT2 (Prop_lut2_I1_O)        0.124     7.151 r  U0/U1/vcount_10_rstpot/O
                         net (fo=1, routed)           0.000     7.151    U0/U1/vcount_10_rstpot
    SLICE_X61Y15         FDRE                                         r  U0/U1/vcount_10/D
  -------------------------------------------------------------------    -------------------

                         (clock U0/clkout0 rise edge)
                                                      0.000     0.000 r  
    W5                                                0.000     0.000 r  GCLK (IN)
                         net (fo=0)                   0.000     0.000    GCLK
    W5                   IBUF (Prop_ibuf_I_O)         1.388     1.388 r  GCLK_IBUF_inst/O
                         net (fo=1, routed)           1.181     2.569    U0/GCLK
    PLLE2_ADV_X1Y0       PLLE2_ADV (Prop_plle2_adv_CLKIN1_CLKOUT0)
                                                     -7.750    -5.181 r  U0/U0/plle2_adv_inst/CLKOUT0
                         net (fo=1, routed)           1.576    -3.604    U0/U0/clkout0
    BUFGCTRL_X0Y0        BUFG (Prop_bufg_I_O)         0.091    -3.513 r  U0/U0/clkout1_buf/O
                         net (fo=102, routed)         1.512    -2.001    U0/CLK
    SLICE_X61Y15         FDRE                                         r  U0/U1/vcount_10/C

Slack:                    inf
  Source:                 TEST_HSLS
                            (input port)
  Destination:            U0/U1/vcount_3/D
                            (rising edge-triggered cell FDRE clocked by U0/clkout0  {rise@0.000ns fall@5.000ns period=10.000ns})
  Path Group:             (none)
  Path Type:              Setup (Max at Slow Process Corner)
  Data Path Delay:        7.139ns  (logic 1.823ns (25.531%)  route 5.316ns (74.469%))
  Logic Levels:           4  (IBUF=1 LUT2=1 LUT6=2)
  Clock Path Skew:        -2.000ns (DCD - SCD + CPR)
    Destination Clock Delay (DCD):    -2.000ns
    Source Clock Delay      (SCD):    0.000ns
    Clock Pessimism Removal (CPR):    0.000ns
  Clock Uncertainty:      0.190ns  ((TSJ^2 + DJ^2)^1/2) / 2 + PE
    Total System Jitter     (TSJ):    0.050ns
    Discrete Jitter          (DJ):    0.142ns
    Phase Error              (PE):    0.114ns

    Location             Delay type                Incr(ns)  Path(ns)    Netlist Resource(s)
  -------------------------------------------------------------------    -------------------
    W15                                               0.000     0.000 f  TEST_HSLS (IN)
                         net (fo=0)                   0.000     0.000    TEST_HSLS
    W15                  IBUF (Prop_ibuf_I_O)         1.451     1.451 f  TEST_HSLS_IBUF_inst/O
                         net (fo=4, routed)           3.623     5.074    U0/TEST_HSLS
    SLICE_X58Y18         LUT6 (Prop_lut6_I0_O)        0.124     5.198 f  U0/U1/GND_37_o_PWR_10_o_MUX_28_o7/O
                         net (fo=2, routed)           0.587     5.785    U0/U1/GND_37_o_PWR_10_o_MUX_28_o7
    SLICE_X58Y19         LUT6 (Prop_lut6_I3_O)        0.124     5.909 f  U0/U1/GND_37_o_PWR_10_o_MUX_28_o9/O
                         net (fo=27, routed)          1.106     7.015    U0/U1/GND_37_o_PWR_10_o_MUX_28_o
    SLICE_X58Y14         LUT2 (Prop_lut2_I1_O)        0.124     7.139 r  U0/U1/vcount_3_rstpot/O
                         net (fo=1, routed)           0.000     7.139    U0/U1/vcount_3_rstpot
    SLICE_X58Y14         FDRE                                         r  U0/U1/vcount_3/D
  -------------------------------------------------------------------    -------------------

                         (clock U0/clkout0 rise edge)
                                                      0.000     0.000 r  
    W5                                                0.000     0.000 r  GCLK (IN)
                         net (fo=0)                   0.000     0.000    GCLK
    W5                   IBUF (Prop_ibuf_I_O)         1.388     1.388 r  GCLK_IBUF_inst/O
                         net (fo=1, routed)           1.181     2.569    U0/GCLK
    PLLE2_ADV_X1Y0       PLLE2_ADV (Prop_plle2_adv_CLKIN1_CLKOUT0)
                                                     -7.750    -5.181 r  U0/U0/plle2_adv_inst/CLKOUT0
                         net (fo=1, routed)           1.576    -3.604    U0/U0/clkout0
    BUFGCTRL_X0Y0        BUFG (Prop_bufg_I_O)         0.091    -3.513 r  U0/U0/clkout1_buf/O
                         net (fo=102, routed)         1.513    -2.000    U0/CLK
    SLICE_X58Y14         FDRE                                         r  U0/U1/vcount_3/C

Slack:                    inf
  Source:                 TEST_HSLS
                            (input port)
  Destination:            U0/U1/vcount_4/D
                            (rising edge-triggered cell FDRE clocked by U0/clkout0  {rise@0.000ns fall@5.000ns period=10.000ns})
  Path Group:             (none)
  Path Type:              Setup (Max at Slow Process Corner)
  Data Path Delay:        7.135ns  (logic 1.823ns (25.545%)  route 5.313ns (74.455%))
  Logic Levels:           4  (IBUF=1 LUT2=1 LUT6=2)
  Clock Path Skew:        -2.001ns (DCD - SCD + CPR)
    Destination Clock Delay (DCD):    -2.001ns
    Source Clock Delay      (SCD):    0.000ns
    Clock Pessimism Removal (CPR):    0.000ns
  Clock Uncertainty:      0.190ns  ((TSJ^2 + DJ^2)^1/2) / 2 + PE
    Total System Jitter     (TSJ):    0.050ns
    Discrete Jitter          (DJ):    0.142ns
    Phase Error              (PE):    0.114ns

    Location             Delay type                Incr(ns)  Path(ns)    Netlist Resource(s)
  -------------------------------------------------------------------    -------------------
    W15                                               0.000     0.000 f  TEST_HSLS (IN)
                         net (fo=0)                   0.000     0.000    TEST_HSLS
    W15                  IBUF (Prop_ibuf_I_O)         1.451     1.451 f  TEST_HSLS_IBUF_inst/O
                         net (fo=4, routed)           3.623     5.074    U0/TEST_HSLS
    SLICE_X58Y18         LUT6 (Prop_lut6_I0_O)        0.124     5.198 f  U0/U1/GND_37_o_PWR_10_o_MUX_28_o7/O
                         net (fo=2, routed)           0.587     5.785    U0/U1/GND_37_o_PWR_10_o_MUX_28_o7
    SLICE_X58Y19         LUT6 (Prop_lut6_I3_O)        0.124     5.909 f  U0/U1/GND_37_o_PWR_10_o_MUX_28_o9/O
                         net (fo=27, routed)          1.102     7.011    U0/U1/GND_37_o_PWR_10_o_MUX_28_o
    SLICE_X58Y15         LUT2 (Prop_lut2_I1_O)        0.124     7.135 r  U0/U1/vcount_4_rstpot/O
                         net (fo=1, routed)           0.000     7.135    U0/U1/vcount_4_rstpot
    SLICE_X58Y15         FDRE                                         r  U0/U1/vcount_4/D
  -------------------------------------------------------------------    -------------------

                         (clock U0/clkout0 rise edge)
                                                      0.000     0.000 r  
    W5                                                0.000     0.000 r  GCLK (IN)
                         net (fo=0)                   0.000     0.000    GCLK
    W5                   IBUF (Prop_ibuf_I_O)         1.388     1.388 r  GCLK_IBUF_inst/O
                         net (fo=1, routed)           1.181     2.569    U0/GCLK
    PLLE2_ADV_X1Y0       PLLE2_ADV (Prop_plle2_adv_CLKIN1_CLKOUT0)
                                                     -7.750    -5.181 r  U0/U0/plle2_adv_inst/CLKOUT0
                         net (fo=1, routed)           1.576    -3.604    U0/U0/clkout0
    BUFGCTRL_X0Y0        BUFG (Prop_bufg_I_O)         0.091    -3.513 r  U0/U0/clkout1_buf/O
                         net (fo=102, routed)         1.512    -2.001    U0/CLK
    SLICE_X58Y15         FDRE                                         r  U0/U1/vcount_4/C

Slack:                    inf
  Source:                 TEST_HSLS
                            (input port)
  Destination:            U0/U1/vcount_6/D
                            (rising edge-triggered cell FDRE clocked by U0/clkout0  {rise@0.000ns fall@5.000ns period=10.000ns})
  Path Group:             (none)
  Path Type:              Setup (Max at Slow Process Corner)
  Data Path Delay:        7.078ns  (logic 1.823ns (25.751%)  route 5.256ns (74.249%))
  Logic Levels:           4  (IBUF=1 LUT2=1 LUT6=2)
  Clock Path Skew:        -2.001ns (DCD - SCD + CPR)
    Destination Clock Delay (DCD):    -2.001ns
    Source Clock Delay      (SCD):    0.000ns
    Clock Pessimism Removal (CPR):    0.000ns
  Clock Uncertainty:      0.190ns  ((TSJ^2 + DJ^2)^1/2) / 2 + PE
    Total System Jitter     (TSJ):    0.050ns
    Discrete Jitter          (DJ):    0.142ns
    Phase Error              (PE):    0.114ns

    Location             Delay type                Incr(ns)  Path(ns)    Netlist Resource(s)
  -------------------------------------------------------------------    -------------------
    W15                                               0.000     0.000 f  TEST_HSLS (IN)
                         net (fo=0)                   0.000     0.000    TEST_HSLS
    W15                  IBUF (Prop_ibuf_I_O)         1.451     1.451 f  TEST_HSLS_IBUF_inst/O
                         net (fo=4, routed)           3.623     5.074    U0/TEST_HSLS
    SLICE_X58Y18         LUT6 (Prop_lut6_I0_O)        0.124     5.198 f  U0/U1/GND_37_o_PWR_10_o_MUX_28_o7/O
                         net (fo=2, routed)           0.587     5.785    U0/U1/GND_37_o_PWR_10_o_MUX_28_o7
    SLICE_X58Y19         LUT6 (Prop_lut6_I3_O)        0.124     5.909 f  U0/U1/GND_37_o_PWR_10_o_MUX_28_o9/O
                         net (fo=27, routed)          1.045     6.954    U0/U1/GND_37_o_PWR_10_o_MUX_28_o
    SLICE_X58Y15         LUT2 (Prop_lut2_I1_O)        0.124     7.078 r  U0/U1/vcount_6_rstpot/O
                         net (fo=1, routed)           0.000     7.078    U0/U1/vcount_6_rstpot
    SLICE_X58Y15         FDRE                                         r  U0/U1/vcount_6/D
  -------------------------------------------------------------------    -------------------

                         (clock U0/clkout0 rise edge)
                                                      0.000     0.000 r  
    W5                                                0.000     0.000 r  GCLK (IN)
                         net (fo=0)                   0.000     0.000    GCLK
    W5                   IBUF (Prop_ibuf_I_O)         1.388     1.388 r  GCLK_IBUF_inst/O
                         net (fo=1, routed)           1.181     2.569    U0/GCLK
    PLLE2_ADV_X1Y0       PLLE2_ADV (Prop_plle2_adv_CLKIN1_CLKOUT0)
                                                     -7.750    -5.181 r  U0/U0/plle2_adv_inst/CLKOUT0
                         net (fo=1, routed)           1.576    -3.604    U0/U0/clkout0
    BUFGCTRL_X0Y0        BUFG (Prop_bufg_I_O)         0.091    -3.513 r  U0/U0/clkout1_buf/O
                         net (fo=102, routed)         1.512    -2.001    U0/CLK
    SLICE_X58Y15         FDRE                                         r  U0/U1/vcount_6/C

Slack:                    inf
  Source:                 TEST_HSLS
                            (input port)
  Destination:            U0/U1/vcount_7/D
                            (rising edge-triggered cell FDRE clocked by U0/clkout0  {rise@0.000ns fall@5.000ns period=10.000ns})
  Path Group:             (none)
  Path Type:              Setup (Max at Slow Process Corner)
  Data Path Delay:        7.072ns  (logic 1.823ns (25.776%)  route 5.249ns (74.224%))
  Logic Levels:           4  (IBUF=1 LUT2=1 LUT6=2)
  Clock Path Skew:        -2.001ns (DCD - SCD + CPR)
    Destination Clock Delay (DCD):    -2.001ns
    Source Clock Delay      (SCD):    0.000ns
    Clock Pessimism Removal (CPR):    0.000ns
  Clock Uncertainty:      0.190ns  ((TSJ^2 + DJ^2)^1/2) / 2 + PE
    Total System Jitter     (TSJ):    0.050ns
    Discrete Jitter          (DJ):    0.142ns
    Phase Error              (PE):    0.114ns

    Location             Delay type                Incr(ns)  Path(ns)    Netlist Resource(s)
  -------------------------------------------------------------------    -------------------
    W15                                               0.000     0.000 f  TEST_HSLS (IN)
                         net (fo=0)                   0.000     0.000    TEST_HSLS
    W15                  IBUF (Prop_ibuf_I_O)         1.451     1.451 f  TEST_HSLS_IBUF_inst/O
                         net (fo=4, routed)           3.623     5.074    U0/TEST_HSLS
    SLICE_X58Y18         LUT6 (Prop_lut6_I0_O)        0.124     5.198 f  U0/U1/GND_37_o_PWR_10_o_MUX_28_o7/O
                         net (fo=2, routed)           0.587     5.785    U0/U1/GND_37_o_PWR_10_o_MUX_28_o7
    SLICE_X58Y19         LUT6 (Prop_lut6_I3_O)        0.124     5.909 f  U0/U1/GND_37_o_PWR_10_o_MUX_28_o9/O
                         net (fo=27, routed)          1.039     6.948    U0/U1/GND_37_o_PWR_10_o_MUX_28_o
    SLICE_X58Y15         LUT2 (Prop_lut2_I1_O)        0.124     7.072 r  U0/U1/vcount_7_rstpot/O
                         net (fo=1, routed)           0.000     7.072    U0/U1/vcount_7_rstpot
    SLICE_X58Y15         FDRE                                         r  U0/U1/vcount_7/D
  -------------------------------------------------------------------    -------------------

                         (clock U0/clkout0 rise edge)
                                                      0.000     0.000 r  
    W5                                                0.000     0.000 r  GCLK (IN)
                         net (fo=0)                   0.000     0.000    GCLK
    W5                   IBUF (Prop_ibuf_I_O)         1.388     1.388 r  GCLK_IBUF_inst/O
                         net (fo=1, routed)           1.181     2.569    U0/GCLK
    PLLE2_ADV_X1Y0       PLLE2_ADV (Prop_plle2_adv_CLKIN1_CLKOUT0)
                                                     -7.750    -5.181 r  U0/U0/plle2_adv_inst/CLKOUT0
                         net (fo=1, routed)           1.576    -3.604    U0/U0/clkout0
    BUFGCTRL_X0Y0        BUFG (Prop_bufg_I_O)         0.091    -3.513 r  U0/U0/clkout1_buf/O
                         net (fo=102, routed)         1.512    -2.001    U0/CLK
    SLICE_X58Y15         FDRE                                         r  U0/U1/vcount_7/C

Slack:                    inf
  Source:                 TEST_HSLS
                            (input port)
  Destination:            U0/U1/vcount_5/D
                            (rising edge-triggered cell FDRE clocked by U0/clkout0  {rise@0.000ns fall@5.000ns period=10.000ns})
  Path Group:             (none)
  Path Type:              Setup (Max at Slow Process Corner)
  Data Path Delay:        6.884ns  (logic 1.823ns (26.480%)  route 5.061ns (73.520%))
  Logic Levels:           4  (IBUF=1 LUT2=1 LUT6=2)
  Clock Path Skew:        -2.001ns (DCD - SCD + CPR)
    Destination Clock Delay (DCD):    -2.001ns
    Source Clock Delay      (SCD):    0.000ns
    Clock Pessimism Removal (CPR):    0.000ns
  Clock Uncertainty:      0.190ns  ((TSJ^2 + DJ^2)^1/2) / 2 + PE
    Total System Jitter     (TSJ):    0.050ns
    Discrete Jitter          (DJ):    0.142ns
    Phase Error              (PE):    0.114ns

    Location             Delay type                Incr(ns)  Path(ns)    Netlist Resource(s)
  -------------------------------------------------------------------    -------------------
    W15                                               0.000     0.000 f  TEST_HSLS (IN)
                         net (fo=0)                   0.000     0.000    TEST_HSLS
    W15                  IBUF (Prop_ibuf_I_O)         1.451     1.451 f  TEST_HSLS_IBUF_inst/O
                         net (fo=4, routed)           3.623     5.074    U0/TEST_HSLS
    SLICE_X58Y18         LUT6 (Prop_lut6_I0_O)        0.124     5.198 f  U0/U1/GND_37_o_PWR_10_o_MUX_28_o7/O
                         net (fo=2, routed)           0.587     5.785    U0/U1/GND_37_o_PWR_10_o_MUX_28_o7
    SLICE_X58Y19         LUT6 (Prop_lut6_I3_O)        0.124     5.909 f  U0/U1/GND_37_o_PWR_10_o_MUX_28_o9/O
                         net (fo=27, routed)          0.851     6.760    U0/U1/GND_37_o_PWR_10_o_MUX_28_o
    SLICE_X58Y15         LUT2 (Prop_lut2_I1_O)        0.124     6.884 r  U0/U1/vcount_5_rstpot/O
                         net (fo=1, routed)           0.000     6.884    U0/U1/vcount_5_rstpot
    SLICE_X58Y15         FDRE                                         r  U0/U1/vcount_5/D
  -------------------------------------------------------------------    -------------------

                         (clock U0/clkout0 rise edge)
                                                      0.000     0.000 r  
    W5                                                0.000     0.000 r  GCLK (IN)
                         net (fo=0)                   0.000     0.000    GCLK
    W5                   IBUF (Prop_ibuf_I_O)         1.388     1.388 r  GCLK_IBUF_inst/O
                         net (fo=1, routed)           1.181     2.569    U0/GCLK
    PLLE2_ADV_X1Y0       PLLE2_ADV (Prop_plle2_adv_CLKIN1_CLKOUT0)
                                                     -7.750    -5.181 r  U0/U0/plle2_adv_inst/CLKOUT0
                         net (fo=1, routed)           1.576    -3.604    U0/U0/clkout0
    BUFGCTRL_X0Y0        BUFG (Prop_bufg_I_O)         0.091    -3.513 r  U0/U0/clkout1_buf/O
                         net (fo=102, routed)         1.512    -2.001    U0/CLK
    SLICE_X58Y15         FDRE                                         r  U0/U1/vcount_5/C

Slack:                    inf
  Source:                 TEST_HSLS
                            (input port)
  Destination:            U0/U1/vcount_11/D
                            (rising edge-triggered cell FDRE clocked by U0/clkout0  {rise@0.000ns fall@5.000ns period=10.000ns})
  Path Group:             (none)
  Path Type:              Setup (Max at Slow Process Corner)
  Data Path Delay:        6.747ns  (logic 1.823ns (27.017%)  route 4.924ns (72.983%))
  Logic Levels:           4  (IBUF=1 LUT2=1 LUT6=2)
  Clock Path Skew:        -2.002ns (DCD - SCD + CPR)
    Destination Clock Delay (DCD):    -2.002ns
    Source Clock Delay      (SCD):    0.000ns
    Clock Pessimism Removal (CPR):    0.000ns
  Clock Uncertainty:      0.190ns  ((TSJ^2 + DJ^2)^1/2) / 2 + PE
    Total System Jitter     (TSJ):    0.050ns
    Discrete Jitter          (DJ):    0.142ns
    Phase Error              (PE):    0.114ns

    Location             Delay type                Incr(ns)  Path(ns)    Netlist Resource(s)
  -------------------------------------------------------------------    -------------------
    W15                                               0.000     0.000 f  TEST_HSLS (IN)
                         net (fo=0)                   0.000     0.000    TEST_HSLS
    W15                  IBUF (Prop_ibuf_I_O)         1.451     1.451 f  TEST_HSLS_IBUF_inst/O
                         net (fo=4, routed)           3.623     5.074    U0/TEST_HSLS
    SLICE_X58Y18         LUT6 (Prop_lut6_I0_O)        0.124     5.198 f  U0/U1/GND_37_o_PWR_10_o_MUX_28_o7/O
                         net (fo=2, routed)           0.587     5.785    U0/U1/GND_37_o_PWR_10_o_MUX_28_o7
    SLICE_X58Y19         LUT6 (Prop_lut6_I3_O)        0.124     5.909 f  U0/U1/GND_37_o_PWR_10_o_MUX_28_o9/O
                         net (fo=27, routed)          0.714     6.623    U0/U1/GND_37_o_PWR_10_o_MUX_28_o
    SLICE_X58Y16         LUT2 (Prop_lut2_I1_O)        0.124     6.747 r  U0/U1/vcount_11_rstpot/O
                         net (fo=1, routed)           0.000     6.747    U0/U1/vcount_11_rstpot
    SLICE_X58Y16         FDRE                                         r  U0/U1/vcount_11/D
  -------------------------------------------------------------------    -------------------

                         (clock U0/clkout0 rise edge)
                                                      0.000     0.000 r  
    W5                                                0.000     0.000 r  GCLK (IN)
                         net (fo=0)                   0.000     0.000    GCLK
    W5                   IBUF (Prop_ibuf_I_O)         1.388     1.388 r  GCLK_IBUF_inst/O
                         net (fo=1, routed)           1.181     2.569    U0/GCLK
    PLLE2_ADV_X1Y0       PLLE2_ADV (Prop_plle2_adv_CLKIN1_CLKOUT0)
                                                     -7.750    -5.181 r  U0/U0/plle2_adv_inst/CLKOUT0
                         net (fo=1, routed)           1.576    -3.604    U0/U0/clkout0
    BUFGCTRL_X0Y0        BUFG (Prop_bufg_I_O)         0.091    -3.513 r  U0/U0/clkout1_buf/O
                         net (fo=102, routed)         1.511    -2.002    U0/CLK
    SLICE_X58Y16         FDRE                                         r  U0/U1/vcount_11/C

Slack:                    inf
  Source:                 TEST_HSLS
                            (input port)
  Destination:            U0/U1/vcount_8/D
                            (rising edge-triggered cell FDRE clocked by U0/clkout0  {rise@0.000ns fall@5.000ns period=10.000ns})
  Path Group:             (none)
  Path Type:              Setup (Max at Slow Process Corner)
  Data Path Delay:        6.744ns  (logic 1.823ns (27.029%)  route 4.921ns (72.971%))
  Logic Levels:           4  (IBUF=1 LUT2=1 LUT6=2)
  Clock Path Skew:        -2.002ns (DCD - SCD + CPR)
    Destination Clock Delay (DCD):    -2.002ns
    Source Clock Delay      (SCD):    0.000ns
    Clock Pessimism Removal (CPR):    0.000ns
  Clock Uncertainty:      0.190ns  ((TSJ^2 + DJ^2)^1/2) / 2 + PE
    Total System Jitter     (TSJ):    0.050ns
    Discrete Jitter          (DJ):    0.142ns
    Phase Error              (PE):    0.114ns

    Location             Delay type                Incr(ns)  Path(ns)    Netlist Resource(s)
  -------------------------------------------------------------------    -------------------
    W15                                               0.000     0.000 f  TEST_HSLS (IN)
                         net (fo=0)                   0.000     0.000    TEST_HSLS
    W15                  IBUF (Prop_ibuf_I_O)         1.451     1.451 f  TEST_HSLS_IBUF_inst/O
                         net (fo=4, routed)           3.623     5.074    U0/TEST_HSLS
    SLICE_X58Y18         LUT6 (Prop_lut6_I0_O)        0.124     5.198 f  U0/U1/GND_37_o_PWR_10_o_MUX_28_o7/O
                         net (fo=2, routed)           0.587     5.785    U0/U1/GND_37_o_PWR_10_o_MUX_28_o7
    SLICE_X58Y19         LUT6 (Prop_lut6_I3_O)        0.124     5.909 f  U0/U1/GND_37_o_PWR_10_o_MUX_28_o9/O
                         net (fo=27, routed)          0.711     6.620    U0/U1/GND_37_o_PWR_10_o_MUX_28_o
    SLICE_X58Y16         LUT2 (Prop_lut2_I1_O)        0.124     6.744 r  U0/U1/vcount_8_rstpot/O
                         net (fo=1, routed)           0.000     6.744    U0/U1/vcount_8_rstpot
    SLICE_X58Y16         FDRE                                         r  U0/U1/vcount_8/D
  -------------------------------------------------------------------    -------------------

                         (clock U0/clkout0 rise edge)
                                                      0.000     0.000 r  
    W5                                                0.000     0.000 r  GCLK (IN)
                         net (fo=0)                   0.000     0.000    GCLK
    W5                   IBUF (Prop_ibuf_I_O)         1.388     1.388 r  GCLK_IBUF_inst/O
                         net (fo=1, routed)           1.181     2.569    U0/GCLK
    PLLE2_ADV_X1Y0       PLLE2_ADV (Prop_plle2_adv_CLKIN1_CLKOUT0)
                                                     -7.750    -5.181 r  U0/U0/plle2_adv_inst/CLKOUT0
                         net (fo=1, routed)           1.576    -3.604    U0/U0/clkout0
    BUFGCTRL_X0Y0        BUFG (Prop_bufg_I_O)         0.091    -3.513 r  U0/U0/clkout1_buf/O
                         net (fo=102, routed)         1.511    -2.002    U0/CLK
    SLICE_X58Y16         FDRE                                         r  U0/U1/vcount_8/C

Slack:                    inf
  Source:                 TEST_HSLS
                            (input port)
  Destination:            U0/U1/vcount_9/D
                            (rising edge-triggered cell FDRE clocked by U0/clkout0  {rise@0.000ns fall@5.000ns period=10.000ns})
  Path Group:             (none)
  Path Type:              Setup (Max at Slow Process Corner)
  Data Path Delay:        6.707ns  (logic 1.823ns (27.177%)  route 4.884ns (72.823%))
  Logic Levels:           4  (IBUF=1 LUT2=1 LUT6=2)
  Clock Path Skew:        -2.002ns (DCD - SCD + CPR)
    Destination Clock Delay (DCD):    -2.002ns
    Source Clock Delay      (SCD):    0.000ns
    Clock Pessimism Removal (CPR):    0.000ns
  Clock Uncertainty:      0.190ns  ((TSJ^2 + DJ^2)^1/2) / 2 + PE
    Total System Jitter     (TSJ):    0.050ns
    Discrete Jitter          (DJ):    0.142ns
    Phase Error              (PE):    0.114ns

    Location             Delay type                Incr(ns)  Path(ns)    Netlist Resource(s)
  -------------------------------------------------------------------    -------------------
    W15                                               0.000     0.000 f  TEST_HSLS (IN)
                         net (fo=0)                   0.000     0.000    TEST_HSLS
    W15                  IBUF (Prop_ibuf_I_O)         1.451     1.451 f  TEST_HSLS_IBUF_inst/O
                         net (fo=4, routed)           3.623     5.074    U0/TEST_HSLS
    SLICE_X58Y18         LUT6 (Prop_lut6_I0_O)        0.124     5.198 f  U0/U1/GND_37_o_PWR_10_o_MUX_28_o7/O
                         net (fo=2, routed)           0.587     5.785    U0/U1/GND_37_o_PWR_10_o_MUX_28_o7
    SLICE_X58Y19         LUT6 (Prop_lut6_I3_O)        0.124     5.909 f  U0/U1/GND_37_o_PWR_10_o_MUX_28_o9/O
                         net (fo=27, routed)          0.674     6.583    U0/U1/GND_37_o_PWR_10_o_MUX_28_o
    SLICE_X58Y16         LUT2 (Prop_lut2_I1_O)        0.124     6.707 r  U0/U1/vcount_9_rstpot/O
                         net (fo=1, routed)           0.000     6.707    U0/U1/vcount_9_rstpot
    SLICE_X58Y16         FDRE                                         r  U0/U1/vcount_9/D
  -------------------------------------------------------------------    -------------------

                         (clock U0/clkout0 rise edge)
                                                      0.000     0.000 r  
    W5                                                0.000     0.000 r  GCLK (IN)
                         net (fo=0)                   0.000     0.000    GCLK
    W5                   IBUF (Prop_ibuf_I_O)         1.388     1.388 r  GCLK_IBUF_inst/O
                         net (fo=1, routed)           1.181     2.569    U0/GCLK
    PLLE2_ADV_X1Y0       PLLE2_ADV (Prop_plle2_adv_CLKIN1_CLKOUT0)
                                                     -7.750    -5.181 r  U0/U0/plle2_adv_inst/CLKOUT0
                         net (fo=1, routed)           1.576    -3.604    U0/U0/clkout0
    BUFGCTRL_X0Y0        BUFG (Prop_bufg_I_O)         0.091    -3.513 r  U0/U0/clkout1_buf/O
                         net (fo=102, routed)         1.511    -2.002    U0/CLK
    SLICE_X58Y16         FDRE                                         r  U0/U1/vcount_9/C

Slack:                    inf
  Source:                 TEST_HSLS
                            (input port)
  Destination:            U0/U1/vcount_14/D
                            (rising edge-triggered cell FDRE clocked by U0/clkout0  {rise@0.000ns fall@5.000ns period=10.000ns})
  Path Group:             (none)
  Path Type:              Setup (Max at Slow Process Corner)
  Data Path Delay:        6.706ns  (logic 1.823ns (27.181%)  route 4.883ns (72.819%))
  Logic Levels:           4  (IBUF=1 LUT2=1 LUT6=2)
  Clock Path Skew:        -2.003ns (DCD - SCD + CPR)
    Destination Clock Delay (DCD):    -2.003ns
    Source Clock Delay      (SCD):    0.000ns
    Clock Pessimism Removal (CPR):    0.000ns
  Clock Uncertainty:      0.190ns  ((TSJ^2 + DJ^2)^1/2) / 2 + PE
    Total System Jitter     (TSJ):    0.050ns
    Discrete Jitter          (DJ):    0.142ns
    Phase Error              (PE):    0.114ns

    Location             Delay type                Incr(ns)  Path(ns)    Netlist Resource(s)
  -------------------------------------------------------------------    -------------------
    W15                                               0.000     0.000 f  TEST_HSLS (IN)
                         net (fo=0)                   0.000     0.000    TEST_HSLS
    W15                  IBUF (Prop_ibuf_I_O)         1.451     1.451 f  TEST_HSLS_IBUF_inst/O
                         net (fo=4, routed)           3.623     5.074    U0/TEST_HSLS
    SLICE_X58Y18         LUT6 (Prop_lut6_I0_O)        0.124     5.198 f  U0/U1/GND_37_o_PWR_10_o_MUX_28_o7/O
                         net (fo=2, routed)           0.587     5.785    U0/U1/GND_37_o_PWR_10_o_MUX_28_o7
    SLICE_X58Y19         LUT6 (Prop_lut6_I3_O)        0.124     5.909 f  U0/U1/GND_37_o_PWR_10_o_MUX_28_o9/O
                         net (fo=27, routed)          0.673     6.582    U0/U1/GND_37_o_PWR_10_o_MUX_28_o
    SLICE_X58Y17         LUT2 (Prop_lut2_I1_O)        0.124     6.706 r  U0/U1/vcount_14_rstpot/O
                         net (fo=1, routed)           0.000     6.706    U0/U1/vcount_14_rstpot
    SLICE_X58Y17         FDRE                                         r  U0/U1/vcount_14/D
  -------------------------------------------------------------------    -------------------

                         (clock U0/clkout0 rise edge)
                                                      0.000     0.000 r  
    W5                                                0.000     0.000 r  GCLK (IN)
                         net (fo=0)                   0.000     0.000    GCLK
    W5                   IBUF (Prop_ibuf_I_O)         1.388     1.388 r  GCLK_IBUF_inst/O
                         net (fo=1, routed)           1.181     2.569    U0/GCLK
    PLLE2_ADV_X1Y0       PLLE2_ADV (Prop_plle2_adv_CLKIN1_CLKOUT0)
                                                     -7.750    -5.181 r  U0/U0/plle2_adv_inst/CLKOUT0
                         net (fo=1, routed)           1.576    -3.604    U0/U0/clkout0
    BUFGCTRL_X0Y0        BUFG (Prop_bufg_I_O)         0.091    -3.513 r  U0/U0/clkout1_buf/O
                         net (fo=102, routed)         1.510    -2.003    U0/CLK
    SLICE_X58Y17         FDRE                                         r  U0/U1/vcount_14/C





Min Delay Paths
--------------------------------------------------------------------------------------
Slack:                    inf
  Source:                 START
                            (input port)
  Destination:            U1/B1/Q_reg/D
                            (rising edge-triggered cell FDCE clocked by U0/clkout0  {rise@0.000ns fall@5.000ns period=10.000ns})
  Path Group:             (none)
  Path Type:              Hold (Min at Fast Process Corner)
  Data Path Delay:        1.594ns  (logic 0.274ns (17.214%)  route 1.319ns (82.786%))
  Logic Levels:           2  (IBUF=1 LUT2=1)
  Clock Path Skew:        -0.308ns (DCD - SCD - CPR)
    Destination Clock Delay (DCD):    -0.308ns
    Source Clock Delay      (SCD):    0.000ns
    Clock Pessimism Removal (CPR):    -0.000ns

    Location             Delay type                Incr(ns)  Path(ns)    Netlist Resource(s)
  -------------------------------------------------------------------    -------------------
    V16                                               0.000     0.000 r  START (IN)
                         net (fo=0)                   0.000     0.000    START
    V16                  IBUF (Prop_ibuf_I_O)         0.229     0.229 r  START_IBUF_inst/O
                         net (fo=1, routed)           1.319     1.549    U1/B1/START_IBUF
    SLICE_X62Y14         LUT2 (Prop_lut2_I0_O)        0.045     1.594 r  U1/B1/Q_i_1/O
                         net (fo=1, routed)           0.000     1.594    U1/B1/D
    SLICE_X62Y14         FDCE                                         r  U1/B1/Q_reg/D
  -------------------------------------------------------------------    -------------------

                         (clock U0/clkout0 rise edge)
                                                      0.000     0.000 r  
    W5                                                0.000     0.000 r  GCLK (IN)
                         net (fo=0)                   0.000     0.000    GCLK
    W5                   IBUF (Prop_ibuf_I_O)         0.414     0.414 r  GCLK_IBUF_inst/O
                         net (fo=1, routed)           0.481     0.895    U0/GCLK
    PLLE2_ADV_X1Y0       PLLE2_ADV (Prop_plle2_adv_CLKIN1_CLKOUT0)
                                                     -2.638    -1.743 r  U0/U0/plle2_adv_inst/CLKOUT0
                         net (fo=1, routed)           0.546    -1.197    U0/U0/clkout0
    BUFGCTRL_X0Y0        BUFG (Prop_bufg_I_O)         0.029    -1.168 r  U0/U0/clkout1_buf/O
                         net (fo=102, routed)         0.861    -0.308    U1/B1/CLK
    SLICE_X62Y14         FDCE                                         r  U1/B1/Q_reg/C

Slack:                    inf
  Source:                 BPL
                            (input port)
  Destination:            U2/U0/q_reg_reg/D
                            (rising edge-triggered cell FDRE clocked by U0/clkout0  {rise@0.000ns fall@5.000ns period=10.000ns})
  Path Group:             (none)
  Path Type:              Hold (Min at Fast Process Corner)
  Data Path Delay:        1.599ns  (logic 0.264ns (16.528%)  route 1.335ns (83.472%))
  Logic Levels:           2  (IBUF=1 LUT2=1)
  Clock Path Skew:        -0.313ns (DCD - SCD - CPR)
    Destination Clock Delay (DCD):    -0.313ns
    Source Clock Delay      (SCD):    0.000ns
    Clock Pessimism Removal (CPR):    -0.000ns

    Location             Delay type                Incr(ns)  Path(ns)    Netlist Resource(s)
  -------------------------------------------------------------------    -------------------
    W19                                               0.000     0.000 r  BPL (IN)
                         net (fo=0)                   0.000     0.000    BPL
    W19                  IBUF (Prop_ibuf_I_O)         0.219     0.219 r  BPL_IBUF_inst/O
                         net (fo=1, routed)           1.335     1.554    U2/U0/BPL_IBUF
    SLICE_X60Y17         LUT2 (Prop_lut2_I0_O)        0.045     1.599 r  U2/U0/q_reg_i_1__0/O
                         net (fo=1, routed)           0.000     1.599    U2/U0/q_reg_i_1__0_n_0
    SLICE_X60Y17         FDRE                                         r  U2/U0/q_reg_reg/D
  -------------------------------------------------------------------    -------------------

                         (clock U0/clkout0 rise edge)
                                                      0.000     0.000 r  
    W5                                                0.000     0.000 r  GCLK (IN)
                         net (fo=0)                   0.000     0.000    GCLK
    W5                   IBUF (Prop_ibuf_I_O)         0.414     0.414 r  GCLK_IBUF_inst/O
                         net (fo=1, routed)           0.481     0.895    U0/GCLK
    PLLE2_ADV_X1Y0       PLLE2_ADV (Prop_plle2_adv_CLKIN1_CLKOUT0)
                                                     -2.638    -1.743 r  U0/U0/plle2_adv_inst/CLKOUT0
                         net (fo=1, routed)           0.546    -1.197    U0/U0/clkout0
    BUFGCTRL_X0Y0        BUFG (Prop_bufg_I_O)         0.029    -1.168 r  U0/U0/clkout1_buf/O
                         net (fo=102, routed)         0.856    -0.313    U2/U0/CLK
    SLICE_X60Y17         FDRE                                         r  U2/U0/q_reg_reg/C

Slack:                    inf
  Source:                 BPreset
                            (input port)
  Destination:            U2/U12/count_reg[0]/R
                            (rising edge-triggered cell FDRE clocked by U0/clkout0  {rise@0.000ns fall@5.000ns period=10.000ns})
  Path Group:             (none)
  Path Type:              Hold (Min at Fast Process Corner)
  Data Path Delay:        1.614ns  (logic 0.210ns (12.978%)  route 1.405ns (87.022%))
  Logic Levels:           1  (IBUF=1)
  Clock Path Skew:        -0.312ns (DCD - SCD - CPR)
    Destination Clock Delay (DCD):    -0.312ns
    Source Clock Delay      (SCD):    0.000ns
    Clock Pessimism Removal (CPR):    -0.000ns

    Location             Delay type                Incr(ns)  Path(ns)    Netlist Resource(s)
  -------------------------------------------------------------------    -------------------
    U18                                               0.000     0.000 r  BPreset (IN)
                         net (fo=0)                   0.000     0.000    BPreset
    U18                  IBUF (Prop_ibuf_I_O)         0.210     0.210 r  BPreset_IBUF_inst/O
                         net (fo=22, routed)          1.405     1.614    U2/U12/SR[0]
    SLICE_X61Y16         FDRE                                         r  U2/U12/count_reg[0]/R
  -------------------------------------------------------------------    -------------------

                         (clock U0/clkout0 rise edge)
                                                      0.000     0.000 r  
    W5                                                0.000     0.000 r  GCLK (IN)
                         net (fo=0)                   0.000     0.000    GCLK
    W5                   IBUF (Prop_ibuf_I_O)         0.414     0.414 r  GCLK_IBUF_inst/O
                         net (fo=1, routed)           0.481     0.895    U0/GCLK
    PLLE2_ADV_X1Y0       PLLE2_ADV (Prop_plle2_adv_CLKIN1_CLKOUT0)
                                                     -2.638    -1.743 r  U0/U0/plle2_adv_inst/CLKOUT0
                         net (fo=1, routed)           0.546    -1.197    U0/U0/clkout0
    BUFGCTRL_X0Y0        BUFG (Prop_bufg_I_O)         0.029    -1.168 r  U0/U0/clkout1_buf/O
                         net (fo=102, routed)         0.857    -0.312    U2/U12/CLK
    SLICE_X61Y16         FDRE                                         r  U2/U12/count_reg[0]/C

Slack:                    inf
  Source:                 BPreset
                            (input port)
  Destination:            U2/U12/count_reg[1]/R
                            (rising edge-triggered cell FDRE clocked by U0/clkout0  {rise@0.000ns fall@5.000ns period=10.000ns})
  Path Group:             (none)
  Path Type:              Hold (Min at Fast Process Corner)
  Data Path Delay:        1.614ns  (logic 0.210ns (12.978%)  route 1.405ns (87.022%))
  Logic Levels:           1  (IBUF=1)
  Clock Path Skew:        -0.312ns (DCD - SCD - CPR)
    Destination Clock Delay (DCD):    -0.312ns
    Source Clock Delay      (SCD):    0.000ns
    Clock Pessimism Removal (CPR):    -0.000ns

    Location             Delay type                Incr(ns)  Path(ns)    Netlist Resource(s)
  -------------------------------------------------------------------    -------------------
    U18                                               0.000     0.000 r  BPreset (IN)
                         net (fo=0)                   0.000     0.000    BPreset
    U18                  IBUF (Prop_ibuf_I_O)         0.210     0.210 r  BPreset_IBUF_inst/O
                         net (fo=22, routed)          1.405     1.614    U2/U12/SR[0]
    SLICE_X61Y16         FDRE                                         r  U2/U12/count_reg[1]/R
  -------------------------------------------------------------------    -------------------

                         (clock U0/clkout0 rise edge)
                                                      0.000     0.000 r  
    W5                                                0.000     0.000 r  GCLK (IN)
                         net (fo=0)                   0.000     0.000    GCLK
    W5                   IBUF (Prop_ibuf_I_O)         0.414     0.414 r  GCLK_IBUF_inst/O
                         net (fo=1, routed)           0.481     0.895    U0/GCLK
    PLLE2_ADV_X1Y0       PLLE2_ADV (Prop_plle2_adv_CLKIN1_CLKOUT0)
                                                     -2.638    -1.743 r  U0/U0/plle2_adv_inst/CLKOUT0
                         net (fo=1, routed)           0.546    -1.197    U0/U0/clkout0
    BUFGCTRL_X0Y0        BUFG (Prop_bufg_I_O)         0.029    -1.168 r  U0/U0/clkout1_buf/O
                         net (fo=102, routed)         0.857    -0.312    U2/U12/CLK
    SLICE_X61Y16         FDRE                                         r  U2/U12/count_reg[1]/C

Slack:                    inf
  Source:                 BPreset
                            (input port)
  Destination:            U2/U12/count_reg[2]/R
                            (rising edge-triggered cell FDRE clocked by U0/clkout0  {rise@0.000ns fall@5.000ns period=10.000ns})
  Path Group:             (none)
  Path Type:              Hold (Min at Fast Process Corner)
  Data Path Delay:        1.614ns  (logic 0.210ns (12.978%)  route 1.405ns (87.022%))
  Logic Levels:           1  (IBUF=1)
  Clock Path Skew:        -0.312ns (DCD - SCD - CPR)
    Destination Clock Delay (DCD):    -0.312ns
    Source Clock Delay      (SCD):    0.000ns
    Clock Pessimism Removal (CPR):    -0.000ns

    Location             Delay type                Incr(ns)  Path(ns)    Netlist Resource(s)
  -------------------------------------------------------------------    -------------------
    U18                                               0.000     0.000 r  BPreset (IN)
                         net (fo=0)                   0.000     0.000    BPreset
    U18                  IBUF (Prop_ibuf_I_O)         0.210     0.210 r  BPreset_IBUF_inst/O
                         net (fo=22, routed)          1.405     1.614    U2/U12/SR[0]
    SLICE_X61Y16         FDRE                                         r  U2/U12/count_reg[2]/R
  -------------------------------------------------------------------    -------------------

                         (clock U0/clkout0 rise edge)
                                                      0.000     0.000 r  
    W5                                                0.000     0.000 r  GCLK (IN)
                         net (fo=0)                   0.000     0.000    GCLK
    W5                   IBUF (Prop_ibuf_I_O)         0.414     0.414 r  GCLK_IBUF_inst/O
                         net (fo=1, routed)           0.481     0.895    U0/GCLK
    PLLE2_ADV_X1Y0       PLLE2_ADV (Prop_plle2_adv_CLKIN1_CLKOUT0)
                                                     -2.638    -1.743 r  U0/U0/plle2_adv_inst/CLKOUT0
                         net (fo=1, routed)           0.546    -1.197    U0/U0/clkout0
    BUFGCTRL_X0Y0        BUFG (Prop_bufg_I_O)         0.029    -1.168 r  U0/U0/clkout1_buf/O
                         net (fo=102, routed)         0.857    -0.312    U2/U12/CLK
    SLICE_X61Y16         FDRE                                         r  U2/U12/count_reg[2]/C

Slack:                    inf
  Source:                 BPreset
                            (input port)
  Destination:            U2/U12/count_reg[3]/R
                            (rising edge-triggered cell FDRE clocked by U0/clkout0  {rise@0.000ns fall@5.000ns period=10.000ns})
  Path Group:             (none)
  Path Type:              Hold (Min at Fast Process Corner)
  Data Path Delay:        1.614ns  (logic 0.210ns (12.978%)  route 1.405ns (87.022%))
  Logic Levels:           1  (IBUF=1)
  Clock Path Skew:        -0.312ns (DCD - SCD - CPR)
    Destination Clock Delay (DCD):    -0.312ns
    Source Clock Delay      (SCD):    0.000ns
    Clock Pessimism Removal (CPR):    -0.000ns

    Location             Delay type                Incr(ns)  Path(ns)    Netlist Resource(s)
  -------------------------------------------------------------------    -------------------
    U18                                               0.000     0.000 r  BPreset (IN)
                         net (fo=0)                   0.000     0.000    BPreset
    U18                  IBUF (Prop_ibuf_I_O)         0.210     0.210 r  BPreset_IBUF_inst/O
                         net (fo=22, routed)          1.405     1.614    U2/U12/SR[0]
    SLICE_X61Y16         FDRE                                         r  U2/U12/count_reg[3]/R
  -------------------------------------------------------------------    -------------------

                         (clock U0/clkout0 rise edge)
                                                      0.000     0.000 r  
    W5                                                0.000     0.000 r  GCLK (IN)
                         net (fo=0)                   0.000     0.000    GCLK
    W5                   IBUF (Prop_ibuf_I_O)         0.414     0.414 r  GCLK_IBUF_inst/O
                         net (fo=1, routed)           0.481     0.895    U0/GCLK
    PLLE2_ADV_X1Y0       PLLE2_ADV (Prop_plle2_adv_CLKIN1_CLKOUT0)
                                                     -2.638    -1.743 r  U0/U0/plle2_adv_inst/CLKOUT0
                         net (fo=1, routed)           0.546    -1.197    U0/U0/clkout0
    BUFGCTRL_X0Y0        BUFG (Prop_bufg_I_O)         0.029    -1.168 r  U0/U0/clkout1_buf/O
                         net (fo=102, routed)         0.857    -0.312    U2/U12/CLK
    SLICE_X61Y16         FDRE                                         r  U2/U12/count_reg[3]/C

Slack:                    inf
  Source:                 BPreset
                            (input port)
  Destination:            U2/U0/q_reg_reg/R
                            (rising edge-triggered cell FDRE clocked by U0/clkout0  {rise@0.000ns fall@5.000ns period=10.000ns})
  Path Group:             (none)
  Path Type:              Hold (Min at Fast Process Corner)
  Data Path Delay:        1.668ns  (logic 0.210ns (12.563%)  route 1.458ns (87.437%))
  Logic Levels:           1  (IBUF=1)
  Clock Path Skew:        -0.313ns (DCD - SCD - CPR)
    Destination Clock Delay (DCD):    -0.313ns
    Source Clock Delay      (SCD):    0.000ns
    Clock Pessimism Removal (CPR):    -0.000ns

    Location             Delay type                Incr(ns)  Path(ns)    Netlist Resource(s)
  -------------------------------------------------------------------    -------------------
    U18                                               0.000     0.000 r  BPreset (IN)
                         net (fo=0)                   0.000     0.000    BPreset
    U18                  IBUF (Prop_ibuf_I_O)         0.210     0.210 r  BPreset_IBUF_inst/O
                         net (fo=22, routed)          1.458     1.668    U2/U0/SR[0]
    SLICE_X60Y17         FDRE                                         r  U2/U0/q_reg_reg/R
  -------------------------------------------------------------------    -------------------

                         (clock U0/clkout0 rise edge)
                                                      0.000     0.000 r  
    W5                                                0.000     0.000 r  GCLK (IN)
                         net (fo=0)                   0.000     0.000    GCLK
    W5                   IBUF (Prop_ibuf_I_O)         0.414     0.414 r  GCLK_IBUF_inst/O
                         net (fo=1, routed)           0.481     0.895    U0/GCLK
    PLLE2_ADV_X1Y0       PLLE2_ADV (Prop_plle2_adv_CLKIN1_CLKOUT0)
                                                     -2.638    -1.743 r  U0/U0/plle2_adv_inst/CLKOUT0
                         net (fo=1, routed)           0.546    -1.197    U0/U0/clkout0
    BUFGCTRL_X0Y0        BUFG (Prop_bufg_I_O)         0.029    -1.168 r  U0/U0/clkout1_buf/O
                         net (fo=102, routed)         0.856    -0.313    U2/U0/CLK
    SLICE_X60Y17         FDRE                                         r  U2/U0/q_reg_reg/C

Slack:                    inf
  Source:                 BPreset
                            (input port)
  Destination:            U2/U1/q_reg_reg/R
                            (rising edge-triggered cell FDRE clocked by U0/clkout0  {rise@0.000ns fall@5.000ns period=10.000ns})
  Path Group:             (none)
  Path Type:              Hold (Min at Fast Process Corner)
  Data Path Delay:        1.668ns  (logic 0.210ns (12.563%)  route 1.458ns (87.437%))
  Logic Levels:           1  (IBUF=1)
  Clock Path Skew:        -0.313ns (DCD - SCD - CPR)
    Destination Clock Delay (DCD):    -0.313ns
    Source Clock Delay      (SCD):    0.000ns
    Clock Pessimism Removal (CPR):    -0.000ns

    Location             Delay type                Incr(ns)  Path(ns)    Netlist Resource(s)
  -------------------------------------------------------------------    -------------------
    U18                                               0.000     0.000 r  BPreset (IN)
                         net (fo=0)                   0.000     0.000    BPreset
    U18                  IBUF (Prop_ibuf_I_O)         0.210     0.210 r  BPreset_IBUF_inst/O
                         net (fo=22, routed)          1.458     1.668    U2/U1/SR[0]
    SLICE_X60Y17         FDRE                                         r  U2/U1/q_reg_reg/R
  -------------------------------------------------------------------    -------------------

                         (clock U0/clkout0 rise edge)
                                                      0.000     0.000 r  
    W5                                                0.000     0.000 r  GCLK (IN)
                         net (fo=0)                   0.000     0.000    GCLK
    W5                   IBUF (Prop_ibuf_I_O)         0.414     0.414 r  GCLK_IBUF_inst/O
                         net (fo=1, routed)           0.481     0.895    U0/GCLK
    PLLE2_ADV_X1Y0       PLLE2_ADV (Prop_plle2_adv_CLKIN1_CLKOUT0)
                                                     -2.638    -1.743 r  U0/U0/plle2_adv_inst/CLKOUT0
                         net (fo=1, routed)           0.546    -1.197    U0/U0/clkout0
    BUFGCTRL_X0Y0        BUFG (Prop_bufg_I_O)         0.029    -1.168 r  U0/U0/clkout1_buf/O
                         net (fo=102, routed)         0.856    -0.313    U2/U1/CLK
    SLICE_X60Y17         FDRE                                         r  U2/U1/q_reg_reg/C

Slack:                    inf
  Source:                 BPreset
                            (input port)
  Destination:            U2/U5/q_reg_reg/R
                            (rising edge-triggered cell FDRE clocked by U0/clkout0  {rise@0.000ns fall@5.000ns period=10.000ns})
  Path Group:             (none)
  Path Type:              Hold (Min at Fast Process Corner)
  Data Path Delay:        1.668ns  (logic 0.210ns (12.563%)  route 1.458ns (87.437%))
  Logic Levels:           1  (IBUF=1)
  Clock Path Skew:        -0.313ns (DCD - SCD - CPR)
    Destination Clock Delay (DCD):    -0.313ns
    Source Clock Delay      (SCD):    0.000ns
    Clock Pessimism Removal (CPR):    -0.000ns

    Location             Delay type                Incr(ns)  Path(ns)    Netlist Resource(s)
  -------------------------------------------------------------------    -------------------
    U18                                               0.000     0.000 r  BPreset (IN)
                         net (fo=0)                   0.000     0.000    BPreset
    U18                  IBUF (Prop_ibuf_I_O)         0.210     0.210 r  BPreset_IBUF_inst/O
                         net (fo=22, routed)          1.458     1.668    U2/U5/SR[0]
    SLICE_X60Y17         FDRE                                         r  U2/U5/q_reg_reg/R
  -------------------------------------------------------------------    -------------------

                         (clock U0/clkout0 rise edge)
                                                      0.000     0.000 r  
    W5                                                0.000     0.000 r  GCLK (IN)
                         net (fo=0)                   0.000     0.000    GCLK
    W5                   IBUF (Prop_ibuf_I_O)         0.414     0.414 r  GCLK_IBUF_inst/O
                         net (fo=1, routed)           0.481     0.895    U0/GCLK
    PLLE2_ADV_X1Y0       PLLE2_ADV (Prop_plle2_adv_CLKIN1_CLKOUT0)
                                                     -2.638    -1.743 r  U0/U0/plle2_adv_inst/CLKOUT0
                         net (fo=1, routed)           0.546    -1.197    U0/U0/clkout0
    BUFGCTRL_X0Y0        BUFG (Prop_bufg_I_O)         0.029    -1.168 r  U0/U0/clkout1_buf/O
                         net (fo=102, routed)         0.856    -0.313    U2/U5/CLK
    SLICE_X60Y17         FDRE                                         r  U2/U5/q_reg_reg/C

Slack:                    inf
  Source:                 BPreset
                            (input port)
  Destination:            U2/U6/q_reg_reg/R
                            (rising edge-triggered cell FDRE clocked by U0/clkout0  {rise@0.000ns fall@5.000ns period=10.000ns})
  Path Group:             (none)
  Path Type:              Hold (Min at Fast Process Corner)
  Data Path Delay:        1.668ns  (logic 0.210ns (12.563%)  route 1.458ns (87.437%))
  Logic Levels:           1  (IBUF=1)
  Clock Path Skew:        -0.313ns (DCD - SCD - CPR)
    Destination Clock Delay (DCD):    -0.313ns
    Source Clock Delay      (SCD):    0.000ns
    Clock Pessimism Removal (CPR):    -0.000ns

    Location             Delay type                Incr(ns)  Path(ns)    Netlist Resource(s)
  -------------------------------------------------------------------    -------------------
    U18                                               0.000     0.000 r  BPreset (IN)
                         net (fo=0)                   0.000     0.000    BPreset
    U18                  IBUF (Prop_ibuf_I_O)         0.210     0.210 r  BPreset_IBUF_inst/O
                         net (fo=22, routed)          1.458     1.668    U2/U6/SR[0]
    SLICE_X60Y17         FDRE                                         r  U2/U6/q_reg_reg/R
  -------------------------------------------------------------------    -------------------

                         (clock U0/clkout0 rise edge)
                                                      0.000     0.000 r  
    W5                                                0.000     0.000 r  GCLK (IN)
                         net (fo=0)                   0.000     0.000    GCLK
    W5                   IBUF (Prop_ibuf_I_O)         0.414     0.414 r  GCLK_IBUF_inst/O
                         net (fo=1, routed)           0.481     0.895    U0/GCLK
    PLLE2_ADV_X1Y0       PLLE2_ADV (Prop_plle2_adv_CLKIN1_CLKOUT0)
                                                     -2.638    -1.743 r  U0/U0/plle2_adv_inst/CLKOUT0
                         net (fo=1, routed)           0.546    -1.197    U0/U0/clkout0
    BUFGCTRL_X0Y0        BUFG (Prop_bufg_I_O)         0.029    -1.168 r  U0/U0/clkout1_buf/O
                         net (fo=102, routed)         0.856    -0.313    U2/U6/CLK
    SLICE_X60Y17         FDRE                                         r  U2/U6/q_reg_reg/C





