Copyright 1986-2022 Xilinx, Inc. All Rights Reserved. Copyright 2022-2024 Advanced Micro Devices, Inc. All Rights Reserved.
------------------------------------------------------------------------------------------------------------------------------------------------------------------------------------------------------------------------------
| Tool Version : Vivado v.2024.2 (lin64) Build 5239630 Fri Nov 08 22:34:34 MST 2024
| Date         : Tue Apr 29 22:03:10 2025
| Host         : CASE running 64-bit Ubuntu 24.04.2 LTS
| Command      : report_timing_summary -max_paths 10 -report_unconstrained -file CHRONOMETER_timing_summary_routed.rpt -pb CHRONOMETER_timing_summary_routed.pb -rpx CHRONOMETER_timing_summary_routed.rpx -warn_on_violation
| Design       : CHRONOMETER
| Device       : 7a35t-cpg236
| Speed File   : -1  PRODUCTION 1.23 2018-06-13
| Design State : Routed
------------------------------------------------------------------------------------------------------------------------------------------------------------------------------------------------------------------------------

Timing Summary Report

------------------------------------------------------------------------------------------------
| Timer Settings
| --------------
------------------------------------------------------------------------------------------------

  Enable Multi Corner Analysis               :  Yes
  Enable Pessimism Removal                   :  Yes
  Pessimism Removal Resolution               :  Nearest Common Node
  Enable Input Delay Default Clock           :  No
  Enable Preset / Clear Arcs                 :  No
  Disable Flight Delays                      :  No
  Ignore I/O Paths                           :  No
  Timing Early Launch at Borrowing Latches   :  No
  Borrow Time for Max Delay Exceptions       :  Yes
  Merge Timing Exceptions                    :  Yes
  Inter-SLR Compensation                     :  Conservative

  Corner  Analyze    Analyze    
  Name    Max Paths  Min Paths  
  ------  ---------  ---------  
  Slow    Yes        Yes        
  Fast    Yes        Yes        


------------------------------------------------------------------------------------------------
| Report Methodology
| ------------------
------------------------------------------------------------------------------------------------

Rule       Severity          Description                                     Violations  
---------  ----------------  ----------------------------------------------  ----------  
TIMING-6   Critical Warning  No common primary clock between related clocks  1           
TIMING-7   Critical Warning  No common node between related clocks           1           
TIMING-18  Warning           Missing input or output delay                   19          

Note: This report is based on the most recent report_methodology run and may not be up-to-date. Run report_methodology on the current design for the latest report.



check_timing report

Table of Contents
-----------------
1. checking no_clock (0)
2. checking constant_clock (0)
3. checking pulse_width_clock (0)
4. checking unconstrained_internal_endpoints (0)
5. checking no_input_delay (3)
6. checking no_output_delay (16)
7. checking multiple_clock (0)
8. checking generated_clocks (0)
9. checking loops (0)
10. checking partial_input_delay (0)
11. checking partial_output_delay (0)
12. checking latch_loops (0)

1. checking no_clock (0)
------------------------
 There are 0 register/latch pins with no clock.


2. checking constant_clock (0)
------------------------------
 There are 0 register/latch pins with constant_clock.


3. checking pulse_width_clock (0)
---------------------------------
 There are 0 register/latch pins which need pulse_width check


4. checking unconstrained_internal_endpoints (0)
------------------------------------------------
 There are 0 pins that are not constrained for maximum delay.

 There are 0 pins that are not constrained for maximum delay due to constant clock.


5. checking no_input_delay (3)
------------------------------
 There are 3 input ports with no input delay specified. (HIGH)

 There are 0 input ports with no input delay but user has a false path constraint.


6. checking no_output_delay (16)
--------------------------------
 There are 16 ports with no output delay specified. (HIGH)

 There are 0 ports with no output delay but user has a false path constraint

 There are 0 ports with no output delay but with a timing clock defined on it or propagating through it


7. checking multiple_clock (0)
------------------------------
 There are 0 register/latch pins with multiple clocks.


8. checking generated_clocks (0)
--------------------------------
 There are 0 generated clocks that are not connected to a clock source.


9. checking loops (0)
---------------------
 There are 0 combinational loops in the design.


10. checking partial_input_delay (0)
------------------------------------
 There are 0 input ports with partial input delay specified.


11. checking partial_output_delay (0)
-------------------------------------
 There are 0 ports with partial output delay specified.


12. checking latch_loops (0)
----------------------------
 There are 0 combinational latch loops in the design through latch input



------------------------------------------------------------------------------------------------
| Design Timing Summary
| ---------------------
------------------------------------------------------------------------------------------------

    WNS(ns)      TNS(ns)  TNS Failing Endpoints  TNS Total Endpoints      WHS(ns)      THS(ns)  THS Failing Endpoints  THS Total Endpoints     WPWS(ns)     TPWS(ns)  TPWS Failing Endpoints  TPWS Total Endpoints  
    -------      -------  ---------------------  -------------------      -------      -------  ---------------------  -------------------     --------     --------  ----------------------  --------------------  
      3.907        0.000                      0                   33        0.263        0.000                      0                   33        4.500        0.000                       0                    18  


All user specified timing constraints are met.


------------------------------------------------------------------------------------------------
| Clock Summary
| -------------
------------------------------------------------------------------------------------------------

Clock  Waveform(ns)         Period(ns)      Frequency(MHz)
-----  ------------         ----------      --------------
CE_1s  {0.000 500.000}      1000.000        1.000           
CLK    {0.000 5.000}        10.000          100.000         


------------------------------------------------------------------------------------------------
| Intra Clock Table
| -----------------
------------------------------------------------------------------------------------------------

Clock             WNS(ns)      TNS(ns)  TNS Failing Endpoints  TNS Total Endpoints      WHS(ns)      THS(ns)  THS Failing Endpoints  THS Total Endpoints     WPWS(ns)     TPWS(ns)  TPWS Failing Endpoints  TPWS Total Endpoints  
-----             -------      -------  ---------------------  -------------------      -------      -------  ---------------------  -------------------     --------     --------  ----------------------  --------------------  
CLK                 3.907        0.000                      0                   33        0.263        0.000                      0                   33        4.500        0.000                       0                    18  


------------------------------------------------------------------------------------------------
| Inter Clock Table
| -----------------
------------------------------------------------------------------------------------------------

From Clock    To Clock          WNS(ns)      TNS(ns)  TNS Failing Endpoints  TNS Total Endpoints      WHS(ns)      THS(ns)  THS Failing Endpoints  THS Total Endpoints  
----------    --------          -------      -------  ---------------------  -------------------      -------      -------  ---------------------  -------------------  
CE_1s         CLK                 4.667        0.000                      0                   16        0.471        0.000                      0                   16  


------------------------------------------------------------------------------------------------
| Other Path Groups Table
| -----------------------
------------------------------------------------------------------------------------------------

Path Group    From Clock    To Clock          WNS(ns)      TNS(ns)  TNS Failing Endpoints  TNS Total Endpoints      WHS(ns)      THS(ns)  THS Failing Endpoints  THS Total Endpoints  
----------    ----------    --------          -------      -------  ---------------------  -------------------      -------      -------  ---------------------  -------------------  


------------------------------------------------------------------------------------------------
| User Ignored Path Table
| -----------------------
------------------------------------------------------------------------------------------------

Path Group    From Clock    To Clock    
----------    ----------    --------    


------------------------------------------------------------------------------------------------
| Unconstrained Path Table
| ------------------------
------------------------------------------------------------------------------------------------

Path Group    From Clock    To Clock    
----------    ----------    --------    
(none)        CLK                         
(none)                      CLK           


------------------------------------------------------------------------------------------------
| Timing Details
| --------------
------------------------------------------------------------------------------------------------


---------------------------------------------------------------------------------------------------
From Clock:  CLK
  To Clock:  CLK

Setup :            0  Failing Endpoints,  Worst Slack        3.907ns,  Total Violation        0.000ns
Hold  :            0  Failing Endpoints,  Worst Slack        0.263ns,  Total Violation        0.000ns
PW    :            0  Failing Endpoints,  Worst Slack        4.500ns,  Total Violation        0.000ns
---------------------------------------------------------------------------------------------------


Max Delay Paths
--------------------------------------------------------------------------------------
Slack (MET) :             3.907ns  (required time - arrival time)
  Source:                 C1/count_reg[3]/C
                            (rising edge-triggered cell FDCE clocked by CLK  {rise@0.000ns fall@5.000ns period=10.000ns})
  Destination:            C3/count_reg[0]/CE
                            (rising edge-triggered cell FDCE clocked by CLK  {rise@0.000ns fall@5.000ns period=10.000ns})
  Path Group:             CLK
  Path Type:              Setup (Max at Slow Process Corner)
  Requirement:            10.000ns  (CLK rise@10.000ns - CLK rise@0.000ns)
  Data Path Delay:        5.653ns  (logic 0.926ns (16.379%)  route 4.727ns (83.621%))
  Logic Levels:           2  (LUT5=2)
  Clock Path Skew:        -0.028ns (DCD - SCD + CPR)
    Destination Clock Delay (DCD):    4.287ns = ( 14.287 - 10.000 ) 
    Source Clock Delay      (SCD):    4.652ns
    Clock Pessimism Removal (CPR):    0.337ns
  Clock Uncertainty:      0.035ns  ((TSJ^2 + TIJ^2)^1/2 + DJ) / 2 + PE
    Total System Jitter     (TSJ):    0.071ns
    Total Input Jitter      (TIJ):    0.000ns
    Discrete Jitter          (DJ):    0.000ns
    Phase Error              (PE):    0.000ns

    Location             Delay type                Incr(ns)  Path(ns)    Netlist Resource(s)
  -------------------------------------------------------------------    -------------------
                         (clock CLK rise edge)        0.000     0.000 r  
    U8                                                0.000     0.000 r  CLK (IN)
                         net (fo=0)                   0.000     0.000    CLK
    U8                   IBUF (Prop_ibuf_I_O)         0.965     0.965 r  CLK_IBUF_inst/O
                         net (fo=1, routed)           1.967     2.932    CLK_IBUF
    BUFGCTRL_X0Y0        BUFG (Prop_bufg_I_O)         0.096     3.028 r  CLK_IBUF_BUFG_inst/O
                         net (fo=17, routed)          1.624     4.652    C1/CLK
    SLICE_X64Y28         FDCE                                         r  C1/count_reg[3]/C
  -------------------------------------------------------------------    -------------------
    SLICE_X64Y28         FDCE (Prop_fdce_C_Q)         0.478     5.130 r  C1/count_reg[3]/Q
                         net (fo=4, routed)           1.022     6.153    C1/Q[3]
    SLICE_X64Y28         LUT5 (Prop_lut5_I2_O)        0.295     6.448 r  C1/count[3]_i_1__1/O
                         net (fo=6, routed)           2.294     8.741    C2/count_reg[3]_0[0]
    SLICE_X64Y27         LUT5 (Prop_lut5_I0_O)        0.153     8.894 r  C2/count[3]_i_1__0/O
                         net (fo=4, routed)           1.411    10.306    C3/E[0]
    SLICE_X64Y25         FDCE                                         r  C3/count_reg[0]/CE
  -------------------------------------------------------------------    -------------------

                         (clock CLK rise edge)       10.000    10.000 r  
    U8                                                0.000    10.000 r  CLK (IN)
                         net (fo=0)                   0.000    10.000    CLK
    U8                   IBUF (Prop_ibuf_I_O)         0.832    10.832 r  CLK_IBUF_inst/O
                         net (fo=1, routed)           1.862    12.694    CLK_IBUF
    BUFGCTRL_X0Y0        BUFG (Prop_bufg_I_O)         0.091    12.785 r  CLK_IBUF_BUFG_inst/O
                         net (fo=17, routed)          1.502    14.287    C3/CLK
    SLICE_X64Y25         FDCE                                         r  C3/count_reg[0]/C
                         clock pessimism              0.337    14.624    
                         clock uncertainty           -0.035    14.589    
    SLICE_X64Y25         FDCE (Setup_fdce_C_CE)      -0.376    14.213    C3/count_reg[0]
  -------------------------------------------------------------------
                         required time                         14.213    
                         arrival time                         -10.306    
  -------------------------------------------------------------------
                         slack                                  3.907    

Slack (MET) :             3.907ns  (required time - arrival time)
  Source:                 C1/count_reg[3]/C
                            (rising edge-triggered cell FDCE clocked by CLK  {rise@0.000ns fall@5.000ns period=10.000ns})
  Destination:            C3/count_reg[1]/CE
                            (rising edge-triggered cell FDCE clocked by CLK  {rise@0.000ns fall@5.000ns period=10.000ns})
  Path Group:             CLK
  Path Type:              Setup (Max at Slow Process Corner)
  Requirement:            10.000ns  (CLK rise@10.000ns - CLK rise@0.000ns)
  Data Path Delay:        5.653ns  (logic 0.926ns (16.379%)  route 4.727ns (83.621%))
  Logic Levels:           2  (LUT5=2)
  Clock Path Skew:        -0.028ns (DCD - SCD + CPR)
    Destination Clock Delay (DCD):    4.287ns = ( 14.287 - 10.000 ) 
    Source Clock Delay      (SCD):    4.652ns
    Clock Pessimism Removal (CPR):    0.337ns
  Clock Uncertainty:      0.035ns  ((TSJ^2 + TIJ^2)^1/2 + DJ) / 2 + PE
    Total System Jitter     (TSJ):    0.071ns
    Total Input Jitter      (TIJ):    0.000ns
    Discrete Jitter          (DJ):    0.000ns
    Phase Error              (PE):    0.000ns

    Location             Delay type                Incr(ns)  Path(ns)    Netlist Resource(s)
  -------------------------------------------------------------------    -------------------
                         (clock CLK rise edge)        0.000     0.000 r  
    U8                                                0.000     0.000 r  CLK (IN)
                         net (fo=0)                   0.000     0.000    CLK
    U8                   IBUF (Prop_ibuf_I_O)         0.965     0.965 r  CLK_IBUF_inst/O
                         net (fo=1, routed)           1.967     2.932    CLK_IBUF
    BUFGCTRL_X0Y0        BUFG (Prop_bufg_I_O)         0.096     3.028 r  CLK_IBUF_BUFG_inst/O
                         net (fo=17, routed)          1.624     4.652    C1/CLK
    SLICE_X64Y28         FDCE                                         r  C1/count_reg[3]/C
  -------------------------------------------------------------------    -------------------
    SLICE_X64Y28         FDCE (Prop_fdce_C_Q)         0.478     5.130 r  C1/count_reg[3]/Q
                         net (fo=4, routed)           1.022     6.153    C1/Q[3]
    SLICE_X64Y28         LUT5 (Prop_lut5_I2_O)        0.295     6.448 r  C1/count[3]_i_1__1/O
                         net (fo=6, routed)           2.294     8.741    C2/count_reg[3]_0[0]
    SLICE_X64Y27         LUT5 (Prop_lut5_I0_O)        0.153     8.894 r  C2/count[3]_i_1__0/O
                         net (fo=4, routed)           1.411    10.306    C3/E[0]
    SLICE_X64Y25         FDCE                                         r  C3/count_reg[1]/CE
  -------------------------------------------------------------------    -------------------

                         (clock CLK rise edge)       10.000    10.000 r  
    U8                                                0.000    10.000 r  CLK (IN)
                         net (fo=0)                   0.000    10.000    CLK
    U8                   IBUF (Prop_ibuf_I_O)         0.832    10.832 r  CLK_IBUF_inst/O
                         net (fo=1, routed)           1.862    12.694    CLK_IBUF
    BUFGCTRL_X0Y0        BUFG (Prop_bufg_I_O)         0.091    12.785 r  CLK_IBUF_BUFG_inst/O
                         net (fo=17, routed)          1.502    14.287    C3/CLK
    SLICE_X64Y25         FDCE                                         r  C3/count_reg[1]/C
                         clock pessimism              0.337    14.624    
                         clock uncertainty           -0.035    14.589    
    SLICE_X64Y25         FDCE (Setup_fdce_C_CE)      -0.376    14.213    C3/count_reg[1]
  -------------------------------------------------------------------
                         required time                         14.213    
                         arrival time                         -10.306    
  -------------------------------------------------------------------
                         slack                                  3.907    

Slack (MET) :             3.907ns  (required time - arrival time)
  Source:                 C1/count_reg[3]/C
                            (rising edge-triggered cell FDCE clocked by CLK  {rise@0.000ns fall@5.000ns period=10.000ns})
  Destination:            C3/count_reg[2]/CE
                            (rising edge-triggered cell FDCE clocked by CLK  {rise@0.000ns fall@5.000ns period=10.000ns})
  Path Group:             CLK
  Path Type:              Setup (Max at Slow Process Corner)
  Requirement:            10.000ns  (CLK rise@10.000ns - CLK rise@0.000ns)
  Data Path Delay:        5.653ns  (logic 0.926ns (16.379%)  route 4.727ns (83.621%))
  Logic Levels:           2  (LUT5=2)
  Clock Path Skew:        -0.028ns (DCD - SCD + CPR)
    Destination Clock Delay (DCD):    4.287ns = ( 14.287 - 10.000 ) 
    Source Clock Delay      (SCD):    4.652ns
    Clock Pessimism Removal (CPR):    0.337ns
  Clock Uncertainty:      0.035ns  ((TSJ^2 + TIJ^2)^1/2 + DJ) / 2 + PE
    Total System Jitter     (TSJ):    0.071ns
    Total Input Jitter      (TIJ):    0.000ns
    Discrete Jitter          (DJ):    0.000ns
    Phase Error              (PE):    0.000ns

    Location             Delay type                Incr(ns)  Path(ns)    Netlist Resource(s)
  -------------------------------------------------------------------    -------------------
                         (clock CLK rise edge)        0.000     0.000 r  
    U8                                                0.000     0.000 r  CLK (IN)
                         net (fo=0)                   0.000     0.000    CLK
    U8                   IBUF (Prop_ibuf_I_O)         0.965     0.965 r  CLK_IBUF_inst/O
                         net (fo=1, routed)           1.967     2.932    CLK_IBUF
    BUFGCTRL_X0Y0        BUFG (Prop_bufg_I_O)         0.096     3.028 r  CLK_IBUF_BUFG_inst/O
                         net (fo=17, routed)          1.624     4.652    C1/CLK
    SLICE_X64Y28         FDCE                                         r  C1/count_reg[3]/C
  -------------------------------------------------------------------    -------------------
    SLICE_X64Y28         FDCE (Prop_fdce_C_Q)         0.478     5.130 r  C1/count_reg[3]/Q
                         net (fo=4, routed)           1.022     6.153    C1/Q[3]
    SLICE_X64Y28         LUT5 (Prop_lut5_I2_O)        0.295     6.448 r  C1/count[3]_i_1__1/O
                         net (fo=6, routed)           2.294     8.741    C2/count_reg[3]_0[0]
    SLICE_X64Y27         LUT5 (Prop_lut5_I0_O)        0.153     8.894 r  C2/count[3]_i_1__0/O
                         net (fo=4, routed)           1.411    10.306    C3/E[0]
    SLICE_X64Y25         FDCE                                         r  C3/count_reg[2]/CE
  -------------------------------------------------------------------    -------------------

                         (clock CLK rise edge)       10.000    10.000 r  
    U8                                                0.000    10.000 r  CLK (IN)
                         net (fo=0)                   0.000    10.000    CLK
    U8                   IBUF (Prop_ibuf_I_O)         0.832    10.832 r  CLK_IBUF_inst/O
                         net (fo=1, routed)           1.862    12.694    CLK_IBUF
    BUFGCTRL_X0Y0        BUFG (Prop_bufg_I_O)         0.091    12.785 r  CLK_IBUF_BUFG_inst/O
                         net (fo=17, routed)          1.502    14.287    C3/CLK
    SLICE_X64Y25         FDCE                                         r  C3/count_reg[2]/C
                         clock pessimism              0.337    14.624    
                         clock uncertainty           -0.035    14.589    
    SLICE_X64Y25         FDCE (Setup_fdce_C_CE)      -0.376    14.213    C3/count_reg[2]
  -------------------------------------------------------------------
                         required time                         14.213    
                         arrival time                         -10.306    
  -------------------------------------------------------------------
                         slack                                  3.907    

Slack (MET) :             3.907ns  (required time - arrival time)
  Source:                 C1/count_reg[3]/C
                            (rising edge-triggered cell FDCE clocked by CLK  {rise@0.000ns fall@5.000ns period=10.000ns})
  Destination:            C3/count_reg[3]/CE
                            (rising edge-triggered cell FDCE clocked by CLK  {rise@0.000ns fall@5.000ns period=10.000ns})
  Path Group:             CLK
  Path Type:              Setup (Max at Slow Process Corner)
  Requirement:            10.000ns  (CLK rise@10.000ns - CLK rise@0.000ns)
  Data Path Delay:        5.653ns  (logic 0.926ns (16.379%)  route 4.727ns (83.621%))
  Logic Levels:           2  (LUT5=2)
  Clock Path Skew:        -0.028ns (DCD - SCD + CPR)
    Destination Clock Delay (DCD):    4.287ns = ( 14.287 - 10.000 ) 
    Source Clock Delay      (SCD):    4.652ns
    Clock Pessimism Removal (CPR):    0.337ns
  Clock Uncertainty:      0.035ns  ((TSJ^2 + TIJ^2)^1/2 + DJ) / 2 + PE
    Total System Jitter     (TSJ):    0.071ns
    Total Input Jitter      (TIJ):    0.000ns
    Discrete Jitter          (DJ):    0.000ns
    Phase Error              (PE):    0.000ns

    Location             Delay type                Incr(ns)  Path(ns)    Netlist Resource(s)
  -------------------------------------------------------------------    -------------------
                         (clock CLK rise edge)        0.000     0.000 r  
    U8                                                0.000     0.000 r  CLK (IN)
                         net (fo=0)                   0.000     0.000    CLK
    U8                   IBUF (Prop_ibuf_I_O)         0.965     0.965 r  CLK_IBUF_inst/O
                         net (fo=1, routed)           1.967     2.932    CLK_IBUF
    BUFGCTRL_X0Y0        BUFG (Prop_bufg_I_O)         0.096     3.028 r  CLK_IBUF_BUFG_inst/O
                         net (fo=17, routed)          1.624     4.652    C1/CLK
    SLICE_X64Y28         FDCE                                         r  C1/count_reg[3]/C
  -------------------------------------------------------------------    -------------------
    SLICE_X64Y28         FDCE (Prop_fdce_C_Q)         0.478     5.130 r  C1/count_reg[3]/Q
                         net (fo=4, routed)           1.022     6.153    C1/Q[3]
    SLICE_X64Y28         LUT5 (Prop_lut5_I2_O)        0.295     6.448 r  C1/count[3]_i_1__1/O
                         net (fo=6, routed)           2.294     8.741    C2/count_reg[3]_0[0]
    SLICE_X64Y27         LUT5 (Prop_lut5_I0_O)        0.153     8.894 r  C2/count[3]_i_1__0/O
                         net (fo=4, routed)           1.411    10.306    C3/E[0]
    SLICE_X64Y25         FDCE                                         r  C3/count_reg[3]/CE
  -------------------------------------------------------------------    -------------------

                         (clock CLK rise edge)       10.000    10.000 r  
    U8                                                0.000    10.000 r  CLK (IN)
                         net (fo=0)                   0.000    10.000    CLK
    U8                   IBUF (Prop_ibuf_I_O)         0.832    10.832 r  CLK_IBUF_inst/O
                         net (fo=1, routed)           1.862    12.694    CLK_IBUF
    BUFGCTRL_X0Y0        BUFG (Prop_bufg_I_O)         0.091    12.785 r  CLK_IBUF_BUFG_inst/O
                         net (fo=17, routed)          1.502    14.287    C3/CLK
    SLICE_X64Y25         FDCE                                         r  C3/count_reg[3]/C
                         clock pessimism              0.337    14.624    
                         clock uncertainty           -0.035    14.589    
    SLICE_X64Y25         FDCE (Setup_fdce_C_CE)      -0.376    14.213    C3/count_reg[3]
  -------------------------------------------------------------------
                         required time                         14.213    
                         arrival time                         -10.306    
  -------------------------------------------------------------------
                         slack                                  3.907    

Slack (MET) :             4.779ns  (required time - arrival time)
  Source:                 C1/count_reg[3]/C
                            (rising edge-triggered cell FDCE clocked by CLK  {rise@0.000ns fall@5.000ns period=10.000ns})
  Destination:            C4/count_reg[0]/CE
                            (rising edge-triggered cell FDCE clocked by CLK  {rise@0.000ns fall@5.000ns period=10.000ns})
  Path Group:             CLK
  Path Type:              Setup (Max at Slow Process Corner)
  Requirement:            10.000ns  (CLK rise@10.000ns - CLK rise@0.000ns)
  Data Path Delay:        4.980ns  (logic 0.897ns (18.014%)  route 4.083ns (81.986%))
  Logic Levels:           2  (LUT4=1 LUT5=1)
  Clock Path Skew:        -0.037ns (DCD - SCD + CPR)
    Destination Clock Delay (DCD):    4.292ns = ( 14.292 - 10.000 ) 
    Source Clock Delay      (SCD):    4.652ns
    Clock Pessimism Removal (CPR):    0.323ns
  Clock Uncertainty:      0.035ns  ((TSJ^2 + TIJ^2)^1/2 + DJ) / 2 + PE
    Total System Jitter     (TSJ):    0.071ns
    Total Input Jitter      (TIJ):    0.000ns
    Discrete Jitter          (DJ):    0.000ns
    Phase Error              (PE):    0.000ns

    Location             Delay type                Incr(ns)  Path(ns)    Netlist Resource(s)
  -------------------------------------------------------------------    -------------------
                         (clock CLK rise edge)        0.000     0.000 r  
    U8                                                0.000     0.000 r  CLK (IN)
                         net (fo=0)                   0.000     0.000    CLK
    U8                   IBUF (Prop_ibuf_I_O)         0.965     0.965 r  CLK_IBUF_inst/O
                         net (fo=1, routed)           1.967     2.932    CLK_IBUF
    BUFGCTRL_X0Y0        BUFG (Prop_bufg_I_O)         0.096     3.028 r  CLK_IBUF_BUFG_inst/O
                         net (fo=17, routed)          1.624     4.652    C1/CLK
    SLICE_X64Y28         FDCE                                         r  C1/count_reg[3]/C
  -------------------------------------------------------------------    -------------------
    SLICE_X64Y28         FDCE (Prop_fdce_C_Q)         0.478     5.130 r  C1/count_reg[3]/Q
                         net (fo=4, routed)           1.022     6.153    C1/Q[3]
    SLICE_X64Y28         LUT5 (Prop_lut5_I2_O)        0.295     6.448 r  C1/count[3]_i_1__1/O
                         net (fo=6, routed)           1.208     7.656    C1/count_reg[0]_0[0]
    SLICE_X64Y27         LUT4 (Prop_lut4_I1_O)        0.124     7.780 r  C1/count[3]_i_1/O
                         net (fo=4, routed)           1.852     9.632    C4/E[0]
    SLICE_X64Y21         FDCE                                         r  C4/count_reg[0]/CE
  -------------------------------------------------------------------    -------------------

                         (clock CLK rise edge)       10.000    10.000 r  
    U8                                                0.000    10.000 r  CLK (IN)
                         net (fo=0)                   0.000    10.000    CLK
    U8                   IBUF (Prop_ibuf_I_O)         0.832    10.832 r  CLK_IBUF_inst/O
                         net (fo=1, routed)           1.862    12.694    CLK_IBUF
    BUFGCTRL_X0Y0        BUFG (Prop_bufg_I_O)         0.091    12.785 r  CLK_IBUF_BUFG_inst/O
                         net (fo=17, routed)          1.507    14.292    C4/CLK
    SLICE_X64Y21         FDCE                                         r  C4/count_reg[0]/C
                         clock pessimism              0.323    14.615    
                         clock uncertainty           -0.035    14.580    
    SLICE_X64Y21         FDCE (Setup_fdce_C_CE)      -0.169    14.411    C4/count_reg[0]
  -------------------------------------------------------------------
                         required time                         14.411    
                         arrival time                          -9.632    
  -------------------------------------------------------------------
                         slack                                  4.779    

Slack (MET) :             4.779ns  (required time - arrival time)
  Source:                 C1/count_reg[3]/C
                            (rising edge-triggered cell FDCE clocked by CLK  {rise@0.000ns fall@5.000ns period=10.000ns})
  Destination:            C4/count_reg[1]/CE
                            (rising edge-triggered cell FDCE clocked by CLK  {rise@0.000ns fall@5.000ns period=10.000ns})
  Path Group:             CLK
  Path Type:              Setup (Max at Slow Process Corner)
  Requirement:            10.000ns  (CLK rise@10.000ns - CLK rise@0.000ns)
  Data Path Delay:        4.980ns  (logic 0.897ns (18.014%)  route 4.083ns (81.986%))
  Logic Levels:           2  (LUT4=1 LUT5=1)
  Clock Path Skew:        -0.037ns (DCD - SCD + CPR)
    Destination Clock Delay (DCD):    4.292ns = ( 14.292 - 10.000 ) 
    Source Clock Delay      (SCD):    4.652ns
    Clock Pessimism Removal (CPR):    0.323ns
  Clock Uncertainty:      0.035ns  ((TSJ^2 + TIJ^2)^1/2 + DJ) / 2 + PE
    Total System Jitter     (TSJ):    0.071ns
    Total Input Jitter      (TIJ):    0.000ns
    Discrete Jitter          (DJ):    0.000ns
    Phase Error              (PE):    0.000ns

    Location             Delay type                Incr(ns)  Path(ns)    Netlist Resource(s)
  -------------------------------------------------------------------    -------------------
                         (clock CLK rise edge)        0.000     0.000 r  
    U8                                                0.000     0.000 r  CLK (IN)
                         net (fo=0)                   0.000     0.000    CLK
    U8                   IBUF (Prop_ibuf_I_O)         0.965     0.965 r  CLK_IBUF_inst/O
                         net (fo=1, routed)           1.967     2.932    CLK_IBUF
    BUFGCTRL_X0Y0        BUFG (Prop_bufg_I_O)         0.096     3.028 r  CLK_IBUF_BUFG_inst/O
                         net (fo=17, routed)          1.624     4.652    C1/CLK
    SLICE_X64Y28         FDCE                                         r  C1/count_reg[3]/C
  -------------------------------------------------------------------    -------------------
    SLICE_X64Y28         FDCE (Prop_fdce_C_Q)         0.478     5.130 r  C1/count_reg[3]/Q
                         net (fo=4, routed)           1.022     6.153    C1/Q[3]
    SLICE_X64Y28         LUT5 (Prop_lut5_I2_O)        0.295     6.448 r  C1/count[3]_i_1__1/O
                         net (fo=6, routed)           1.208     7.656    C1/count_reg[0]_0[0]
    SLICE_X64Y27         LUT4 (Prop_lut4_I1_O)        0.124     7.780 r  C1/count[3]_i_1/O
                         net (fo=4, routed)           1.852     9.632    C4/E[0]
    SLICE_X64Y21         FDCE                                         r  C4/count_reg[1]/CE
  -------------------------------------------------------------------    -------------------

                         (clock CLK rise edge)       10.000    10.000 r  
    U8                                                0.000    10.000 r  CLK (IN)
                         net (fo=0)                   0.000    10.000    CLK
    U8                   IBUF (Prop_ibuf_I_O)         0.832    10.832 r  CLK_IBUF_inst/O
                         net (fo=1, routed)           1.862    12.694    CLK_IBUF
    BUFGCTRL_X0Y0        BUFG (Prop_bufg_I_O)         0.091    12.785 r  CLK_IBUF_BUFG_inst/O
                         net (fo=17, routed)          1.507    14.292    C4/CLK
    SLICE_X64Y21         FDCE                                         r  C4/count_reg[1]/C
                         clock pessimism              0.323    14.615    
                         clock uncertainty           -0.035    14.580    
    SLICE_X64Y21         FDCE (Setup_fdce_C_CE)      -0.169    14.411    C4/count_reg[1]
  -------------------------------------------------------------------
                         required time                         14.411    
                         arrival time                          -9.632    
  -------------------------------------------------------------------
                         slack                                  4.779    

Slack (MET) :             4.779ns  (required time - arrival time)
  Source:                 C1/count_reg[3]/C
                            (rising edge-triggered cell FDCE clocked by CLK  {rise@0.000ns fall@5.000ns period=10.000ns})
  Destination:            C4/count_reg[2]/CE
                            (rising edge-triggered cell FDCE clocked by CLK  {rise@0.000ns fall@5.000ns period=10.000ns})
  Path Group:             CLK
  Path Type:              Setup (Max at Slow Process Corner)
  Requirement:            10.000ns  (CLK rise@10.000ns - CLK rise@0.000ns)
  Data Path Delay:        4.980ns  (logic 0.897ns (18.014%)  route 4.083ns (81.986%))
  Logic Levels:           2  (LUT4=1 LUT5=1)
  Clock Path Skew:        -0.037ns (DCD - SCD + CPR)
    Destination Clock Delay (DCD):    4.292ns = ( 14.292 - 10.000 ) 
    Source Clock Delay      (SCD):    4.652ns
    Clock Pessimism Removal (CPR):    0.323ns
  Clock Uncertainty:      0.035ns  ((TSJ^2 + TIJ^2)^1/2 + DJ) / 2 + PE
    Total System Jitter     (TSJ):    0.071ns
    Total Input Jitter      (TIJ):    0.000ns
    Discrete Jitter          (DJ):    0.000ns
    Phase Error              (PE):    0.000ns

    Location             Delay type                Incr(ns)  Path(ns)    Netlist Resource(s)
  -------------------------------------------------------------------    -------------------
                         (clock CLK rise edge)        0.000     0.000 r  
    U8                                                0.000     0.000 r  CLK (IN)
                         net (fo=0)                   0.000     0.000    CLK
    U8                   IBUF (Prop_ibuf_I_O)         0.965     0.965 r  CLK_IBUF_inst/O
                         net (fo=1, routed)           1.967     2.932    CLK_IBUF
    BUFGCTRL_X0Y0        BUFG (Prop_bufg_I_O)         0.096     3.028 r  CLK_IBUF_BUFG_inst/O
                         net (fo=17, routed)          1.624     4.652    C1/CLK
    SLICE_X64Y28         FDCE                                         r  C1/count_reg[3]/C
  -------------------------------------------------------------------    -------------------
    SLICE_X64Y28         FDCE (Prop_fdce_C_Q)         0.478     5.130 r  C1/count_reg[3]/Q
                         net (fo=4, routed)           1.022     6.153    C1/Q[3]
    SLICE_X64Y28         LUT5 (Prop_lut5_I2_O)        0.295     6.448 r  C1/count[3]_i_1__1/O
                         net (fo=6, routed)           1.208     7.656    C1/count_reg[0]_0[0]
    SLICE_X64Y27         LUT4 (Prop_lut4_I1_O)        0.124     7.780 r  C1/count[3]_i_1/O
                         net (fo=4, routed)           1.852     9.632    C4/E[0]
    SLICE_X64Y21         FDCE                                         r  C4/count_reg[2]/CE
  -------------------------------------------------------------------    -------------------

                         (clock CLK rise edge)       10.000    10.000 r  
    U8                                                0.000    10.000 r  CLK (IN)
                         net (fo=0)                   0.000    10.000    CLK
    U8                   IBUF (Prop_ibuf_I_O)         0.832    10.832 r  CLK_IBUF_inst/O
                         net (fo=1, routed)           1.862    12.694    CLK_IBUF
    BUFGCTRL_X0Y0        BUFG (Prop_bufg_I_O)         0.091    12.785 r  CLK_IBUF_BUFG_inst/O
                         net (fo=17, routed)          1.507    14.292    C4/CLK
    SLICE_X64Y21         FDCE                                         r  C4/count_reg[2]/C
                         clock pessimism              0.323    14.615    
                         clock uncertainty           -0.035    14.580    
    SLICE_X64Y21         FDCE (Setup_fdce_C_CE)      -0.169    14.411    C4/count_reg[2]
  -------------------------------------------------------------------
                         required time                         14.411    
                         arrival time                          -9.632    
  -------------------------------------------------------------------
                         slack                                  4.779    

Slack (MET) :             4.779ns  (required time - arrival time)
  Source:                 C1/count_reg[3]/C
                            (rising edge-triggered cell FDCE clocked by CLK  {rise@0.000ns fall@5.000ns period=10.000ns})
  Destination:            C4/count_reg[3]/CE
                            (rising edge-triggered cell FDCE clocked by CLK  {rise@0.000ns fall@5.000ns period=10.000ns})
  Path Group:             CLK
  Path Type:              Setup (Max at Slow Process Corner)
  Requirement:            10.000ns  (CLK rise@10.000ns - CLK rise@0.000ns)
  Data Path Delay:        4.980ns  (logic 0.897ns (18.014%)  route 4.083ns (81.986%))
  Logic Levels:           2  (LUT4=1 LUT5=1)
  Clock Path Skew:        -0.037ns (DCD - SCD + CPR)
    Destination Clock Delay (DCD):    4.292ns = ( 14.292 - 10.000 ) 
    Source Clock Delay      (SCD):    4.652ns
    Clock Pessimism Removal (CPR):    0.323ns
  Clock Uncertainty:      0.035ns  ((TSJ^2 + TIJ^2)^1/2 + DJ) / 2 + PE
    Total System Jitter     (TSJ):    0.071ns
    Total Input Jitter      (TIJ):    0.000ns
    Discrete Jitter          (DJ):    0.000ns
    Phase Error              (PE):    0.000ns

    Location             Delay type                Incr(ns)  Path(ns)    Netlist Resource(s)
  -------------------------------------------------------------------    -------------------
                         (clock CLK rise edge)        0.000     0.000 r  
    U8                                                0.000     0.000 r  CLK (IN)
                         net (fo=0)                   0.000     0.000    CLK
    U8                   IBUF (Prop_ibuf_I_O)         0.965     0.965 r  CLK_IBUF_inst/O
                         net (fo=1, routed)           1.967     2.932    CLK_IBUF
    BUFGCTRL_X0Y0        BUFG (Prop_bufg_I_O)         0.096     3.028 r  CLK_IBUF_BUFG_inst/O
                         net (fo=17, routed)          1.624     4.652    C1/CLK
    SLICE_X64Y28         FDCE                                         r  C1/count_reg[3]/C
  -------------------------------------------------------------------    -------------------
    SLICE_X64Y28         FDCE (Prop_fdce_C_Q)         0.478     5.130 r  C1/count_reg[3]/Q
                         net (fo=4, routed)           1.022     6.153    C1/Q[3]
    SLICE_X64Y28         LUT5 (Prop_lut5_I2_O)        0.295     6.448 r  C1/count[3]_i_1__1/O
                         net (fo=6, routed)           1.208     7.656    C1/count_reg[0]_0[0]
    SLICE_X64Y27         LUT4 (Prop_lut4_I1_O)        0.124     7.780 r  C1/count[3]_i_1/O
                         net (fo=4, routed)           1.852     9.632    C4/E[0]
    SLICE_X64Y21         FDCE                                         r  C4/count_reg[3]/CE
  -------------------------------------------------------------------    -------------------

                         (clock CLK rise edge)       10.000    10.000 r  
    U8                                                0.000    10.000 r  CLK (IN)
                         net (fo=0)                   0.000    10.000    CLK
    U8                   IBUF (Prop_ibuf_I_O)         0.832    10.832 r  CLK_IBUF_inst/O
                         net (fo=1, routed)           1.862    12.694    CLK_IBUF
    BUFGCTRL_X0Y0        BUFG (Prop_bufg_I_O)         0.091    12.785 r  CLK_IBUF_BUFG_inst/O
                         net (fo=17, routed)          1.507    14.292    C4/CLK
    SLICE_X64Y21         FDCE                                         r  C4/count_reg[3]/C
                         clock pessimism              0.323    14.615    
                         clock uncertainty           -0.035    14.580    
    SLICE_X64Y21         FDCE (Setup_fdce_C_CE)      -0.169    14.411    C4/count_reg[3]
  -------------------------------------------------------------------
                         required time                         14.411    
                         arrival time                          -9.632    
  -------------------------------------------------------------------
                         slack                                  4.779    

Slack (MET) :             5.073ns  (required time - arrival time)
  Source:                 C3/count_reg[1]/C
                            (rising edge-triggered cell FDCE clocked by CLK  {rise@0.000ns fall@5.000ns period=10.000ns})
  Destination:            C1/count_reg[0]/CE
                            (rising edge-triggered cell FDCE clocked by CLK  {rise@0.000ns fall@5.000ns period=10.000ns})
  Path Group:             CLK
  Path Type:              Setup (Max at Slow Process Corner)
  Requirement:            10.000ns  (CLK rise@10.000ns - CLK rise@0.000ns)
  Data Path Delay:        4.705ns  (logic 1.002ns (21.295%)  route 3.703ns (78.705%))
  Logic Levels:           2  (LUT4=1 LUT5=1)
  Clock Path Skew:        -0.017ns (DCD - SCD + CPR)
    Destination Clock Delay (DCD):    4.292ns = ( 14.292 - 10.000 ) 
    Source Clock Delay      (SCD):    4.646ns
    Clock Pessimism Removal (CPR):    0.337ns
  Clock Uncertainty:      0.035ns  ((TSJ^2 + TIJ^2)^1/2 + DJ) / 2 + PE
    Total System Jitter     (TSJ):    0.071ns
    Total Input Jitter      (TIJ):    0.000ns
    Discrete Jitter          (DJ):    0.000ns
    Phase Error              (PE):    0.000ns

    Location             Delay type                Incr(ns)  Path(ns)    Netlist Resource(s)
  -------------------------------------------------------------------    -------------------
                         (clock CLK rise edge)        0.000     0.000 r  
    U8                                                0.000     0.000 r  CLK (IN)
                         net (fo=0)                   0.000     0.000    CLK
    U8                   IBUF (Prop_ibuf_I_O)         0.965     0.965 r  CLK_IBUF_inst/O
                         net (fo=1, routed)           1.967     2.932    CLK_IBUF
    BUFGCTRL_X0Y0        BUFG (Prop_bufg_I_O)         0.096     3.028 r  CLK_IBUF_BUFG_inst/O
                         net (fo=17, routed)          1.618     4.646    C3/CLK
    SLICE_X64Y25         FDCE                                         r  C3/count_reg[1]/C
  -------------------------------------------------------------------    -------------------
    SLICE_X64Y25         FDCE (Prop_fdce_C_Q)         0.518     5.164 r  C3/count_reg[1]/Q
                         net (fo=6, routed)           0.938     6.102    C3/Q[1]
    SLICE_X64Y25         LUT4 (Prop_lut4_I1_O)        0.153     6.255 f  C3/count[3]_i_3/O
                         net (fo=1, routed)           0.831     7.086    B1/count_reg[3]
    SLICE_X64Y23         LUT5 (Prop_lut5_I1_O)        0.331     7.417 r  B1/count[3]_i_1__2/O
                         net (fo=4, routed)           1.935     9.352    C1/count_reg[3]_0[0]
    SLICE_X64Y28         FDCE                                         r  C1/count_reg[0]/CE
  -------------------------------------------------------------------    -------------------

                         (clock CLK rise edge)       10.000    10.000 r  
    U8                                                0.000    10.000 r  CLK (IN)
                         net (fo=0)                   0.000    10.000    CLK
    U8                   IBUF (Prop_ibuf_I_O)         0.832    10.832 r  CLK_IBUF_inst/O
                         net (fo=1, routed)           1.862    12.694    CLK_IBUF
    BUFGCTRL_X0Y0        BUFG (Prop_bufg_I_O)         0.091    12.785 r  CLK_IBUF_BUFG_inst/O
                         net (fo=17, routed)          1.507    14.292    C1/CLK
    SLICE_X64Y28         FDCE                                         r  C1/count_reg[0]/C
                         clock pessimism              0.337    14.629    
                         clock uncertainty           -0.035    14.594    
    SLICE_X64Y28         FDCE (Setup_fdce_C_CE)      -0.169    14.425    C1/count_reg[0]
  -------------------------------------------------------------------
                         required time                         14.425    
                         arrival time                          -9.352    
  -------------------------------------------------------------------
                         slack                                  5.073    

Slack (MET) :             5.073ns  (required time - arrival time)
  Source:                 C3/count_reg[1]/C
                            (rising edge-triggered cell FDCE clocked by CLK  {rise@0.000ns fall@5.000ns period=10.000ns})
  Destination:            C1/count_reg[1]/CE
                            (rising edge-triggered cell FDCE clocked by CLK  {rise@0.000ns fall@5.000ns period=10.000ns})
  Path Group:             CLK
  Path Type:              Setup (Max at Slow Process Corner)
  Requirement:            10.000ns  (CLK rise@10.000ns - CLK rise@0.000ns)
  Data Path Delay:        4.705ns  (logic 1.002ns (21.295%)  route 3.703ns (78.705%))
  Logic Levels:           2  (LUT4=1 LUT5=1)
  Clock Path Skew:        -0.017ns (DCD - SCD + CPR)
    Destination Clock Delay (DCD):    4.292ns = ( 14.292 - 10.000 ) 
    Source Clock Delay      (SCD):    4.646ns
    Clock Pessimism Removal (CPR):    0.337ns
  Clock Uncertainty:      0.035ns  ((TSJ^2 + TIJ^2)^1/2 + DJ) / 2 + PE
    Total System Jitter     (TSJ):    0.071ns
    Total Input Jitter      (TIJ):    0.000ns
    Discrete Jitter          (DJ):    0.000ns
    Phase Error              (PE):    0.000ns

    Location             Delay type                Incr(ns)  Path(ns)    Netlist Resource(s)
  -------------------------------------------------------------------    -------------------
                         (clock CLK rise edge)        0.000     0.000 r  
    U8                                                0.000     0.000 r  CLK (IN)
                         net (fo=0)                   0.000     0.000    CLK
    U8                   IBUF (Prop_ibuf_I_O)         0.965     0.965 r  CLK_IBUF_inst/O
                         net (fo=1, routed)           1.967     2.932    CLK_IBUF
    BUFGCTRL_X0Y0        BUFG (Prop_bufg_I_O)         0.096     3.028 r  CLK_IBUF_BUFG_inst/O
                         net (fo=17, routed)          1.618     4.646    C3/CLK
    SLICE_X64Y25         FDCE                                         r  C3/count_reg[1]/C
  -------------------------------------------------------------------    -------------------
    SLICE_X64Y25         FDCE (Prop_fdce_C_Q)         0.518     5.164 r  C3/count_reg[1]/Q
                         net (fo=6, routed)           0.938     6.102    C3/Q[1]
    SLICE_X64Y25         LUT4 (Prop_lut4_I1_O)        0.153     6.255 f  C3/count[3]_i_3/O
                         net (fo=1, routed)           0.831     7.086    B1/count_reg[3]
    SLICE_X64Y23         LUT5 (Prop_lut5_I1_O)        0.331     7.417 r  B1/count[3]_i_1__2/O
                         net (fo=4, routed)           1.935     9.352    C1/count_reg[3]_0[0]
    SLICE_X64Y28         FDCE                                         r  C1/count_reg[1]/CE
  -------------------------------------------------------------------    -------------------

                         (clock CLK rise edge)       10.000    10.000 r  
    U8                                                0.000    10.000 r  CLK (IN)
                         net (fo=0)                   0.000    10.000    CLK
    U8                   IBUF (Prop_ibuf_I_O)         0.832    10.832 r  CLK_IBUF_inst/O
                         net (fo=1, routed)           1.862    12.694    CLK_IBUF
    BUFGCTRL_X0Y0        BUFG (Prop_bufg_I_O)         0.091    12.785 r  CLK_IBUF_BUFG_inst/O
                         net (fo=17, routed)          1.507    14.292    C1/CLK
    SLICE_X64Y28         FDCE                                         r  C1/count_reg[1]/C
                         clock pessimism              0.337    14.629    
                         clock uncertainty           -0.035    14.594    
    SLICE_X64Y28         FDCE (Setup_fdce_C_CE)      -0.169    14.425    C1/count_reg[1]
  -------------------------------------------------------------------
                         required time                         14.425    
                         arrival time                          -9.352    
  -------------------------------------------------------------------
                         slack                                  5.073    





Min Delay Paths
--------------------------------------------------------------------------------------
Slack (MET) :             0.263ns  (arrival time - required time)
  Source:                 B1/Q_reg/C
                            (rising edge-triggered cell FDCE clocked by CLK  {rise@0.000ns fall@5.000ns period=10.000ns})
  Destination:            B1/Q_reg/D
                            (rising edge-triggered cell FDCE clocked by CLK  {rise@0.000ns fall@5.000ns period=10.000ns})
  Path Group:             CLK
  Path Type:              Hold (Min at Fast Process Corner)
  Requirement:            0.000ns  (CLK rise@0.000ns - CLK rise@0.000ns)
  Data Path Delay:        0.383ns  (logic 0.209ns (54.540%)  route 0.174ns (45.460%))
  Logic Levels:           1  (LUT2=1)
  Clock Path Skew:        0.000ns (DCD - SCD - CPR)
    Destination Clock Delay (DCD):    1.947ns
    Source Clock Delay      (SCD):    1.434ns
    Clock Pessimism Removal (CPR):    0.513ns

    Location             Delay type                Incr(ns)  Path(ns)    Netlist Resource(s)
  -------------------------------------------------------------------    -------------------
                         (clock CLK rise edge)        0.000     0.000 r  
    U8                                                0.000     0.000 r  CLK (IN)
                         net (fo=0)                   0.000     0.000    CLK
    U8                   IBUF (Prop_ibuf_I_O)         0.194     0.194 r  CLK_IBUF_inst/O
                         net (fo=1, routed)           0.631     0.825    CLK_IBUF
    BUFGCTRL_X0Y0        BUFG (Prop_bufg_I_O)         0.026     0.851 r  CLK_IBUF_BUFG_inst/O
                         net (fo=17, routed)          0.583     1.434    B1/CLK
    SLICE_X64Y23         FDCE                                         r  B1/Q_reg/C
  -------------------------------------------------------------------    -------------------
    SLICE_X64Y23         FDCE (Prop_fdce_C_Q)         0.164     1.598 r  B1/Q_reg/Q
                         net (fo=2, routed)           0.174     1.772    B1/out_bascule
    SLICE_X64Y23         LUT2 (Prop_lut2_I1_O)        0.045     1.817 r  B1/Q_i_1/O
                         net (fo=1, routed)           0.000     1.817    B1/D
    SLICE_X64Y23         FDCE                                         r  B1/Q_reg/D
  -------------------------------------------------------------------    -------------------

                         (clock CLK rise edge)        0.000     0.000 r  
    U8                                                0.000     0.000 r  CLK (IN)
                         net (fo=0)                   0.000     0.000    CLK
    U8                   IBUF (Prop_ibuf_I_O)         0.383     0.383 r  CLK_IBUF_inst/O
                         net (fo=1, routed)           0.685     1.068    CLK_IBUF
    BUFGCTRL_X0Y0        BUFG (Prop_bufg_I_O)         0.029     1.097 r  CLK_IBUF_BUFG_inst/O
                         net (fo=17, routed)          0.851     1.947    B1/CLK
    SLICE_X64Y23         FDCE                                         r  B1/Q_reg/C
                         clock pessimism             -0.513     1.434    
    SLICE_X64Y23         FDCE (Hold_fdce_C_D)         0.120     1.554    B1/Q_reg
  -------------------------------------------------------------------
                         required time                         -1.554    
                         arrival time                           1.817    
  -------------------------------------------------------------------
                         slack                                  0.263    

Slack (MET) :             0.264ns  (arrival time - required time)
  Source:                 C4/count_reg[0]/C
                            (rising edge-triggered cell FDCE clocked by CLK  {rise@0.000ns fall@5.000ns period=10.000ns})
  Destination:            C4/count_reg[3]/D
                            (rising edge-triggered cell FDCE clocked by CLK  {rise@0.000ns fall@5.000ns period=10.000ns})
  Path Group:             CLK
  Path Type:              Hold (Min at Fast Process Corner)
  Requirement:            0.000ns  (CLK rise@0.000ns - CLK rise@0.000ns)
  Data Path Delay:        0.395ns  (logic 0.212ns (53.714%)  route 0.183ns (46.286%))
  Logic Levels:           1  (LUT4=1)
  Clock Path Skew:        0.000ns (DCD - SCD - CPR)
    Destination Clock Delay (DCD):    1.950ns
    Source Clock Delay      (SCD):    1.436ns
    Clock Pessimism Removal (CPR):    0.514ns

    Location             Delay type                Incr(ns)  Path(ns)    Netlist Resource(s)
  -------------------------------------------------------------------    -------------------
                         (clock CLK rise edge)        0.000     0.000 r  
    U8                                                0.000     0.000 r  CLK (IN)
                         net (fo=0)                   0.000     0.000    CLK
    U8                   IBUF (Prop_ibuf_I_O)         0.194     0.194 r  CLK_IBUF_inst/O
                         net (fo=1, routed)           0.631     0.825    CLK_IBUF
    BUFGCTRL_X0Y0        BUFG (Prop_bufg_I_O)         0.026     0.851 r  CLK_IBUF_BUFG_inst/O
                         net (fo=17, routed)          0.585     1.436    C4/CLK
    SLICE_X64Y21         FDCE                                         r  C4/count_reg[0]/C
  -------------------------------------------------------------------    -------------------
    SLICE_X64Y21         FDCE (Prop_fdce_C_Q)         0.164     1.600 r  C4/count_reg[0]/Q
                         net (fo=6, routed)           0.183     1.783    C4/Q[0]
    SLICE_X64Y21         LUT4 (Prop_lut4_I0_O)        0.048     1.831 r  C4/count[3]_i_2__2/O
                         net (fo=1, routed)           0.000     1.831    C4/count[3]_i_2__2_n_0
    SLICE_X64Y21         FDCE                                         r  C4/count_reg[3]/D
  -------------------------------------------------------------------    -------------------

                         (clock CLK rise edge)        0.000     0.000 r  
    U8                                                0.000     0.000 r  CLK (IN)
                         net (fo=0)                   0.000     0.000    CLK
    U8                   IBUF (Prop_ibuf_I_O)         0.383     0.383 r  CLK_IBUF_inst/O
                         net (fo=1, routed)           0.685     1.068    CLK_IBUF
    BUFGCTRL_X0Y0        BUFG (Prop_bufg_I_O)         0.029     1.097 r  CLK_IBUF_BUFG_inst/O
                         net (fo=17, routed)          0.854     1.950    C4/CLK
    SLICE_X64Y21         FDCE                                         r  C4/count_reg[3]/C
                         clock pessimism             -0.514     1.436    
    SLICE_X64Y21         FDCE (Hold_fdce_C_D)         0.131     1.567    C4/count_reg[3]
  -------------------------------------------------------------------
                         required time                         -1.567    
                         arrival time                           1.831    
  -------------------------------------------------------------------
                         slack                                  0.264    

Slack (MET) :             0.266ns  (arrival time - required time)
  Source:                 C4/count_reg[1]/C
                            (rising edge-triggered cell FDCE clocked by CLK  {rise@0.000ns fall@5.000ns period=10.000ns})
  Destination:            C4/count_reg[1]/D
                            (rising edge-triggered cell FDCE clocked by CLK  {rise@0.000ns fall@5.000ns period=10.000ns})
  Path Group:             CLK
  Path Type:              Hold (Min at Fast Process Corner)
  Requirement:            0.000ns  (CLK rise@0.000ns - CLK rise@0.000ns)
  Data Path Delay:        0.386ns  (logic 0.209ns (54.079%)  route 0.177ns (45.921%))
  Logic Levels:           1  (LUT4=1)
  Clock Path Skew:        0.000ns (DCD - SCD - CPR)
    Destination Clock Delay (DCD):    1.950ns
    Source Clock Delay      (SCD):    1.436ns
    Clock Pessimism Removal (CPR):    0.514ns

    Location             Delay type                Incr(ns)  Path(ns)    Netlist Resource(s)
  -------------------------------------------------------------------    -------------------
                         (clock CLK rise edge)        0.000     0.000 r  
    U8                                                0.000     0.000 r  CLK (IN)
                         net (fo=0)                   0.000     0.000    CLK
    U8                   IBUF (Prop_ibuf_I_O)         0.194     0.194 r  CLK_IBUF_inst/O
                         net (fo=1, routed)           0.631     0.825    CLK_IBUF
    BUFGCTRL_X0Y0        BUFG (Prop_bufg_I_O)         0.026     0.851 r  CLK_IBUF_BUFG_inst/O
                         net (fo=17, routed)          0.585     1.436    C4/CLK
    SLICE_X64Y21         FDCE                                         r  C4/count_reg[1]/C
  -------------------------------------------------------------------    -------------------
    SLICE_X64Y21         FDCE (Prop_fdce_C_Q)         0.164     1.600 r  C4/count_reg[1]/Q
                         net (fo=5, routed)           0.177     1.777    C4/Q[1]
    SLICE_X64Y21         LUT4 (Prop_lut4_I2_O)        0.045     1.822 r  C4/count[1]_i_1__2/O
                         net (fo=1, routed)           0.000     1.822    C4/count[1]_i_1__2_n_0
    SLICE_X64Y21         FDCE                                         r  C4/count_reg[1]/D
  -------------------------------------------------------------------    -------------------

                         (clock CLK rise edge)        0.000     0.000 r  
    U8                                                0.000     0.000 r  CLK (IN)
                         net (fo=0)                   0.000     0.000    CLK
    U8                   IBUF (Prop_ibuf_I_O)         0.383     0.383 r  CLK_IBUF_inst/O
                         net (fo=1, routed)           0.685     1.068    CLK_IBUF
    BUFGCTRL_X0Y0        BUFG (Prop_bufg_I_O)         0.029     1.097 r  CLK_IBUF_BUFG_inst/O
                         net (fo=17, routed)          0.854     1.950    C4/CLK
    SLICE_X64Y21         FDCE                                         r  C4/count_reg[1]/C
                         clock pessimism             -0.514     1.436    
    SLICE_X64Y21         FDCE (Hold_fdce_C_D)         0.120     1.556    C4/count_reg[1]
  -------------------------------------------------------------------
                         required time                         -1.556    
                         arrival time                           1.822    
  -------------------------------------------------------------------
                         slack                                  0.266    

Slack (MET) :             0.271ns  (arrival time - required time)
  Source:                 C4/count_reg[0]/C
                            (rising edge-triggered cell FDCE clocked by CLK  {rise@0.000ns fall@5.000ns period=10.000ns})
  Destination:            C4/count_reg[2]/D
                            (rising edge-triggered cell FDCE clocked by CLK  {rise@0.000ns fall@5.000ns period=10.000ns})
  Path Group:             CLK
  Path Type:              Hold (Min at Fast Process Corner)
  Requirement:            0.000ns  (CLK rise@0.000ns - CLK rise@0.000ns)
  Data Path Delay:        0.392ns  (logic 0.209ns (53.360%)  route 0.183ns (46.640%))
  Logic Levels:           1  (LUT4=1)
  Clock Path Skew:        0.000ns (DCD - SCD - CPR)
    Destination Clock Delay (DCD):    1.950ns
    Source Clock Delay      (SCD):    1.436ns
    Clock Pessimism Removal (CPR):    0.514ns

    Location             Delay type                Incr(ns)  Path(ns)    Netlist Resource(s)
  -------------------------------------------------------------------    -------------------
                         (clock CLK rise edge)        0.000     0.000 r  
    U8                                                0.000     0.000 r  CLK (IN)
                         net (fo=0)                   0.000     0.000    CLK
    U8                   IBUF (Prop_ibuf_I_O)         0.194     0.194 r  CLK_IBUF_inst/O
                         net (fo=1, routed)           0.631     0.825    CLK_IBUF
    BUFGCTRL_X0Y0        BUFG (Prop_bufg_I_O)         0.026     0.851 r  CLK_IBUF_BUFG_inst/O
                         net (fo=17, routed)          0.585     1.436    C4/CLK
    SLICE_X64Y21         FDCE                                         r  C4/count_reg[0]/C
  -------------------------------------------------------------------    -------------------
    SLICE_X64Y21         FDCE (Prop_fdce_C_Q)         0.164     1.600 r  C4/count_reg[0]/Q
                         net (fo=6, routed)           0.183     1.783    C4/Q[0]
    SLICE_X64Y21         LUT4 (Prop_lut4_I0_O)        0.045     1.828 r  C4/count[2]_i_1__0/O
                         net (fo=1, routed)           0.000     1.828    C4/count[2]_i_1__0_n_0
    SLICE_X64Y21         FDCE                                         r  C4/count_reg[2]/D
  -------------------------------------------------------------------    -------------------

                         (clock CLK rise edge)        0.000     0.000 r  
    U8                                                0.000     0.000 r  CLK (IN)
                         net (fo=0)                   0.000     0.000    CLK
    U8                   IBUF (Prop_ibuf_I_O)         0.383     0.383 r  CLK_IBUF_inst/O
                         net (fo=1, routed)           0.685     1.068    CLK_IBUF
    BUFGCTRL_X0Y0        BUFG (Prop_bufg_I_O)         0.029     1.097 r  CLK_IBUF_BUFG_inst/O
                         net (fo=17, routed)          0.854     1.950    C4/CLK
    SLICE_X64Y21         FDCE                                         r  C4/count_reg[2]/C
                         clock pessimism             -0.514     1.436    
    SLICE_X64Y21         FDCE (Hold_fdce_C_D)         0.121     1.557    C4/count_reg[2]
  -------------------------------------------------------------------
                         required time                         -1.557    
                         arrival time                           1.828    
  -------------------------------------------------------------------
                         slack                                  0.271    

Slack (MET) :             0.275ns  (arrival time - required time)
  Source:                 C2/count_reg[0]/C
                            (rising edge-triggered cell FDCE clocked by CLK  {rise@0.000ns fall@5.000ns period=10.000ns})
  Destination:            C2/count_reg[2]/D
                            (rising edge-triggered cell FDCE clocked by CLK  {rise@0.000ns fall@5.000ns period=10.000ns})
  Path Group:             CLK
  Path Type:              Hold (Min at Fast Process Corner)
  Requirement:            0.000ns  (CLK rise@0.000ns - CLK rise@0.000ns)
  Data Path Delay:        0.406ns  (logic 0.207ns (51.043%)  route 0.199ns (48.957%))
  Logic Levels:           1  (LUT4=1)
  Clock Path Skew:        0.000ns (DCD - SCD - CPR)
    Destination Clock Delay (DCD):    1.949ns
    Source Clock Delay      (SCD):    1.436ns
    Clock Pessimism Removal (CPR):    0.513ns

    Location             Delay type                Incr(ns)  Path(ns)    Netlist Resource(s)
  -------------------------------------------------------------------    -------------------
                         (clock CLK rise edge)        0.000     0.000 r  
    U8                                                0.000     0.000 r  CLK (IN)
                         net (fo=0)                   0.000     0.000    CLK
    U8                   IBUF (Prop_ibuf_I_O)         0.194     0.194 r  CLK_IBUF_inst/O
                         net (fo=1, routed)           0.631     0.825    CLK_IBUF
    BUFGCTRL_X0Y0        BUFG (Prop_bufg_I_O)         0.026     0.851 r  CLK_IBUF_BUFG_inst/O
                         net (fo=17, routed)          0.585     1.436    C2/CLK
    SLICE_X64Y27         FDCE                                         r  C2/count_reg[0]/C
  -------------------------------------------------------------------    -------------------
    SLICE_X64Y27         FDCE (Prop_fdce_C_Q)         0.164     1.600 r  C2/count_reg[0]/Q
                         net (fo=7, routed)           0.199     1.798    C2/Q[0]
    SLICE_X64Y27         LUT4 (Prop_lut4_I0_O)        0.043     1.841 r  C2/count[2]_i_1/O
                         net (fo=1, routed)           0.000     1.841    C2/count[2]_i_1_n_0
    SLICE_X64Y27         FDCE                                         r  C2/count_reg[2]/D
  -------------------------------------------------------------------    -------------------

                         (clock CLK rise edge)        0.000     0.000 r  
    U8                                                0.000     0.000 r  CLK (IN)
                         net (fo=0)                   0.000     0.000    CLK
    U8                   IBUF (Prop_ibuf_I_O)         0.383     0.383 r  CLK_IBUF_inst/O
                         net (fo=1, routed)           0.685     1.068    CLK_IBUF
    BUFGCTRL_X0Y0        BUFG (Prop_bufg_I_O)         0.029     1.097 r  CLK_IBUF_BUFG_inst/O
                         net (fo=17, routed)          0.853     1.949    C2/CLK
    SLICE_X64Y27         FDCE                                         r  C2/count_reg[2]/C
                         clock pessimism             -0.513     1.436    
    SLICE_X64Y27         FDCE (Hold_fdce_C_D)         0.131     1.567    C2/count_reg[2]
  -------------------------------------------------------------------
                         required time                         -1.567    
                         arrival time                           1.841    
  -------------------------------------------------------------------
                         slack                                  0.275    

Slack (MET) :             0.275ns  (arrival time - required time)
  Source:                 C2/count_reg[0]/C
                            (rising edge-triggered cell FDCE clocked by CLK  {rise@0.000ns fall@5.000ns period=10.000ns})
  Destination:            C2/count_reg[3]/D
                            (rising edge-triggered cell FDCE clocked by CLK  {rise@0.000ns fall@5.000ns period=10.000ns})
  Path Group:             CLK
  Path Type:              Hold (Min at Fast Process Corner)
  Requirement:            0.000ns  (CLK rise@0.000ns - CLK rise@0.000ns)
  Data Path Delay:        0.406ns  (logic 0.207ns (51.043%)  route 0.199ns (48.957%))
  Logic Levels:           1  (LUT4=1)
  Clock Path Skew:        0.000ns (DCD - SCD - CPR)
    Destination Clock Delay (DCD):    1.949ns
    Source Clock Delay      (SCD):    1.436ns
    Clock Pessimism Removal (CPR):    0.513ns

    Location             Delay type                Incr(ns)  Path(ns)    Netlist Resource(s)
  -------------------------------------------------------------------    -------------------
                         (clock CLK rise edge)        0.000     0.000 r  
    U8                                                0.000     0.000 r  CLK (IN)
                         net (fo=0)                   0.000     0.000    CLK
    U8                   IBUF (Prop_ibuf_I_O)         0.194     0.194 r  CLK_IBUF_inst/O
                         net (fo=1, routed)           0.631     0.825    CLK_IBUF
    BUFGCTRL_X0Y0        BUFG (Prop_bufg_I_O)         0.026     0.851 r  CLK_IBUF_BUFG_inst/O
                         net (fo=17, routed)          0.585     1.436    C2/CLK
    SLICE_X64Y27         FDCE                                         r  C2/count_reg[0]/C
  -------------------------------------------------------------------    -------------------
    SLICE_X64Y27         FDCE (Prop_fdce_C_Q)         0.164     1.600 r  C2/count_reg[0]/Q
                         net (fo=7, routed)           0.199     1.798    C2/Q[0]
    SLICE_X64Y27         LUT4 (Prop_lut4_I0_O)        0.043     1.841 r  C2/count[3]_i_2__0/O
                         net (fo=1, routed)           0.000     1.841    C2/count[3]_i_2__0_n_0
    SLICE_X64Y27         FDCE                                         r  C2/count_reg[3]/D
  -------------------------------------------------------------------    -------------------

                         (clock CLK rise edge)        0.000     0.000 r  
    U8                                                0.000     0.000 r  CLK (IN)
                         net (fo=0)                   0.000     0.000    CLK
    U8                   IBUF (Prop_ibuf_I_O)         0.383     0.383 r  CLK_IBUF_inst/O
                         net (fo=1, routed)           0.685     1.068    CLK_IBUF
    BUFGCTRL_X0Y0        BUFG (Prop_bufg_I_O)         0.029     1.097 r  CLK_IBUF_BUFG_inst/O
                         net (fo=17, routed)          0.853     1.949    C2/CLK
    SLICE_X64Y27         FDCE                                         r  C2/count_reg[3]/C
                         clock pessimism             -0.513     1.436    
    SLICE_X64Y27         FDCE (Hold_fdce_C_D)         0.131     1.567    C2/count_reg[3]
  -------------------------------------------------------------------
                         required time                         -1.567    
                         arrival time                           1.841    
  -------------------------------------------------------------------
                         slack                                  0.275    

Slack (MET) :             0.287ns  (arrival time - required time)
  Source:                 C2/count_reg[0]/C
                            (rising edge-triggered cell FDCE clocked by CLK  {rise@0.000ns fall@5.000ns period=10.000ns})
  Destination:            C2/count_reg[1]/D
                            (rising edge-triggered cell FDCE clocked by CLK  {rise@0.000ns fall@5.000ns period=10.000ns})
  Path Group:             CLK
  Path Type:              Hold (Min at Fast Process Corner)
  Requirement:            0.000ns  (CLK rise@0.000ns - CLK rise@0.000ns)
  Data Path Delay:        0.408ns  (logic 0.209ns (51.283%)  route 0.199ns (48.717%))
  Logic Levels:           1  (LUT4=1)
  Clock Path Skew:        0.000ns (DCD - SCD - CPR)
    Destination Clock Delay (DCD):    1.949ns
    Source Clock Delay      (SCD):    1.436ns
    Clock Pessimism Removal (CPR):    0.513ns

    Location             Delay type                Incr(ns)  Path(ns)    Netlist Resource(s)
  -------------------------------------------------------------------    -------------------
                         (clock CLK rise edge)        0.000     0.000 r  
    U8                                                0.000     0.000 r  CLK (IN)
                         net (fo=0)                   0.000     0.000    CLK
    U8                   IBUF (Prop_ibuf_I_O)         0.194     0.194 r  CLK_IBUF_inst/O
                         net (fo=1, routed)           0.631     0.825    CLK_IBUF
    BUFGCTRL_X0Y0        BUFG (Prop_bufg_I_O)         0.026     0.851 r  CLK_IBUF_BUFG_inst/O
                         net (fo=17, routed)          0.585     1.436    C2/CLK
    SLICE_X64Y27         FDCE                                         r  C2/count_reg[0]/C
  -------------------------------------------------------------------    -------------------
    SLICE_X64Y27         FDCE (Prop_fdce_C_Q)         0.164     1.600 r  C2/count_reg[0]/Q
                         net (fo=7, routed)           0.199     1.798    C2/Q[0]
    SLICE_X64Y27         LUT4 (Prop_lut4_I0_O)        0.045     1.843 r  C2/count[1]_i_1__0/O
                         net (fo=1, routed)           0.000     1.843    C2/count[1]_i_1__0_n_0
    SLICE_X64Y27         FDCE                                         r  C2/count_reg[1]/D
  -------------------------------------------------------------------    -------------------

                         (clock CLK rise edge)        0.000     0.000 r  
    U8                                                0.000     0.000 r  CLK (IN)
                         net (fo=0)                   0.000     0.000    CLK
    U8                   IBUF (Prop_ibuf_I_O)         0.383     0.383 r  CLK_IBUF_inst/O
                         net (fo=1, routed)           0.685     1.068    CLK_IBUF
    BUFGCTRL_X0Y0        BUFG (Prop_bufg_I_O)         0.029     1.097 r  CLK_IBUF_BUFG_inst/O
                         net (fo=17, routed)          0.853     1.949    C2/CLK
    SLICE_X64Y27         FDCE                                         r  C2/count_reg[1]/C
                         clock pessimism             -0.513     1.436    
    SLICE_X64Y27         FDCE (Hold_fdce_C_D)         0.121     1.557    C2/count_reg[1]
  -------------------------------------------------------------------
                         required time                         -1.557    
                         arrival time                           1.843    
  -------------------------------------------------------------------
                         slack                                  0.287    

Slack (MET) :             0.288ns  (arrival time - required time)
  Source:                 C2/count_reg[0]/C
                            (rising edge-triggered cell FDCE clocked by CLK  {rise@0.000ns fall@5.000ns period=10.000ns})
  Destination:            C2/count_reg[0]/D
                            (rising edge-triggered cell FDCE clocked by CLK  {rise@0.000ns fall@5.000ns period=10.000ns})
  Path Group:             CLK
  Path Type:              Hold (Min at Fast Process Corner)
  Requirement:            0.000ns  (CLK rise@0.000ns - CLK rise@0.000ns)
  Data Path Delay:        0.408ns  (logic 0.209ns (51.283%)  route 0.199ns (48.717%))
  Logic Levels:           1  (LUT1=1)
  Clock Path Skew:        0.000ns (DCD - SCD - CPR)
    Destination Clock Delay (DCD):    1.949ns
    Source Clock Delay      (SCD):    1.436ns
    Clock Pessimism Removal (CPR):    0.513ns

    Location             Delay type                Incr(ns)  Path(ns)    Netlist Resource(s)
  -------------------------------------------------------------------    -------------------
                         (clock CLK rise edge)        0.000     0.000 r  
    U8                                                0.000     0.000 r  CLK (IN)
                         net (fo=0)                   0.000     0.000    CLK
    U8                   IBUF (Prop_ibuf_I_O)         0.194     0.194 r  CLK_IBUF_inst/O
                         net (fo=1, routed)           0.631     0.825    CLK_IBUF
    BUFGCTRL_X0Y0        BUFG (Prop_bufg_I_O)         0.026     0.851 r  CLK_IBUF_BUFG_inst/O
                         net (fo=17, routed)          0.585     1.436    C2/CLK
    SLICE_X64Y27         FDCE                                         r  C2/count_reg[0]/C
  -------------------------------------------------------------------    -------------------
    SLICE_X64Y27         FDCE (Prop_fdce_C_Q)         0.164     1.600 f  C2/count_reg[0]/Q
                         net (fo=7, routed)           0.199     1.798    C2/Q[0]
    SLICE_X64Y27         LUT1 (Prop_lut1_I0_O)        0.045     1.843 r  C2/count[0]_i_1__0/O
                         net (fo=1, routed)           0.000     1.843    C2/count[0]_i_1__0_n_0
    SLICE_X64Y27         FDCE                                         r  C2/count_reg[0]/D
  -------------------------------------------------------------------    -------------------

                         (clock CLK rise edge)        0.000     0.000 r  
    U8                                                0.000     0.000 r  CLK (IN)
                         net (fo=0)                   0.000     0.000    CLK
    U8                   IBUF (Prop_ibuf_I_O)         0.383     0.383 r  CLK_IBUF_inst/O
                         net (fo=1, routed)           0.685     1.068    CLK_IBUF
    BUFGCTRL_X0Y0        BUFG (Prop_bufg_I_O)         0.029     1.097 r  CLK_IBUF_BUFG_inst/O
                         net (fo=17, routed)          0.853     1.949    C2/CLK
    SLICE_X64Y27         FDCE                                         r  C2/count_reg[0]/C
                         clock pessimism             -0.513     1.436    
    SLICE_X64Y27         FDCE (Hold_fdce_C_D)         0.120     1.556    C2/count_reg[0]
  -------------------------------------------------------------------
                         required time                         -1.556    
                         arrival time                           1.843    
  -------------------------------------------------------------------
                         slack                                  0.288    

Slack (MET) :             0.294ns  (arrival time - required time)
  Source:                 C1/count_reg[2]/C
                            (rising edge-triggered cell FDCE clocked by CLK  {rise@0.000ns fall@5.000ns period=10.000ns})
  Destination:            C1/count_reg[3]/D
                            (rising edge-triggered cell FDCE clocked by CLK  {rise@0.000ns fall@5.000ns period=10.000ns})
  Path Group:             CLK
  Path Type:              Hold (Min at Fast Process Corner)
  Requirement:            0.000ns  (CLK rise@0.000ns - CLK rise@0.000ns)
  Data Path Delay:        0.425ns  (logic 0.210ns (49.441%)  route 0.215ns (50.559%))
  Logic Levels:           1  (LUT4=1)
  Clock Path Skew:        0.000ns (DCD - SCD - CPR)
    Destination Clock Delay (DCD):    1.950ns
    Source Clock Delay      (SCD):    1.436ns
    Clock Pessimism Removal (CPR):    0.514ns

    Location             Delay type                Incr(ns)  Path(ns)    Netlist Resource(s)
  -------------------------------------------------------------------    -------------------
                         (clock CLK rise edge)        0.000     0.000 r  
    U8                                                0.000     0.000 r  CLK (IN)
                         net (fo=0)                   0.000     0.000    CLK
    U8                   IBUF (Prop_ibuf_I_O)         0.194     0.194 r  CLK_IBUF_inst/O
                         net (fo=1, routed)           0.631     0.825    CLK_IBUF
    BUFGCTRL_X0Y0        BUFG (Prop_bufg_I_O)         0.026     0.851 r  CLK_IBUF_BUFG_inst/O
                         net (fo=17, routed)          0.585     1.436    C1/CLK
    SLICE_X64Y28         FDCE                                         r  C1/count_reg[2]/C
  -------------------------------------------------------------------    -------------------
    SLICE_X64Y28         FDCE (Prop_fdce_C_Q)         0.164     1.600 r  C1/count_reg[2]/Q
                         net (fo=5, routed)           0.215     1.815    C1/Q[2]
    SLICE_X64Y28         LUT4 (Prop_lut4_I3_O)        0.046     1.861 r  C1/count[3]_i_2/O
                         net (fo=1, routed)           0.000     1.861    C1/count[3]_i_2_n_0
    SLICE_X64Y28         FDCE                                         r  C1/count_reg[3]/D
  -------------------------------------------------------------------    -------------------

                         (clock CLK rise edge)        0.000     0.000 r  
    U8                                                0.000     0.000 r  CLK (IN)
                         net (fo=0)                   0.000     0.000    CLK
    U8                   IBUF (Prop_ibuf_I_O)         0.383     0.383 r  CLK_IBUF_inst/O
                         net (fo=1, routed)           0.685     1.068    CLK_IBUF
    BUFGCTRL_X0Y0        BUFG (Prop_bufg_I_O)         0.029     1.097 r  CLK_IBUF_BUFG_inst/O
                         net (fo=17, routed)          0.854     1.950    C1/CLK
    SLICE_X64Y28         FDCE                                         r  C1/count_reg[3]/C
                         clock pessimism             -0.514     1.436    
    SLICE_X64Y28         FDCE (Hold_fdce_C_D)         0.131     1.567    C1/count_reg[3]
  -------------------------------------------------------------------
                         required time                         -1.567    
                         arrival time                           1.861    
  -------------------------------------------------------------------
                         slack                                  0.294    

Slack (MET) :             0.304ns  (arrival time - required time)
  Source:                 C1/count_reg[2]/C
                            (rising edge-triggered cell FDCE clocked by CLK  {rise@0.000ns fall@5.000ns period=10.000ns})
  Destination:            C1/count_reg[2]/D
                            (rising edge-triggered cell FDCE clocked by CLK  {rise@0.000ns fall@5.000ns period=10.000ns})
  Path Group:             CLK
  Path Type:              Hold (Min at Fast Process Corner)
  Requirement:            0.000ns  (CLK rise@0.000ns - CLK rise@0.000ns)
  Data Path Delay:        0.424ns  (logic 0.209ns (49.322%)  route 0.215ns (50.678%))
  Logic Levels:           1  (LUT3=1)
  Clock Path Skew:        0.000ns (DCD - SCD - CPR)
    Destination Clock Delay (DCD):    1.950ns
    Source Clock Delay      (SCD):    1.436ns
    Clock Pessimism Removal (CPR):    0.514ns

    Location             Delay type                Incr(ns)  Path(ns)    Netlist Resource(s)
  -------------------------------------------------------------------    -------------------
                         (clock CLK rise edge)        0.000     0.000 r  
    U8                                                0.000     0.000 r  CLK (IN)
                         net (fo=0)                   0.000     0.000    CLK
    U8                   IBUF (Prop_ibuf_I_O)         0.194     0.194 r  CLK_IBUF_inst/O
                         net (fo=1, routed)           0.631     0.825    CLK_IBUF
    BUFGCTRL_X0Y0        BUFG (Prop_bufg_I_O)         0.026     0.851 r  CLK_IBUF_BUFG_inst/O
                         net (fo=17, routed)          0.585     1.436    C1/CLK
    SLICE_X64Y28         FDCE                                         r  C1/count_reg[2]/C
  -------------------------------------------------------------------    -------------------
    SLICE_X64Y28         FDCE (Prop_fdce_C_Q)         0.164     1.600 r  C1/count_reg[2]/Q
                         net (fo=5, routed)           0.215     1.815    C1/Q[2]
    SLICE_X64Y28         LUT3 (Prop_lut3_I2_O)        0.045     1.860 r  C1/count[2]_i_1__1/O
                         net (fo=1, routed)           0.000     1.860    C1/count[2]_i_1__1_n_0
    SLICE_X64Y28         FDCE                                         r  C1/count_reg[2]/D
  -------------------------------------------------------------------    -------------------

                         (clock CLK rise edge)        0.000     0.000 r  
    U8                                                0.000     0.000 r  CLK (IN)
                         net (fo=0)                   0.000     0.000    CLK
    U8                   IBUF (Prop_ibuf_I_O)         0.383     0.383 r  CLK_IBUF_inst/O
                         net (fo=1, routed)           0.685     1.068    CLK_IBUF
    BUFGCTRL_X0Y0        BUFG (Prop_bufg_I_O)         0.029     1.097 r  CLK_IBUF_BUFG_inst/O
                         net (fo=17, routed)          0.854     1.950    C1/CLK
    SLICE_X64Y28         FDCE                                         r  C1/count_reg[2]/C
                         clock pessimism             -0.514     1.436    
    SLICE_X64Y28         FDCE (Hold_fdce_C_D)         0.120     1.556    C1/count_reg[2]
  -------------------------------------------------------------------
                         required time                         -1.556    
                         arrival time                           1.860    
  -------------------------------------------------------------------
                         slack                                  0.304    





Pulse Width Checks
--------------------------------------------------------------------------------------
Clock Name:         CLK
Waveform(ns):       { 0.000 5.000 }
Period(ns):         10.000
Sources:            { CLK }

Check Type        Corner  Lib Pin  Reference Pin  Required(ns)  Actual(ns)  Slack(ns)  Location       Pin
Min Period        n/a     BUFG/I   n/a            2.155         10.000      7.845      BUFGCTRL_X0Y0  CLK_IBUF_BUFG_inst/I
Min Period        n/a     FDCE/C   n/a            1.000         10.000      9.000      SLICE_X64Y23   B1/Q_reg/C
Min Period        n/a     FDCE/C   n/a            1.000         10.000      9.000      SLICE_X64Y28   C1/count_reg[0]/C
Min Period        n/a     FDCE/C   n/a            1.000         10.000      9.000      SLICE_X64Y28   C1/count_reg[1]/C
Min Period        n/a     FDCE/C   n/a            1.000         10.000      9.000      SLICE_X64Y28   C1/count_reg[2]/C
Min Period        n/a     FDCE/C   n/a            1.000         10.000      9.000      SLICE_X64Y28   C1/count_reg[3]/C
Min Period        n/a     FDCE/C   n/a            1.000         10.000      9.000      SLICE_X64Y27   C2/count_reg[0]/C
Min Period        n/a     FDCE/C   n/a            1.000         10.000      9.000      SLICE_X64Y27   C2/count_reg[1]/C
Min Period        n/a     FDCE/C   n/a            1.000         10.000      9.000      SLICE_X64Y27   C2/count_reg[2]/C
Min Period        n/a     FDCE/C   n/a            1.000         10.000      9.000      SLICE_X64Y27   C2/count_reg[3]/C
Low Pulse Width   Slow    FDCE/C   n/a            0.500         5.000       4.500      SLICE_X64Y23   B1/Q_reg/C
Low Pulse Width   Fast    FDCE/C   n/a            0.500         5.000       4.500      SLICE_X64Y23   B1/Q_reg/C
Low Pulse Width   Slow    FDCE/C   n/a            0.500         5.000       4.500      SLICE_X64Y28   C1/count_reg[0]/C
Low Pulse Width   Fast    FDCE/C   n/a            0.500         5.000       4.500      SLICE_X64Y28   C1/count_reg[0]/C
Low Pulse Width   Slow    FDCE/C   n/a            0.500         5.000       4.500      SLICE_X64Y28   C1/count_reg[1]/C
Low Pulse Width   Fast    FDCE/C   n/a            0.500         5.000       4.500      SLICE_X64Y28   C1/count_reg[1]/C
Low Pulse Width   Slow    FDCE/C   n/a            0.500         5.000       4.500      SLICE_X64Y28   C1/count_reg[2]/C
Low Pulse Width   Fast    FDCE/C   n/a            0.500         5.000       4.500      SLICE_X64Y28   C1/count_reg[2]/C
Low Pulse Width   Slow    FDCE/C   n/a            0.500         5.000       4.500      SLICE_X64Y28   C1/count_reg[3]/C
Low Pulse Width   Fast    FDCE/C   n/a            0.500         5.000       4.500      SLICE_X64Y28   C1/count_reg[3]/C
High Pulse Width  Slow    FDCE/C   n/a            0.500         5.000       4.500      SLICE_X64Y23   B1/Q_reg/C
High Pulse Width  Fast    FDCE/C   n/a            0.500         5.000       4.500      SLICE_X64Y23   B1/Q_reg/C
High Pulse Width  Slow    FDCE/C   n/a            0.500         5.000       4.500      SLICE_X64Y28   C1/count_reg[0]/C
High Pulse Width  Fast    FDCE/C   n/a            0.500         5.000       4.500      SLICE_X64Y28   C1/count_reg[0]/C
High Pulse Width  Slow    FDCE/C   n/a            0.500         5.000       4.500      SLICE_X64Y28   C1/count_reg[1]/C
High Pulse Width  Fast    FDCE/C   n/a            0.500         5.000       4.500      SLICE_X64Y28   C1/count_reg[1]/C
High Pulse Width  Slow    FDCE/C   n/a            0.500         5.000       4.500      SLICE_X64Y28   C1/count_reg[2]/C
High Pulse Width  Fast    FDCE/C   n/a            0.500         5.000       4.500      SLICE_X64Y28   C1/count_reg[2]/C
High Pulse Width  Slow    FDCE/C   n/a            0.500         5.000       4.500      SLICE_X64Y28   C1/count_reg[3]/C
High Pulse Width  Fast    FDCE/C   n/a            0.500         5.000       4.500      SLICE_X64Y28   C1/count_reg[3]/C



---------------------------------------------------------------------------------------------------
From Clock:  CE_1s
  To Clock:  CLK

Setup :            0  Failing Endpoints,  Worst Slack        4.667ns,  Total Violation        0.000ns
Hold  :            0  Failing Endpoints,  Worst Slack        0.471ns,  Total Violation        0.000ns
---------------------------------------------------------------------------------------------------


Max Delay Paths
--------------------------------------------------------------------------------------
Slack (MET) :             4.667ns  (required time - arrival time)
  Source:                 CE_1s
                            (clock source 'CE_1s'  {rise@0.000ns fall@500.000ns period=1000.000ns})
  Destination:            C3/count_reg[0]/CE
                            (rising edge-triggered cell FDCE clocked by CLK  {rise@0.000ns fall@5.000ns period=10.000ns})
  Path Group:             CLK
  Path Type:              Setup (Max at Slow Process Corner)
  Requirement:            10.000ns  (CLK rise@10.000ns - CE_1s rise@0.000ns)
  Data Path Delay:        9.209ns  (logic 1.205ns (13.082%)  route 8.004ns (86.918%))
  Logic Levels:           3  (IBUF=1 LUT5=2)
  Clock Path Skew:        4.287ns (DCD - SCD + CPR)
    Destination Clock Delay (DCD):    4.287ns = ( 14.287 - 10.000 ) 
    Source Clock Delay      (SCD):    0.000ns
    Clock Pessimism Removal (CPR):    0.000ns
  Clock Uncertainty:      0.035ns  ((TSJ^2 + TIJ^2)^1/2 + DJ) / 2 + PE
    Total System Jitter     (TSJ):    0.071ns
    Total Input Jitter      (TIJ):    0.000ns
    Discrete Jitter          (DJ):    0.000ns
    Phase Error              (PE):    0.000ns
  Clock Domain Crossing:  Inter clock paths are considered valid unless explicitly excluded by timing constraints such as set_clock_groups or set_false_path.

    Location             Delay type                Incr(ns)  Path(ns)    Netlist Resource(s)
  -------------------------------------------------------------------    -------------------
                         (clock CE_1s rise edge)      0.000     0.000 r  
    V7                                                0.000     0.000 r  CE_1s (IN)
                         net (fo=0)                   0.000     0.000    CE_1s
    V7                   IBUF (Prop_ibuf_I_O)         0.928     0.928 r  CE_1s_IBUF_inst/O
                         net (fo=3, routed)           4.299     5.227    C1/CE_1s_IBUF
    SLICE_X64Y28         LUT5 (Prop_lut5_I0_O)        0.124     5.351 r  C1/count[3]_i_1__1/O
                         net (fo=6, routed)           2.294     7.645    C2/count_reg[3]_0[0]
    SLICE_X64Y27         LUT5 (Prop_lut5_I0_O)        0.153     7.798 r  C2/count[3]_i_1__0/O
                         net (fo=4, routed)           1.411     9.209    C3/E[0]
    SLICE_X64Y25         FDCE                                         r  C3/count_reg[0]/CE
  -------------------------------------------------------------------    -------------------

                         (clock CLK rise edge)       10.000    10.000 r  
    U8                                                0.000    10.000 r  CLK (IN)
                         net (fo=0)                   0.000    10.000    CLK
    U8                   IBUF (Prop_ibuf_I_O)         0.832    10.832 r  CLK_IBUF_inst/O
                         net (fo=1, routed)           1.862    12.694    CLK_IBUF
    BUFGCTRL_X0Y0        BUFG (Prop_bufg_I_O)         0.091    12.785 r  CLK_IBUF_BUFG_inst/O
                         net (fo=17, routed)          1.502    14.287    C3/CLK
    SLICE_X64Y25         FDCE                                         r  C3/count_reg[0]/C
                         clock pessimism              0.000    14.287    
                         clock uncertainty           -0.035    14.252    
    SLICE_X64Y25         FDCE (Setup_fdce_C_CE)      -0.376    13.876    C3/count_reg[0]
  -------------------------------------------------------------------
                         required time                         13.876    
                         arrival time                          -9.209    
  -------------------------------------------------------------------
                         slack                                  4.667    

Slack (MET) :             4.667ns  (required time - arrival time)
  Source:                 CE_1s
                            (clock source 'CE_1s'  {rise@0.000ns fall@500.000ns period=1000.000ns})
  Destination:            C3/count_reg[1]/CE
                            (rising edge-triggered cell FDCE clocked by CLK  {rise@0.000ns fall@5.000ns period=10.000ns})
  Path Group:             CLK
  Path Type:              Setup (Max at Slow Process Corner)
  Requirement:            10.000ns  (CLK rise@10.000ns - CE_1s rise@0.000ns)
  Data Path Delay:        9.209ns  (logic 1.205ns (13.082%)  route 8.004ns (86.918%))
  Logic Levels:           3  (IBUF=1 LUT5=2)
  Clock Path Skew:        4.287ns (DCD - SCD + CPR)
    Destination Clock Delay (DCD):    4.287ns = ( 14.287 - 10.000 ) 
    Source Clock Delay      (SCD):    0.000ns
    Clock Pessimism Removal (CPR):    0.000ns
  Clock Uncertainty:      0.035ns  ((TSJ^2 + TIJ^2)^1/2 + DJ) / 2 + PE
    Total System Jitter     (TSJ):    0.071ns
    Total Input Jitter      (TIJ):    0.000ns
    Discrete Jitter          (DJ):    0.000ns
    Phase Error              (PE):    0.000ns
  Clock Domain Crossing:  Inter clock paths are considered valid unless explicitly excluded by timing constraints such as set_clock_groups or set_false_path.

    Location             Delay type                Incr(ns)  Path(ns)    Netlist Resource(s)
  -------------------------------------------------------------------    -------------------
                         (clock CE_1s rise edge)      0.000     0.000 r  
    V7                                                0.000     0.000 r  CE_1s (IN)
                         net (fo=0)                   0.000     0.000    CE_1s
    V7                   IBUF (Prop_ibuf_I_O)         0.928     0.928 r  CE_1s_IBUF_inst/O
                         net (fo=3, routed)           4.299     5.227    C1/CE_1s_IBUF
    SLICE_X64Y28         LUT5 (Prop_lut5_I0_O)        0.124     5.351 r  C1/count[3]_i_1__1/O
                         net (fo=6, routed)           2.294     7.645    C2/count_reg[3]_0[0]
    SLICE_X64Y27         LUT5 (Prop_lut5_I0_O)        0.153     7.798 r  C2/count[3]_i_1__0/O
                         net (fo=4, routed)           1.411     9.209    C3/E[0]
    SLICE_X64Y25         FDCE                                         r  C3/count_reg[1]/CE
  -------------------------------------------------------------------    -------------------

                         (clock CLK rise edge)       10.000    10.000 r  
    U8                                                0.000    10.000 r  CLK (IN)
                         net (fo=0)                   0.000    10.000    CLK
    U8                   IBUF (Prop_ibuf_I_O)         0.832    10.832 r  CLK_IBUF_inst/O
                         net (fo=1, routed)           1.862    12.694    CLK_IBUF
    BUFGCTRL_X0Y0        BUFG (Prop_bufg_I_O)         0.091    12.785 r  CLK_IBUF_BUFG_inst/O
                         net (fo=17, routed)          1.502    14.287    C3/CLK
    SLICE_X64Y25         FDCE                                         r  C3/count_reg[1]/C
                         clock pessimism              0.000    14.287    
                         clock uncertainty           -0.035    14.252    
    SLICE_X64Y25         FDCE (Setup_fdce_C_CE)      -0.376    13.876    C3/count_reg[1]
  -------------------------------------------------------------------
                         required time                         13.876    
                         arrival time                          -9.209    
  -------------------------------------------------------------------
                         slack                                  4.667    

Slack (MET) :             4.667ns  (required time - arrival time)
  Source:                 CE_1s
                            (clock source 'CE_1s'  {rise@0.000ns fall@500.000ns period=1000.000ns})
  Destination:            C3/count_reg[2]/CE
                            (rising edge-triggered cell FDCE clocked by CLK  {rise@0.000ns fall@5.000ns period=10.000ns})
  Path Group:             CLK
  Path Type:              Setup (Max at Slow Process Corner)
  Requirement:            10.000ns  (CLK rise@10.000ns - CE_1s rise@0.000ns)
  Data Path Delay:        9.209ns  (logic 1.205ns (13.082%)  route 8.004ns (86.918%))
  Logic Levels:           3  (IBUF=1 LUT5=2)
  Clock Path Skew:        4.287ns (DCD - SCD + CPR)
    Destination Clock Delay (DCD):    4.287ns = ( 14.287 - 10.000 ) 
    Source Clock Delay      (SCD):    0.000ns
    Clock Pessimism Removal (CPR):    0.000ns
  Clock Uncertainty:      0.035ns  ((TSJ^2 + TIJ^2)^1/2 + DJ) / 2 + PE
    Total System Jitter     (TSJ):    0.071ns
    Total Input Jitter      (TIJ):    0.000ns
    Discrete Jitter          (DJ):    0.000ns
    Phase Error              (PE):    0.000ns
  Clock Domain Crossing:  Inter clock paths are considered valid unless explicitly excluded by timing constraints such as set_clock_groups or set_false_path.

    Location             Delay type                Incr(ns)  Path(ns)    Netlist Resource(s)
  -------------------------------------------------------------------    -------------------
                         (clock CE_1s rise edge)      0.000     0.000 r  
    V7                                                0.000     0.000 r  CE_1s (IN)
                         net (fo=0)                   0.000     0.000    CE_1s
    V7                   IBUF (Prop_ibuf_I_O)         0.928     0.928 r  CE_1s_IBUF_inst/O
                         net (fo=3, routed)           4.299     5.227    C1/CE_1s_IBUF
    SLICE_X64Y28         LUT5 (Prop_lut5_I0_O)        0.124     5.351 r  C1/count[3]_i_1__1/O
                         net (fo=6, routed)           2.294     7.645    C2/count_reg[3]_0[0]
    SLICE_X64Y27         LUT5 (Prop_lut5_I0_O)        0.153     7.798 r  C2/count[3]_i_1__0/O
                         net (fo=4, routed)           1.411     9.209    C3/E[0]
    SLICE_X64Y25         FDCE                                         r  C3/count_reg[2]/CE
  -------------------------------------------------------------------    -------------------

                         (clock CLK rise edge)       10.000    10.000 r  
    U8                                                0.000    10.000 r  CLK (IN)
                         net (fo=0)                   0.000    10.000    CLK
    U8                   IBUF (Prop_ibuf_I_O)         0.832    10.832 r  CLK_IBUF_inst/O
                         net (fo=1, routed)           1.862    12.694    CLK_IBUF
    BUFGCTRL_X0Y0        BUFG (Prop_bufg_I_O)         0.091    12.785 r  CLK_IBUF_BUFG_inst/O
                         net (fo=17, routed)          1.502    14.287    C3/CLK
    SLICE_X64Y25         FDCE                                         r  C3/count_reg[2]/C
                         clock pessimism              0.000    14.287    
                         clock uncertainty           -0.035    14.252    
    SLICE_X64Y25         FDCE (Setup_fdce_C_CE)      -0.376    13.876    C3/count_reg[2]
  -------------------------------------------------------------------
                         required time                         13.876    
                         arrival time                          -9.209    
  -------------------------------------------------------------------
                         slack                                  4.667    

Slack (MET) :             4.667ns  (required time - arrival time)
  Source:                 CE_1s
                            (clock source 'CE_1s'  {rise@0.000ns fall@500.000ns period=1000.000ns})
  Destination:            C3/count_reg[3]/CE
                            (rising edge-triggered cell FDCE clocked by CLK  {rise@0.000ns fall@5.000ns period=10.000ns})
  Path Group:             CLK
  Path Type:              Setup (Max at Slow Process Corner)
  Requirement:            10.000ns  (CLK rise@10.000ns - CE_1s rise@0.000ns)
  Data Path Delay:        9.209ns  (logic 1.205ns (13.082%)  route 8.004ns (86.918%))
  Logic Levels:           3  (IBUF=1 LUT5=2)
  Clock Path Skew:        4.287ns (DCD - SCD + CPR)
    Destination Clock Delay (DCD):    4.287ns = ( 14.287 - 10.000 ) 
    Source Clock Delay      (SCD):    0.000ns
    Clock Pessimism Removal (CPR):    0.000ns
  Clock Uncertainty:      0.035ns  ((TSJ^2 + TIJ^2)^1/2 + DJ) / 2 + PE
    Total System Jitter     (TSJ):    0.071ns
    Total Input Jitter      (TIJ):    0.000ns
    Discrete Jitter          (DJ):    0.000ns
    Phase Error              (PE):    0.000ns
  Clock Domain Crossing:  Inter clock paths are considered valid unless explicitly excluded by timing constraints such as set_clock_groups or set_false_path.

    Location             Delay type                Incr(ns)  Path(ns)    Netlist Resource(s)
  -------------------------------------------------------------------    -------------------
                         (clock CE_1s rise edge)      0.000     0.000 r  
    V7                                                0.000     0.000 r  CE_1s (IN)
                         net (fo=0)                   0.000     0.000    CE_1s
    V7                   IBUF (Prop_ibuf_I_O)         0.928     0.928 r  CE_1s_IBUF_inst/O
                         net (fo=3, routed)           4.299     5.227    C1/CE_1s_IBUF
    SLICE_X64Y28         LUT5 (Prop_lut5_I0_O)        0.124     5.351 r  C1/count[3]_i_1__1/O
                         net (fo=6, routed)           2.294     7.645    C2/count_reg[3]_0[0]
    SLICE_X64Y27         LUT5 (Prop_lut5_I0_O)        0.153     7.798 r  C2/count[3]_i_1__0/O
                         net (fo=4, routed)           1.411     9.209    C3/E[0]
    SLICE_X64Y25         FDCE                                         r  C3/count_reg[3]/CE
  -------------------------------------------------------------------    -------------------

                         (clock CLK rise edge)       10.000    10.000 r  
    U8                                                0.000    10.000 r  CLK (IN)
                         net (fo=0)                   0.000    10.000    CLK
    U8                   IBUF (Prop_ibuf_I_O)         0.832    10.832 r  CLK_IBUF_inst/O
                         net (fo=1, routed)           1.862    12.694    CLK_IBUF
    BUFGCTRL_X0Y0        BUFG (Prop_bufg_I_O)         0.091    12.785 r  CLK_IBUF_BUFG_inst/O
                         net (fo=17, routed)          1.502    14.287    C3/CLK
    SLICE_X64Y25         FDCE                                         r  C3/count_reg[3]/C
                         clock pessimism              0.000    14.287    
                         clock uncertainty           -0.035    14.252    
    SLICE_X64Y25         FDCE (Setup_fdce_C_CE)      -0.376    13.876    C3/count_reg[3]
  -------------------------------------------------------------------
                         required time                         13.876    
                         arrival time                          -9.209    
  -------------------------------------------------------------------
                         slack                                  4.667    

Slack (MET) :             5.553ns  (required time - arrival time)
  Source:                 CE_1s
                            (clock source 'CE_1s'  {rise@0.000ns fall@500.000ns period=1000.000ns})
  Destination:            C4/count_reg[0]/CE
                            (rising edge-triggered cell FDCE clocked by CLK  {rise@0.000ns fall@5.000ns period=10.000ns})
  Path Group:             CLK
  Path Type:              Setup (Max at Slow Process Corner)
  Requirement:            10.000ns  (CLK rise@10.000ns - CE_1s rise@0.000ns)
  Data Path Delay:        8.535ns  (logic 1.176ns (13.775%)  route 7.359ns (86.225%))
  Logic Levels:           3  (IBUF=1 LUT4=1 LUT5=1)
  Clock Path Skew:        4.292ns (DCD - SCD + CPR)
    Destination Clock Delay (DCD):    4.292ns = ( 14.292 - 10.000 ) 
    Source Clock Delay      (SCD):    0.000ns
    Clock Pessimism Removal (CPR):    0.000ns
  Clock Uncertainty:      0.035ns  ((TSJ^2 + TIJ^2)^1/2 + DJ) / 2 + PE
    Total System Jitter     (TSJ):    0.071ns
    Total Input Jitter      (TIJ):    0.000ns
    Discrete Jitter          (DJ):    0.000ns
    Phase Error              (PE):    0.000ns
  Clock Domain Crossing:  Inter clock paths are considered valid unless explicitly excluded by timing constraints such as set_clock_groups or set_false_path.

    Location             Delay type                Incr(ns)  Path(ns)    Netlist Resource(s)
  -------------------------------------------------------------------    -------------------
                         (clock CE_1s rise edge)      0.000     0.000 r  
    V7                                                0.000     0.000 r  CE_1s (IN)
                         net (fo=0)                   0.000     0.000    CE_1s
    V7                   IBUF (Prop_ibuf_I_O)         0.928     0.928 r  CE_1s_IBUF_inst/O
                         net (fo=3, routed)           4.299     5.227    C1/CE_1s_IBUF
    SLICE_X64Y28         LUT5 (Prop_lut5_I0_O)        0.124     5.351 r  C1/count[3]_i_1__1/O
                         net (fo=6, routed)           1.208     6.559    C1/count_reg[0]_0[0]
    SLICE_X64Y27         LUT4 (Prop_lut4_I1_O)        0.124     6.683 r  C1/count[3]_i_1/O
                         net (fo=4, routed)           1.852     8.535    C4/E[0]
    SLICE_X64Y21         FDCE                                         r  C4/count_reg[0]/CE
  -------------------------------------------------------------------    -------------------

                         (clock CLK rise edge)       10.000    10.000 r  
    U8                                                0.000    10.000 r  CLK (IN)
                         net (fo=0)                   0.000    10.000    CLK
    U8                   IBUF (Prop_ibuf_I_O)         0.832    10.832 r  CLK_IBUF_inst/O
                         net (fo=1, routed)           1.862    12.694    CLK_IBUF
    BUFGCTRL_X0Y0        BUFG (Prop_bufg_I_O)         0.091    12.785 r  CLK_IBUF_BUFG_inst/O
                         net (fo=17, routed)          1.507    14.292    C4/CLK
    SLICE_X64Y21         FDCE                                         r  C4/count_reg[0]/C
                         clock pessimism              0.000    14.292    
                         clock uncertainty           -0.035    14.257    
    SLICE_X64Y21         FDCE (Setup_fdce_C_CE)      -0.169    14.088    C4/count_reg[0]
  -------------------------------------------------------------------
                         required time                         14.088    
                         arrival time                          -8.535    
  -------------------------------------------------------------------
                         slack                                  5.553    

Slack (MET) :             5.553ns  (required time - arrival time)
  Source:                 CE_1s
                            (clock source 'CE_1s'  {rise@0.000ns fall@500.000ns period=1000.000ns})
  Destination:            C4/count_reg[1]/CE
                            (rising edge-triggered cell FDCE clocked by CLK  {rise@0.000ns fall@5.000ns period=10.000ns})
  Path Group:             CLK
  Path Type:              Setup (Max at Slow Process Corner)
  Requirement:            10.000ns  (CLK rise@10.000ns - CE_1s rise@0.000ns)
  Data Path Delay:        8.535ns  (logic 1.176ns (13.775%)  route 7.359ns (86.225%))
  Logic Levels:           3  (IBUF=1 LUT4=1 LUT5=1)
  Clock Path Skew:        4.292ns (DCD - SCD + CPR)
    Destination Clock Delay (DCD):    4.292ns = ( 14.292 - 10.000 ) 
    Source Clock Delay      (SCD):    0.000ns
    Clock Pessimism Removal (CPR):    0.000ns
  Clock Uncertainty:      0.035ns  ((TSJ^2 + TIJ^2)^1/2 + DJ) / 2 + PE
    Total System Jitter     (TSJ):    0.071ns
    Total Input Jitter      (TIJ):    0.000ns
    Discrete Jitter          (DJ):    0.000ns
    Phase Error              (PE):    0.000ns
  Clock Domain Crossing:  Inter clock paths are considered valid unless explicitly excluded by timing constraints such as set_clock_groups or set_false_path.

    Location             Delay type                Incr(ns)  Path(ns)    Netlist Resource(s)
  -------------------------------------------------------------------    -------------------
                         (clock CE_1s rise edge)      0.000     0.000 r  
    V7                                                0.000     0.000 r  CE_1s (IN)
                         net (fo=0)                   0.000     0.000    CE_1s
    V7                   IBUF (Prop_ibuf_I_O)         0.928     0.928 r  CE_1s_IBUF_inst/O
                         net (fo=3, routed)           4.299     5.227    C1/CE_1s_IBUF
    SLICE_X64Y28         LUT5 (Prop_lut5_I0_O)        0.124     5.351 r  C1/count[3]_i_1__1/O
                         net (fo=6, routed)           1.208     6.559    C1/count_reg[0]_0[0]
    SLICE_X64Y27         LUT4 (Prop_lut4_I1_O)        0.124     6.683 r  C1/count[3]_i_1/O
                         net (fo=4, routed)           1.852     8.535    C4/E[0]
    SLICE_X64Y21         FDCE                                         r  C4/count_reg[1]/CE
  -------------------------------------------------------------------    -------------------

                         (clock CLK rise edge)       10.000    10.000 r  
    U8                                                0.000    10.000 r  CLK (IN)
                         net (fo=0)                   0.000    10.000    CLK
    U8                   IBUF (Prop_ibuf_I_O)         0.832    10.832 r  CLK_IBUF_inst/O
                         net (fo=1, routed)           1.862    12.694    CLK_IBUF
    BUFGCTRL_X0Y0        BUFG (Prop_bufg_I_O)         0.091    12.785 r  CLK_IBUF_BUFG_inst/O
                         net (fo=17, routed)          1.507    14.292    C4/CLK
    SLICE_X64Y21         FDCE                                         r  C4/count_reg[1]/C
                         clock pessimism              0.000    14.292    
                         clock uncertainty           -0.035    14.257    
    SLICE_X64Y21         FDCE (Setup_fdce_C_CE)      -0.169    14.088    C4/count_reg[1]
  -------------------------------------------------------------------
                         required time                         14.088    
                         arrival time                          -8.535    
  -------------------------------------------------------------------
                         slack                                  5.553    

Slack (MET) :             5.553ns  (required time - arrival time)
  Source:                 CE_1s
                            (clock source 'CE_1s'  {rise@0.000ns fall@500.000ns period=1000.000ns})
  Destination:            C4/count_reg[2]/CE
                            (rising edge-triggered cell FDCE clocked by CLK  {rise@0.000ns fall@5.000ns period=10.000ns})
  Path Group:             CLK
  Path Type:              Setup (Max at Slow Process Corner)
  Requirement:            10.000ns  (CLK rise@10.000ns - CE_1s rise@0.000ns)
  Data Path Delay:        8.535ns  (logic 1.176ns (13.775%)  route 7.359ns (86.225%))
  Logic Levels:           3  (IBUF=1 LUT4=1 LUT5=1)
  Clock Path Skew:        4.292ns (DCD - SCD + CPR)
    Destination Clock Delay (DCD):    4.292ns = ( 14.292 - 10.000 ) 
    Source Clock Delay      (SCD):    0.000ns
    Clock Pessimism Removal (CPR):    0.000ns
  Clock Uncertainty:      0.035ns  ((TSJ^2 + TIJ^2)^1/2 + DJ) / 2 + PE
    Total System Jitter     (TSJ):    0.071ns
    Total Input Jitter      (TIJ):    0.000ns
    Discrete Jitter          (DJ):    0.000ns
    Phase Error              (PE):    0.000ns
  Clock Domain Crossing:  Inter clock paths are considered valid unless explicitly excluded by timing constraints such as set_clock_groups or set_false_path.

    Location             Delay type                Incr(ns)  Path(ns)    Netlist Resource(s)
  -------------------------------------------------------------------    -------------------
                         (clock CE_1s rise edge)      0.000     0.000 r  
    V7                                                0.000     0.000 r  CE_1s (IN)
                         net (fo=0)                   0.000     0.000    CE_1s
    V7                   IBUF (Prop_ibuf_I_O)         0.928     0.928 r  CE_1s_IBUF_inst/O
                         net (fo=3, routed)           4.299     5.227    C1/CE_1s_IBUF
    SLICE_X64Y28         LUT5 (Prop_lut5_I0_O)        0.124     5.351 r  C1/count[3]_i_1__1/O
                         net (fo=6, routed)           1.208     6.559    C1/count_reg[0]_0[0]
    SLICE_X64Y27         LUT4 (Prop_lut4_I1_O)        0.124     6.683 r  C1/count[3]_i_1/O
                         net (fo=4, routed)           1.852     8.535    C4/E[0]
    SLICE_X64Y21         FDCE                                         r  C4/count_reg[2]/CE
  -------------------------------------------------------------------    -------------------

                         (clock CLK rise edge)       10.000    10.000 r  
    U8                                                0.000    10.000 r  CLK (IN)
                         net (fo=0)                   0.000    10.000    CLK
    U8                   IBUF (Prop_ibuf_I_O)         0.832    10.832 r  CLK_IBUF_inst/O
                         net (fo=1, routed)           1.862    12.694    CLK_IBUF
    BUFGCTRL_X0Y0        BUFG (Prop_bufg_I_O)         0.091    12.785 r  CLK_IBUF_BUFG_inst/O
                         net (fo=17, routed)          1.507    14.292    C4/CLK
    SLICE_X64Y21         FDCE                                         r  C4/count_reg[2]/C
                         clock pessimism              0.000    14.292    
                         clock uncertainty           -0.035    14.257    
    SLICE_X64Y21         FDCE (Setup_fdce_C_CE)      -0.169    14.088    C4/count_reg[2]
  -------------------------------------------------------------------
                         required time                         14.088    
                         arrival time                          -8.535    
  -------------------------------------------------------------------
                         slack                                  5.553    

Slack (MET) :             5.553ns  (required time - arrival time)
  Source:                 CE_1s
                            (clock source 'CE_1s'  {rise@0.000ns fall@500.000ns period=1000.000ns})
  Destination:            C4/count_reg[3]/CE
                            (rising edge-triggered cell FDCE clocked by CLK  {rise@0.000ns fall@5.000ns period=10.000ns})
  Path Group:             CLK
  Path Type:              Setup (Max at Slow Process Corner)
  Requirement:            10.000ns  (CLK rise@10.000ns - CE_1s rise@0.000ns)
  Data Path Delay:        8.535ns  (logic 1.176ns (13.775%)  route 7.359ns (86.225%))
  Logic Levels:           3  (IBUF=1 LUT4=1 LUT5=1)
  Clock Path Skew:        4.292ns (DCD - SCD + CPR)
    Destination Clock Delay (DCD):    4.292ns = ( 14.292 - 10.000 ) 
    Source Clock Delay      (SCD):    0.000ns
    Clock Pessimism Removal (CPR):    0.000ns
  Clock Uncertainty:      0.035ns  ((TSJ^2 + TIJ^2)^1/2 + DJ) / 2 + PE
    Total System Jitter     (TSJ):    0.071ns
    Total Input Jitter      (TIJ):    0.000ns
    Discrete Jitter          (DJ):    0.000ns
    Phase Error              (PE):    0.000ns
  Clock Domain Crossing:  Inter clock paths are considered valid unless explicitly excluded by timing constraints such as set_clock_groups or set_false_path.

    Location             Delay type                Incr(ns)  Path(ns)    Netlist Resource(s)
  -------------------------------------------------------------------    -------------------
                         (clock CE_1s rise edge)      0.000     0.000 r  
    V7                                                0.000     0.000 r  CE_1s (IN)
                         net (fo=0)                   0.000     0.000    CE_1s
    V7                   IBUF (Prop_ibuf_I_O)         0.928     0.928 r  CE_1s_IBUF_inst/O
                         net (fo=3, routed)           4.299     5.227    C1/CE_1s_IBUF
    SLICE_X64Y28         LUT5 (Prop_lut5_I0_O)        0.124     5.351 r  C1/count[3]_i_1__1/O
                         net (fo=6, routed)           1.208     6.559    C1/count_reg[0]_0[0]
    SLICE_X64Y27         LUT4 (Prop_lut4_I1_O)        0.124     6.683 r  C1/count[3]_i_1/O
                         net (fo=4, routed)           1.852     8.535    C4/E[0]
    SLICE_X64Y21         FDCE                                         r  C4/count_reg[3]/CE
  -------------------------------------------------------------------    -------------------

                         (clock CLK rise edge)       10.000    10.000 r  
    U8                                                0.000    10.000 r  CLK (IN)
                         net (fo=0)                   0.000    10.000    CLK
    U8                   IBUF (Prop_ibuf_I_O)         0.832    10.832 r  CLK_IBUF_inst/O
                         net (fo=1, routed)           1.862    12.694    CLK_IBUF
    BUFGCTRL_X0Y0        BUFG (Prop_bufg_I_O)         0.091    12.785 r  CLK_IBUF_BUFG_inst/O
                         net (fo=17, routed)          1.507    14.292    C4/CLK
    SLICE_X64Y21         FDCE                                         r  C4/count_reg[3]/C
                         clock pessimism              0.000    14.292    
                         clock uncertainty           -0.035    14.257    
    SLICE_X64Y21         FDCE (Setup_fdce_C_CE)      -0.169    14.088    C4/count_reg[3]
  -------------------------------------------------------------------
                         required time                         14.088    
                         arrival time                          -8.535    
  -------------------------------------------------------------------
                         slack                                  5.553    

Slack (MET) :             6.921ns  (required time - arrival time)
  Source:                 CE_1s
                            (clock source 'CE_1s'  {rise@0.000ns fall@500.000ns period=1000.000ns})
  Destination:            C2/count_reg[0]/CE
                            (rising edge-triggered cell FDCE clocked by CLK  {rise@0.000ns fall@5.000ns period=10.000ns})
  Path Group:             CLK
  Path Type:              Setup (Max at Slow Process Corner)
  Requirement:            10.000ns  (CLK rise@10.000ns - CE_1s rise@0.000ns)
  Data Path Delay:        7.165ns  (logic 1.052ns (14.680%)  route 6.113ns (85.320%))
  Logic Levels:           2  (IBUF=1 LUT5=1)
  Clock Path Skew:        4.290ns (DCD - SCD + CPR)
    Destination Clock Delay (DCD):    4.290ns = ( 14.290 - 10.000 ) 
    Source Clock Delay      (SCD):    0.000ns
    Clock Pessimism Removal (CPR):    0.000ns
  Clock Uncertainty:      0.035ns  ((TSJ^2 + TIJ^2)^1/2 + DJ) / 2 + PE
    Total System Jitter     (TSJ):    0.071ns
    Total Input Jitter      (TIJ):    0.000ns
    Discrete Jitter          (DJ):    0.000ns
    Phase Error              (PE):    0.000ns
  Clock Domain Crossing:  Inter clock paths are considered valid unless explicitly excluded by timing constraints such as set_clock_groups or set_false_path.

    Location             Delay type                Incr(ns)  Path(ns)    Netlist Resource(s)
  -------------------------------------------------------------------    -------------------
                         (clock CE_1s rise edge)      0.000     0.000 r  
    V7                                                0.000     0.000 r  CE_1s (IN)
                         net (fo=0)                   0.000     0.000    CE_1s
    V7                   IBUF (Prop_ibuf_I_O)         0.928     0.928 r  CE_1s_IBUF_inst/O
                         net (fo=3, routed)           4.299     5.227    C1/CE_1s_IBUF
    SLICE_X64Y28         LUT5 (Prop_lut5_I0_O)        0.124     5.351 r  C1/count[3]_i_1__1/O
                         net (fo=6, routed)           1.814     7.165    C2/count_reg[3]_0[0]
    SLICE_X64Y27         FDCE                                         r  C2/count_reg[0]/CE
  -------------------------------------------------------------------    -------------------

                         (clock CLK rise edge)       10.000    10.000 r  
    U8                                                0.000    10.000 r  CLK (IN)
                         net (fo=0)                   0.000    10.000    CLK
    U8                   IBUF (Prop_ibuf_I_O)         0.832    10.832 r  CLK_IBUF_inst/O
                         net (fo=1, routed)           1.862    12.694    CLK_IBUF
    BUFGCTRL_X0Y0        BUFG (Prop_bufg_I_O)         0.091    12.785 r  CLK_IBUF_BUFG_inst/O
                         net (fo=17, routed)          1.505    14.290    C2/CLK
    SLICE_X64Y27         FDCE                                         r  C2/count_reg[0]/C
                         clock pessimism              0.000    14.290    
                         clock uncertainty           -0.035    14.255    
    SLICE_X64Y27         FDCE (Setup_fdce_C_CE)      -0.169    14.086    C2/count_reg[0]
  -------------------------------------------------------------------
                         required time                         14.086    
                         arrival time                          -7.165    
  -------------------------------------------------------------------
                         slack                                  6.921    

Slack (MET) :             6.921ns  (required time - arrival time)
  Source:                 CE_1s
                            (clock source 'CE_1s'  {rise@0.000ns fall@500.000ns period=1000.000ns})
  Destination:            C2/count_reg[1]/CE
                            (rising edge-triggered cell FDCE clocked by CLK  {rise@0.000ns fall@5.000ns period=10.000ns})
  Path Group:             CLK
  Path Type:              Setup (Max at Slow Process Corner)
  Requirement:            10.000ns  (CLK rise@10.000ns - CE_1s rise@0.000ns)
  Data Path Delay:        7.165ns  (logic 1.052ns (14.680%)  route 6.113ns (85.320%))
  Logic Levels:           2  (IBUF=1 LUT5=1)
  Clock Path Skew:        4.290ns (DCD - SCD + CPR)
    Destination Clock Delay (DCD):    4.290ns = ( 14.290 - 10.000 ) 
    Source Clock Delay      (SCD):    0.000ns
    Clock Pessimism Removal (CPR):    0.000ns
  Clock Uncertainty:      0.035ns  ((TSJ^2 + TIJ^2)^1/2 + DJ) / 2 + PE
    Total System Jitter     (TSJ):    0.071ns
    Total Input Jitter      (TIJ):    0.000ns
    Discrete Jitter          (DJ):    0.000ns
    Phase Error              (PE):    0.000ns
  Clock Domain Crossing:  Inter clock paths are considered valid unless explicitly excluded by timing constraints such as set_clock_groups or set_false_path.

    Location             Delay type                Incr(ns)  Path(ns)    Netlist Resource(s)
  -------------------------------------------------------------------    -------------------
                         (clock CE_1s rise edge)      0.000     0.000 r  
    V7                                                0.000     0.000 r  CE_1s (IN)
                         net (fo=0)                   0.000     0.000    CE_1s
    V7                   IBUF (Prop_ibuf_I_O)         0.928     0.928 r  CE_1s_IBUF_inst/O
                         net (fo=3, routed)           4.299     5.227    C1/CE_1s_IBUF
    SLICE_X64Y28         LUT5 (Prop_lut5_I0_O)        0.124     5.351 r  C1/count[3]_i_1__1/O
                         net (fo=6, routed)           1.814     7.165    C2/count_reg[3]_0[0]
    SLICE_X64Y27         FDCE                                         r  C2/count_reg[1]/CE
  -------------------------------------------------------------------    -------------------

                         (clock CLK rise edge)       10.000    10.000 r  
    U8                                                0.000    10.000 r  CLK (IN)
                         net (fo=0)                   0.000    10.000    CLK
    U8                   IBUF (Prop_ibuf_I_O)         0.832    10.832 r  CLK_IBUF_inst/O
                         net (fo=1, routed)           1.862    12.694    CLK_IBUF
    BUFGCTRL_X0Y0        BUFG (Prop_bufg_I_O)         0.091    12.785 r  CLK_IBUF_BUFG_inst/O
                         net (fo=17, routed)          1.505    14.290    C2/CLK
    SLICE_X64Y27         FDCE                                         r  C2/count_reg[1]/C
                         clock pessimism              0.000    14.290    
                         clock uncertainty           -0.035    14.255    
    SLICE_X64Y27         FDCE (Setup_fdce_C_CE)      -0.169    14.086    C2/count_reg[1]
  -------------------------------------------------------------------
                         required time                         14.086    
                         arrival time                          -7.165    
  -------------------------------------------------------------------
                         slack                                  6.921    





Min Delay Paths
--------------------------------------------------------------------------------------
Slack (MET) :             0.471ns  (arrival time - required time)
  Source:                 CE_1s
                            (clock source 'CE_1s'  {rise@0.000ns fall@500.000ns period=1000.000ns})
  Destination:            C1/count_reg[0]/CE
                            (rising edge-triggered cell FDCE clocked by CLK  {rise@0.000ns fall@5.000ns period=10.000ns})
  Path Group:             CLK
  Path Type:              Hold (Min at Fast Process Corner)
  Requirement:            0.000ns  (CLK rise@500.000ns - CE_1s fall@500.000ns)
  Data Path Delay:        2.440ns  (logic 0.202ns (8.275%)  route 2.238ns (91.725%))
  Logic Levels:           2  (IBUF=1 LUT5=1)
  Clock Path Skew:        1.950ns (DCD - SCD - CPR)
    Destination Clock Delay (DCD):    1.950ns = ( 501.950 - 500.000 ) 
    Source Clock Delay      (SCD):    0.000ns = ( 500.000 - 500.000 ) 
    Clock Pessimism Removal (CPR):    -0.000ns
  Clock Uncertainty:      0.035ns  ((TSJ^2 + TIJ^2)^1/2 + DJ) / 2 + PE
    Total System Jitter     (TSJ):    0.071ns
    Total Input Jitter      (TIJ):    0.000ns
    Discrete Jitter          (DJ):    0.000ns
    Phase Error              (PE):    0.000ns
  Clock Domain Crossing:  Inter clock paths are considered valid unless explicitly excluded by timing constraints such as set_clock_groups or set_false_path.

    Location             Delay type                Incr(ns)  Path(ns)    Netlist Resource(s)
  -------------------------------------------------------------------    -------------------
                         (clock CE_1s fall edge)    500.000   500.000 f  
    V7                                                0.000   500.000 f  CE_1s (IN)
                         net (fo=0)                   0.000   500.000    CE_1s
    V7                   IBUF (Prop_ibuf_I_O)         0.157   500.157 f  CE_1s_IBUF_inst/O
                         net (fo=3, routed)           1.511   501.668    B1/CE_1s_IBUF
    SLICE_X64Y23         LUT5 (Prop_lut5_I3_O)        0.045   501.713 f  B1/count[3]_i_1__2/O
                         net (fo=4, routed)           0.727   502.440    C1/count_reg[3]_0[0]
    SLICE_X64Y28         FDCE                                         f  C1/count_reg[0]/CE
  -------------------------------------------------------------------    -------------------

                         (clock CLK rise edge)      500.000   500.000 r  
    U8                                                0.000   500.000 r  CLK (IN)
                         net (fo=0)                   0.000   500.000    CLK
    U8                   IBUF (Prop_ibuf_I_O)         0.383   500.383 r  CLK_IBUF_inst/O
                         net (fo=1, routed)           0.685   501.068    CLK_IBUF
    BUFGCTRL_X0Y0        BUFG (Prop_bufg_I_O)         0.029   501.097 r  CLK_IBUF_BUFG_inst/O
                         net (fo=17, routed)          0.854   501.950    C1/CLK
    SLICE_X64Y28         FDCE                                         r  C1/count_reg[0]/C
                         clock pessimism              0.000   501.950    
                         clock uncertainty            0.035   501.986    
    SLICE_X64Y28         FDCE (Hold_fdce_C_CE)       -0.016   501.970    C1/count_reg[0]
  -------------------------------------------------------------------
                         required time                       -501.970    
                         arrival time                         502.440    
  -------------------------------------------------------------------
                         slack                                  0.471    

Slack (MET) :             0.471ns  (arrival time - required time)
  Source:                 CE_1s
                            (clock source 'CE_1s'  {rise@0.000ns fall@500.000ns period=1000.000ns})
  Destination:            C1/count_reg[1]/CE
                            (rising edge-triggered cell FDCE clocked by CLK  {rise@0.000ns fall@5.000ns period=10.000ns})
  Path Group:             CLK
  Path Type:              Hold (Min at Fast Process Corner)
  Requirement:            0.000ns  (CLK rise@500.000ns - CE_1s fall@500.000ns)
  Data Path Delay:        2.440ns  (logic 0.202ns (8.275%)  route 2.238ns (91.725%))
  Logic Levels:           2  (IBUF=1 LUT5=1)
  Clock Path Skew:        1.950ns (DCD - SCD - CPR)
    Destination Clock Delay (DCD):    1.950ns = ( 501.950 - 500.000 ) 
    Source Clock Delay      (SCD):    0.000ns = ( 500.000 - 500.000 ) 
    Clock Pessimism Removal (CPR):    -0.000ns
  Clock Uncertainty:      0.035ns  ((TSJ^2 + TIJ^2)^1/2 + DJ) / 2 + PE
    Total System Jitter     (TSJ):    0.071ns
    Total Input Jitter      (TIJ):    0.000ns
    Discrete Jitter          (DJ):    0.000ns
    Phase Error              (PE):    0.000ns
  Clock Domain Crossing:  Inter clock paths are considered valid unless explicitly excluded by timing constraints such as set_clock_groups or set_false_path.

    Location             Delay type                Incr(ns)  Path(ns)    Netlist Resource(s)
  -------------------------------------------------------------------    -------------------
                         (clock CE_1s fall edge)    500.000   500.000 f  
    V7                                                0.000   500.000 f  CE_1s (IN)
                         net (fo=0)                   0.000   500.000    CE_1s
    V7                   IBUF (Prop_ibuf_I_O)         0.157   500.157 f  CE_1s_IBUF_inst/O
                         net (fo=3, routed)           1.511   501.668    B1/CE_1s_IBUF
    SLICE_X64Y23         LUT5 (Prop_lut5_I3_O)        0.045   501.713 f  B1/count[3]_i_1__2/O
                         net (fo=4, routed)           0.727   502.440    C1/count_reg[3]_0[0]
    SLICE_X64Y28         FDCE                                         f  C1/count_reg[1]/CE
  -------------------------------------------------------------------    -------------------

                         (clock CLK rise edge)      500.000   500.000 r  
    U8                                                0.000   500.000 r  CLK (IN)
                         net (fo=0)                   0.000   500.000    CLK
    U8                   IBUF (Prop_ibuf_I_O)         0.383   500.383 r  CLK_IBUF_inst/O
                         net (fo=1, routed)           0.685   501.068    CLK_IBUF
    BUFGCTRL_X0Y0        BUFG (Prop_bufg_I_O)         0.029   501.097 r  CLK_IBUF_BUFG_inst/O
                         net (fo=17, routed)          0.854   501.950    C1/CLK
    SLICE_X64Y28         FDCE                                         r  C1/count_reg[1]/C
                         clock pessimism              0.000   501.950    
                         clock uncertainty            0.035   501.986    
    SLICE_X64Y28         FDCE (Hold_fdce_C_CE)       -0.016   501.970    C1/count_reg[1]
  -------------------------------------------------------------------
                         required time                       -501.970    
                         arrival time                         502.440    
  -------------------------------------------------------------------
                         slack                                  0.471    

Slack (MET) :             0.471ns  (arrival time - required time)
  Source:                 CE_1s
                            (clock source 'CE_1s'  {rise@0.000ns fall@500.000ns period=1000.000ns})
  Destination:            C1/count_reg[2]/CE
                            (rising edge-triggered cell FDCE clocked by CLK  {rise@0.000ns fall@5.000ns period=10.000ns})
  Path Group:             CLK
  Path Type:              Hold (Min at Fast Process Corner)
  Requirement:            0.000ns  (CLK rise@500.000ns - CE_1s fall@500.000ns)
  Data Path Delay:        2.440ns  (logic 0.202ns (8.275%)  route 2.238ns (91.725%))
  Logic Levels:           2  (IBUF=1 LUT5=1)
  Clock Path Skew:        1.950ns (DCD - SCD - CPR)
    Destination Clock Delay (DCD):    1.950ns = ( 501.950 - 500.000 ) 
    Source Clock Delay      (SCD):    0.000ns = ( 500.000 - 500.000 ) 
    Clock Pessimism Removal (CPR):    -0.000ns
  Clock Uncertainty:      0.035ns  ((TSJ^2 + TIJ^2)^1/2 + DJ) / 2 + PE
    Total System Jitter     (TSJ):    0.071ns
    Total Input Jitter      (TIJ):    0.000ns
    Discrete Jitter          (DJ):    0.000ns
    Phase Error              (PE):    0.000ns
  Clock Domain Crossing:  Inter clock paths are considered valid unless explicitly excluded by timing constraints such as set_clock_groups or set_false_path.

    Location             Delay type                Incr(ns)  Path(ns)    Netlist Resource(s)
  -------------------------------------------------------------------    -------------------
                         (clock CE_1s fall edge)    500.000   500.000 f  
    V7                                                0.000   500.000 f  CE_1s (IN)
                         net (fo=0)                   0.000   500.000    CE_1s
    V7                   IBUF (Prop_ibuf_I_O)         0.157   500.157 f  CE_1s_IBUF_inst/O
                         net (fo=3, routed)           1.511   501.668    B1/CE_1s_IBUF
    SLICE_X64Y23         LUT5 (Prop_lut5_I3_O)        0.045   501.713 f  B1/count[3]_i_1__2/O
                         net (fo=4, routed)           0.727   502.440    C1/count_reg[3]_0[0]
    SLICE_X64Y28         FDCE                                         f  C1/count_reg[2]/CE
  -------------------------------------------------------------------    -------------------

                         (clock CLK rise edge)      500.000   500.000 r  
    U8                                                0.000   500.000 r  CLK (IN)
                         net (fo=0)                   0.000   500.000    CLK
    U8                   IBUF (Prop_ibuf_I_O)         0.383   500.383 r  CLK_IBUF_inst/O
                         net (fo=1, routed)           0.685   501.068    CLK_IBUF
    BUFGCTRL_X0Y0        BUFG (Prop_bufg_I_O)         0.029   501.097 r  CLK_IBUF_BUFG_inst/O
                         net (fo=17, routed)          0.854   501.950    C1/CLK
    SLICE_X64Y28         FDCE                                         r  C1/count_reg[2]/C
                         clock pessimism              0.000   501.950    
                         clock uncertainty            0.035   501.986    
    SLICE_X64Y28         FDCE (Hold_fdce_C_CE)       -0.016   501.970    C1/count_reg[2]
  -------------------------------------------------------------------
                         required time                       -501.970    
                         arrival time                         502.440    
  -------------------------------------------------------------------
                         slack                                  0.471    

Slack (MET) :             0.471ns  (arrival time - required time)
  Source:                 CE_1s
                            (clock source 'CE_1s'  {rise@0.000ns fall@500.000ns period=1000.000ns})
  Destination:            C1/count_reg[3]/CE
                            (rising edge-triggered cell FDCE clocked by CLK  {rise@0.000ns fall@5.000ns period=10.000ns})
  Path Group:             CLK
  Path Type:              Hold (Min at Fast Process Corner)
  Requirement:            0.000ns  (CLK rise@500.000ns - CE_1s fall@500.000ns)
  Data Path Delay:        2.440ns  (logic 0.202ns (8.275%)  route 2.238ns (91.725%))
  Logic Levels:           2  (IBUF=1 LUT5=1)
  Clock Path Skew:        1.950ns (DCD - SCD - CPR)
    Destination Clock Delay (DCD):    1.950ns = ( 501.950 - 500.000 ) 
    Source Clock Delay      (SCD):    0.000ns = ( 500.000 - 500.000 ) 
    Clock Pessimism Removal (CPR):    -0.000ns
  Clock Uncertainty:      0.035ns  ((TSJ^2 + TIJ^2)^1/2 + DJ) / 2 + PE
    Total System Jitter     (TSJ):    0.071ns
    Total Input Jitter      (TIJ):    0.000ns
    Discrete Jitter          (DJ):    0.000ns
    Phase Error              (PE):    0.000ns
  Clock Domain Crossing:  Inter clock paths are considered valid unless explicitly excluded by timing constraints such as set_clock_groups or set_false_path.

    Location             Delay type                Incr(ns)  Path(ns)    Netlist Resource(s)
  -------------------------------------------------------------------    -------------------
                         (clock CE_1s fall edge)    500.000   500.000 f  
    V7                                                0.000   500.000 f  CE_1s (IN)
                         net (fo=0)                   0.000   500.000    CE_1s
    V7                   IBUF (Prop_ibuf_I_O)         0.157   500.157 f  CE_1s_IBUF_inst/O
                         net (fo=3, routed)           1.511   501.668    B1/CE_1s_IBUF
    SLICE_X64Y23         LUT5 (Prop_lut5_I3_O)        0.045   501.713 f  B1/count[3]_i_1__2/O
                         net (fo=4, routed)           0.727   502.440    C1/count_reg[3]_0[0]
    SLICE_X64Y28         FDCE                                         f  C1/count_reg[3]/CE
  -------------------------------------------------------------------    -------------------

                         (clock CLK rise edge)      500.000   500.000 r  
    U8                                                0.000   500.000 r  CLK (IN)
                         net (fo=0)                   0.000   500.000    CLK
    U8                   IBUF (Prop_ibuf_I_O)         0.383   500.383 r  CLK_IBUF_inst/O
                         net (fo=1, routed)           0.685   501.068    CLK_IBUF
    BUFGCTRL_X0Y0        BUFG (Prop_bufg_I_O)         0.029   501.097 r  CLK_IBUF_BUFG_inst/O
                         net (fo=17, routed)          0.854   501.950    C1/CLK
    SLICE_X64Y28         FDCE                                         r  C1/count_reg[3]/C
                         clock pessimism              0.000   501.950    
                         clock uncertainty            0.035   501.986    
    SLICE_X64Y28         FDCE (Hold_fdce_C_CE)       -0.016   501.970    C1/count_reg[3]
  -------------------------------------------------------------------
                         required time                       -501.970    
                         arrival time                         502.440    
  -------------------------------------------------------------------
                         slack                                  0.471    

Slack (MET) :             0.792ns  (arrival time - required time)
  Source:                 CE_1s
                            (clock source 'CE_1s'  {rise@0.000ns fall@500.000ns period=1000.000ns})
  Destination:            C2/count_reg[0]/CE
                            (rising edge-triggered cell FDCE clocked by CLK  {rise@0.000ns fall@5.000ns period=10.000ns})
  Path Group:             CLK
  Path Type:              Hold (Min at Fast Process Corner)
  Requirement:            0.000ns  (CLK rise@0.000ns - CE_1s rise@0.000ns)
  Data Path Delay:        2.761ns  (logic 0.202ns (7.315%)  route 2.559ns (92.685%))
  Logic Levels:           2  (IBUF=1 LUT5=1)
  Clock Path Skew:        1.949ns (DCD - SCD - CPR)
    Destination Clock Delay (DCD):    1.949ns
    Source Clock Delay      (SCD):    0.000ns
    Clock Pessimism Removal (CPR):    -0.000ns
  Clock Uncertainty:      0.035ns  ((TSJ^2 + TIJ^2)^1/2 + DJ) / 2 + PE
    Total System Jitter     (TSJ):    0.071ns
    Total Input Jitter      (TIJ):    0.000ns
    Discrete Jitter          (DJ):    0.000ns
    Phase Error              (PE):    0.000ns
  Clock Domain Crossing:  Inter clock paths are considered valid unless explicitly excluded by timing constraints such as set_clock_groups or set_false_path.

    Location             Delay type                Incr(ns)  Path(ns)    Netlist Resource(s)
  -------------------------------------------------------------------    -------------------
                         (clock CE_1s rise edge)      0.000     0.000 r  
    V7                                                0.000     0.000 r  CE_1s (IN)
                         net (fo=0)                   0.000     0.000    CE_1s
    V7                   IBUF (Prop_ibuf_I_O)         0.157     0.157 r  CE_1s_IBUF_inst/O
                         net (fo=3, routed)           1.726     1.883    C1/CE_1s_IBUF
    SLICE_X64Y28         LUT5 (Prop_lut5_I0_O)        0.045     1.928 r  C1/count[3]_i_1__1/O
                         net (fo=6, routed)           0.833     2.761    C2/count_reg[3]_0[0]
    SLICE_X64Y27         FDCE                                         r  C2/count_reg[0]/CE
  -------------------------------------------------------------------    -------------------

                         (clock CLK rise edge)        0.000     0.000 r  
    U8                                                0.000     0.000 r  CLK (IN)
                         net (fo=0)                   0.000     0.000    CLK
    U8                   IBUF (Prop_ibuf_I_O)         0.383     0.383 r  CLK_IBUF_inst/O
                         net (fo=1, routed)           0.685     1.068    CLK_IBUF
    BUFGCTRL_X0Y0        BUFG (Prop_bufg_I_O)         0.029     1.097 r  CLK_IBUF_BUFG_inst/O
                         net (fo=17, routed)          0.853     1.949    C2/CLK
    SLICE_X64Y27         FDCE                                         r  C2/count_reg[0]/C
                         clock pessimism              0.000     1.949    
                         clock uncertainty            0.035     1.985    
    SLICE_X64Y27         FDCE (Hold_fdce_C_CE)       -0.016     1.969    C2/count_reg[0]
  -------------------------------------------------------------------
                         required time                         -1.969    
                         arrival time                           2.761    
  -------------------------------------------------------------------
                         slack                                  0.792    

Slack (MET) :             0.792ns  (arrival time - required time)
  Source:                 CE_1s
                            (clock source 'CE_1s'  {rise@0.000ns fall@500.000ns period=1000.000ns})
  Destination:            C2/count_reg[1]/CE
                            (rising edge-triggered cell FDCE clocked by CLK  {rise@0.000ns fall@5.000ns period=10.000ns})
  Path Group:             CLK
  Path Type:              Hold (Min at Fast Process Corner)
  Requirement:            0.000ns  (CLK rise@0.000ns - CE_1s rise@0.000ns)
  Data Path Delay:        2.761ns  (logic 0.202ns (7.315%)  route 2.559ns (92.685%))
  Logic Levels:           2  (IBUF=1 LUT5=1)
  Clock Path Skew:        1.949ns (DCD - SCD - CPR)
    Destination Clock Delay (DCD):    1.949ns
    Source Clock Delay      (SCD):    0.000ns
    Clock Pessimism Removal (CPR):    -0.000ns
  Clock Uncertainty:      0.035ns  ((TSJ^2 + TIJ^2)^1/2 + DJ) / 2 + PE
    Total System Jitter     (TSJ):    0.071ns
    Total Input Jitter      (TIJ):    0.000ns
    Discrete Jitter          (DJ):    0.000ns
    Phase Error              (PE):    0.000ns
  Clock Domain Crossing:  Inter clock paths are considered valid unless explicitly excluded by timing constraints such as set_clock_groups or set_false_path.

    Location             Delay type                Incr(ns)  Path(ns)    Netlist Resource(s)
  -------------------------------------------------------------------    -------------------
                         (clock CE_1s rise edge)      0.000     0.000 r  
    V7                                                0.000     0.000 r  CE_1s (IN)
                         net (fo=0)                   0.000     0.000    CE_1s
    V7                   IBUF (Prop_ibuf_I_O)         0.157     0.157 r  CE_1s_IBUF_inst/O
                         net (fo=3, routed)           1.726     1.883    C1/CE_1s_IBUF
    SLICE_X64Y28         LUT5 (Prop_lut5_I0_O)        0.045     1.928 r  C1/count[3]_i_1__1/O
                         net (fo=6, routed)           0.833     2.761    C2/count_reg[3]_0[0]
    SLICE_X64Y27         FDCE                                         r  C2/count_reg[1]/CE
  -------------------------------------------------------------------    -------------------

                         (clock CLK rise edge)        0.000     0.000 r  
    U8                                                0.000     0.000 r  CLK (IN)
                         net (fo=0)                   0.000     0.000    CLK
    U8                   IBUF (Prop_ibuf_I_O)         0.383     0.383 r  CLK_IBUF_inst/O
                         net (fo=1, routed)           0.685     1.068    CLK_IBUF
    BUFGCTRL_X0Y0        BUFG (Prop_bufg_I_O)         0.029     1.097 r  CLK_IBUF_BUFG_inst/O
                         net (fo=17, routed)          0.853     1.949    C2/CLK
    SLICE_X64Y27         FDCE                                         r  C2/count_reg[1]/C
                         clock pessimism              0.000     1.949    
                         clock uncertainty            0.035     1.985    
    SLICE_X64Y27         FDCE (Hold_fdce_C_CE)       -0.016     1.969    C2/count_reg[1]
  -------------------------------------------------------------------
                         required time                         -1.969    
                         arrival time                           2.761    
  -------------------------------------------------------------------
                         slack                                  0.792    

Slack (MET) :             0.792ns  (arrival time - required time)
  Source:                 CE_1s
                            (clock source 'CE_1s'  {rise@0.000ns fall@500.000ns period=1000.000ns})
  Destination:            C2/count_reg[2]/CE
                            (rising edge-triggered cell FDCE clocked by CLK  {rise@0.000ns fall@5.000ns period=10.000ns})
  Path Group:             CLK
  Path Type:              Hold (Min at Fast Process Corner)
  Requirement:            0.000ns  (CLK rise@0.000ns - CE_1s rise@0.000ns)
  Data Path Delay:        2.761ns  (logic 0.202ns (7.315%)  route 2.559ns (92.685%))
  Logic Levels:           2  (IBUF=1 LUT5=1)
  Clock Path Skew:        1.949ns (DCD - SCD - CPR)
    Destination Clock Delay (DCD):    1.949ns
    Source Clock Delay      (SCD):    0.000ns
    Clock Pessimism Removal (CPR):    -0.000ns
  Clock Uncertainty:      0.035ns  ((TSJ^2 + TIJ^2)^1/2 + DJ) / 2 + PE
    Total System Jitter     (TSJ):    0.071ns
    Total Input Jitter      (TIJ):    0.000ns
    Discrete Jitter          (DJ):    0.000ns
    Phase Error              (PE):    0.000ns
  Clock Domain Crossing:  Inter clock paths are considered valid unless explicitly excluded by timing constraints such as set_clock_groups or set_false_path.

    Location             Delay type                Incr(ns)  Path(ns)    Netlist Resource(s)
  -------------------------------------------------------------------    -------------------
                         (clock CE_1s rise edge)      0.000     0.000 r  
    V7                                                0.000     0.000 r  CE_1s (IN)
                         net (fo=0)                   0.000     0.000    CE_1s
    V7                   IBUF (Prop_ibuf_I_O)         0.157     0.157 r  CE_1s_IBUF_inst/O
                         net (fo=3, routed)           1.726     1.883    C1/CE_1s_IBUF
    SLICE_X64Y28         LUT5 (Prop_lut5_I0_O)        0.045     1.928 r  C1/count[3]_i_1__1/O
                         net (fo=6, routed)           0.833     2.761    C2/count_reg[3]_0[0]
    SLICE_X64Y27         FDCE                                         r  C2/count_reg[2]/CE
  -------------------------------------------------------------------    -------------------

                         (clock CLK rise edge)        0.000     0.000 r  
    U8                                                0.000     0.000 r  CLK (IN)
                         net (fo=0)                   0.000     0.000    CLK
    U8                   IBUF (Prop_ibuf_I_O)         0.383     0.383 r  CLK_IBUF_inst/O
                         net (fo=1, routed)           0.685     1.068    CLK_IBUF
    BUFGCTRL_X0Y0        BUFG (Prop_bufg_I_O)         0.029     1.097 r  CLK_IBUF_BUFG_inst/O
                         net (fo=17, routed)          0.853     1.949    C2/CLK
    SLICE_X64Y27         FDCE                                         r  C2/count_reg[2]/C
                         clock pessimism              0.000     1.949    
                         clock uncertainty            0.035     1.985    
    SLICE_X64Y27         FDCE (Hold_fdce_C_CE)       -0.016     1.969    C2/count_reg[2]
  -------------------------------------------------------------------
                         required time                         -1.969    
                         arrival time                           2.761    
  -------------------------------------------------------------------
                         slack                                  0.792    

Slack (MET) :             0.792ns  (arrival time - required time)
  Source:                 CE_1s
                            (clock source 'CE_1s'  {rise@0.000ns fall@500.000ns period=1000.000ns})
  Destination:            C2/count_reg[3]/CE
                            (rising edge-triggered cell FDCE clocked by CLK  {rise@0.000ns fall@5.000ns period=10.000ns})
  Path Group:             CLK
  Path Type:              Hold (Min at Fast Process Corner)
  Requirement:            0.000ns  (CLK rise@0.000ns - CE_1s rise@0.000ns)
  Data Path Delay:        2.761ns  (logic 0.202ns (7.315%)  route 2.559ns (92.685%))
  Logic Levels:           2  (IBUF=1 LUT5=1)
  Clock Path Skew:        1.949ns (DCD - SCD - CPR)
    Destination Clock Delay (DCD):    1.949ns
    Source Clock Delay      (SCD):    0.000ns
    Clock Pessimism Removal (CPR):    -0.000ns
  Clock Uncertainty:      0.035ns  ((TSJ^2 + TIJ^2)^1/2 + DJ) / 2 + PE
    Total System Jitter     (TSJ):    0.071ns
    Total Input Jitter      (TIJ):    0.000ns
    Discrete Jitter          (DJ):    0.000ns
    Phase Error              (PE):    0.000ns
  Clock Domain Crossing:  Inter clock paths are considered valid unless explicitly excluded by timing constraints such as set_clock_groups or set_false_path.

    Location             Delay type                Incr(ns)  Path(ns)    Netlist Resource(s)
  -------------------------------------------------------------------    -------------------
                         (clock CE_1s rise edge)      0.000     0.000 r  
    V7                                                0.000     0.000 r  CE_1s (IN)
                         net (fo=0)                   0.000     0.000    CE_1s
    V7                   IBUF (Prop_ibuf_I_O)         0.157     0.157 r  CE_1s_IBUF_inst/O
                         net (fo=3, routed)           1.726     1.883    C1/CE_1s_IBUF
    SLICE_X64Y28         LUT5 (Prop_lut5_I0_O)        0.045     1.928 r  C1/count[3]_i_1__1/O
                         net (fo=6, routed)           0.833     2.761    C2/count_reg[3]_0[0]
    SLICE_X64Y27         FDCE                                         r  C2/count_reg[3]/CE
  -------------------------------------------------------------------    -------------------

                         (clock CLK rise edge)        0.000     0.000 r  
    U8                                                0.000     0.000 r  CLK (IN)
                         net (fo=0)                   0.000     0.000    CLK
    U8                   IBUF (Prop_ibuf_I_O)         0.383     0.383 r  CLK_IBUF_inst/O
                         net (fo=1, routed)           0.685     1.068    CLK_IBUF
    BUFGCTRL_X0Y0        BUFG (Prop_bufg_I_O)         0.029     1.097 r  CLK_IBUF_BUFG_inst/O
                         net (fo=17, routed)          0.853     1.949    C2/CLK
    SLICE_X64Y27         FDCE                                         r  C2/count_reg[3]/C
                         clock pessimism              0.000     1.949    
                         clock uncertainty            0.035     1.985    
    SLICE_X64Y27         FDCE (Hold_fdce_C_CE)       -0.016     1.969    C2/count_reg[3]
  -------------------------------------------------------------------
                         required time                         -1.969    
                         arrival time                           2.761    
  -------------------------------------------------------------------
                         slack                                  0.792    

Slack (MET) :             0.834ns  (arrival time - required time)
  Source:                 CE_1s
                            (clock source 'CE_1s'  {rise@0.000ns fall@500.000ns period=1000.000ns})
  Destination:            C4/count_reg[0]/CE
                            (rising edge-triggered cell FDCE clocked by CLK  {rise@0.000ns fall@5.000ns period=10.000ns})
  Path Group:             CLK
  Path Type:              Hold (Min at Fast Process Corner)
  Requirement:            0.000ns  (CLK rise@500.000ns - CE_1s fall@500.000ns)
  Data Path Delay:        2.804ns  (logic 0.202ns (7.202%)  route 2.602ns (92.799%))
  Logic Levels:           2  (IBUF=1 LUT4=1)
  Clock Path Skew:        1.950ns (DCD - SCD - CPR)
    Destination Clock Delay (DCD):    1.950ns = ( 501.950 - 500.000 ) 
    Source Clock Delay      (SCD):    0.000ns = ( 500.000 - 500.000 ) 
    Clock Pessimism Removal (CPR):    -0.000ns
  Clock Uncertainty:      0.035ns  ((TSJ^2 + TIJ^2)^1/2 + DJ) / 2 + PE
    Total System Jitter     (TSJ):    0.071ns
    Total Input Jitter      (TIJ):    0.000ns
    Discrete Jitter          (DJ):    0.000ns
    Phase Error              (PE):    0.000ns
  Clock Domain Crossing:  Inter clock paths are considered valid unless explicitly excluded by timing constraints such as set_clock_groups or set_false_path.

    Location             Delay type                Incr(ns)  Path(ns)    Netlist Resource(s)
  -------------------------------------------------------------------    -------------------
                         (clock CE_1s fall edge)    500.000   500.000 f  
    V7                                                0.000   500.000 f  CE_1s (IN)
                         net (fo=0)                   0.000   500.000    CE_1s
    V7                   IBUF (Prop_ibuf_I_O)         0.157   500.157 f  CE_1s_IBUF_inst/O
                         net (fo=3, routed)           1.773   501.930    C1/CE_1s_IBUF
    SLICE_X64Y27         LUT4 (Prop_lut4_I0_O)        0.045   501.975 f  C1/count[3]_i_1/O
                         net (fo=4, routed)           0.829   502.804    C4/E[0]
    SLICE_X64Y21         FDCE                                         f  C4/count_reg[0]/CE
  -------------------------------------------------------------------    -------------------

                         (clock CLK rise edge)      500.000   500.000 r  
    U8                                                0.000   500.000 r  CLK (IN)
                         net (fo=0)                   0.000   500.000    CLK
    U8                   IBUF (Prop_ibuf_I_O)         0.383   500.383 r  CLK_IBUF_inst/O
                         net (fo=1, routed)           0.685   501.068    CLK_IBUF
    BUFGCTRL_X0Y0        BUFG (Prop_bufg_I_O)         0.029   501.097 r  CLK_IBUF_BUFG_inst/O
                         net (fo=17, routed)          0.854   501.950    C4/CLK
    SLICE_X64Y21         FDCE                                         r  C4/count_reg[0]/C
                         clock pessimism              0.000   501.950    
                         clock uncertainty            0.035   501.986    
    SLICE_X64Y21         FDCE (Hold_fdce_C_CE)       -0.016   501.970    C4/count_reg[0]
  -------------------------------------------------------------------
                         required time                       -501.970    
                         arrival time                         502.804    
  -------------------------------------------------------------------
                         slack                                  0.834    

Slack (MET) :             0.834ns  (arrival time - required time)
  Source:                 CE_1s
                            (clock source 'CE_1s'  {rise@0.000ns fall@500.000ns period=1000.000ns})
  Destination:            C4/count_reg[1]/CE
                            (rising edge-triggered cell FDCE clocked by CLK  {rise@0.000ns fall@5.000ns period=10.000ns})
  Path Group:             CLK
  Path Type:              Hold (Min at Fast Process Corner)
  Requirement:            0.000ns  (CLK rise@500.000ns - CE_1s fall@500.000ns)
  Data Path Delay:        2.804ns  (logic 0.202ns (7.202%)  route 2.602ns (92.799%))
  Logic Levels:           2  (IBUF=1 LUT4=1)
  Clock Path Skew:        1.950ns (DCD - SCD - CPR)
    Destination Clock Delay (DCD):    1.950ns = ( 501.950 - 500.000 ) 
    Source Clock Delay      (SCD):    0.000ns = ( 500.000 - 500.000 ) 
    Clock Pessimism Removal (CPR):    -0.000ns
  Clock Uncertainty:      0.035ns  ((TSJ^2 + TIJ^2)^1/2 + DJ) / 2 + PE
    Total System Jitter     (TSJ):    0.071ns
    Total Input Jitter      (TIJ):    0.000ns
    Discrete Jitter          (DJ):    0.000ns
    Phase Error              (PE):    0.000ns
  Clock Domain Crossing:  Inter clock paths are considered valid unless explicitly excluded by timing constraints such as set_clock_groups or set_false_path.

    Location             Delay type                Incr(ns)  Path(ns)    Netlist Resource(s)
  -------------------------------------------------------------------    -------------------
                         (clock CE_1s fall edge)    500.000   500.000 f  
    V7                                                0.000   500.000 f  CE_1s (IN)
                         net (fo=0)                   0.000   500.000    CE_1s
    V7                   IBUF (Prop_ibuf_I_O)         0.157   500.157 f  CE_1s_IBUF_inst/O
                         net (fo=3, routed)           1.773   501.930    C1/CE_1s_IBUF
    SLICE_X64Y27         LUT4 (Prop_lut4_I0_O)        0.045   501.975 f  C1/count[3]_i_1/O
                         net (fo=4, routed)           0.829   502.804    C4/E[0]
    SLICE_X64Y21         FDCE                                         f  C4/count_reg[1]/CE
  -------------------------------------------------------------------    -------------------

                         (clock CLK rise edge)      500.000   500.000 r  
    U8                                                0.000   500.000 r  CLK (IN)
                         net (fo=0)                   0.000   500.000    CLK
    U8                   IBUF (Prop_ibuf_I_O)         0.383   500.383 r  CLK_IBUF_inst/O
                         net (fo=1, routed)           0.685   501.068    CLK_IBUF
    BUFGCTRL_X0Y0        BUFG (Prop_bufg_I_O)         0.029   501.097 r  CLK_IBUF_BUFG_inst/O
                         net (fo=17, routed)          0.854   501.950    C4/CLK
    SLICE_X64Y21         FDCE                                         r  C4/count_reg[1]/C
                         clock pessimism              0.000   501.950    
                         clock uncertainty            0.035   501.986    
    SLICE_X64Y21         FDCE (Hold_fdce_C_CE)       -0.016   501.970    C4/count_reg[1]
  -------------------------------------------------------------------
                         required time                       -501.970    
                         arrival time                         502.804    
  -------------------------------------------------------------------
                         slack                                  0.834    





--------------------------------------------------------------------------------------
Path Group:  (none)
From Clock:  CLK
  To Clock:  

Max Delay            16 Endpoints
Min Delay            16 Endpoints
--------------------------------------------------------------------------------------


Max Delay Paths
--------------------------------------------------------------------------------------
Slack:                    inf
  Source:                 C1/count_reg[3]/C
                            (rising edge-triggered cell FDCE clocked by CLK  {rise@0.000ns fall@5.000ns period=10.000ns})
  Destination:            sec_unit[3]
                            (output port)
  Path Group:             (none)
  Path Type:              Max at Slow Process Corner
  Data Path Delay:        5.360ns  (logic 3.251ns (60.660%)  route 2.109ns (39.340%))
  Logic Levels:           1  (OBUF=1)
  Clock Uncertainty:      0.025ns  ((TSJ^2 + TIJ^2)^1/2 + DJ) / 2 + PE
    Total System Jitter     (TSJ):    0.050ns
    Total Input Jitter      (TIJ):    0.000ns
    Discrete Jitter          (DJ):    0.000ns
    Phase Error              (PE):    0.000ns

    Location             Delay type                Incr(ns)  Path(ns)    Netlist Resource(s)
  -------------------------------------------------------------------    -------------------
                         (clock CLK rise edge)        0.000     0.000 r  
    U8                                                0.000     0.000 r  CLK (IN)
                         net (fo=0)                   0.000     0.000    CLK
    U8                   IBUF (Prop_ibuf_I_O)         0.965     0.965 r  CLK_IBUF_inst/O
                         net (fo=1, routed)           1.967     2.932    CLK_IBUF
    BUFGCTRL_X0Y0        BUFG (Prop_bufg_I_O)         0.096     3.028 r  CLK_IBUF_BUFG_inst/O
                         net (fo=17, routed)          1.624     4.652    C1/CLK
    SLICE_X64Y28         FDCE                                         r  C1/count_reg[3]/C
  -------------------------------------------------------------------    -------------------
    SLICE_X64Y28         FDCE (Prop_fdce_C_Q)         0.478     5.130 r  C1/count_reg[3]/Q
                         net (fo=4, routed)           2.109     7.239    sec_unit_OBUF[3]
    V2                   OBUF (Prop_obuf_I_O)         2.773    10.012 r  sec_unit_OBUF[3]_inst/O
                         net (fo=0)                   0.000    10.012    sec_unit[3]
    V2                                                                r  sec_unit[3] (OUT)
  -------------------------------------------------------------------    -------------------

Slack:                    inf
  Source:                 C4/count_reg[0]/C
                            (rising edge-triggered cell FDCE clocked by CLK  {rise@0.000ns fall@5.000ns period=10.000ns})
  Destination:            min_dec[0]
                            (output port)
  Path Group:             (none)
  Path Type:              Max at Slow Process Corner
  Data Path Delay:        5.226ns  (logic 3.142ns (60.127%)  route 2.084ns (39.873%))
  Logic Levels:           1  (OBUF=1)
  Clock Uncertainty:      0.025ns  ((TSJ^2 + TIJ^2)^1/2 + DJ) / 2 + PE
    Total System Jitter     (TSJ):    0.050ns
    Total Input Jitter      (TIJ):    0.000ns
    Discrete Jitter          (DJ):    0.000ns
    Phase Error              (PE):    0.000ns

    Location             Delay type                Incr(ns)  Path(ns)    Netlist Resource(s)
  -------------------------------------------------------------------    -------------------
                         (clock CLK rise edge)        0.000     0.000 r  
    U8                                                0.000     0.000 r  CLK (IN)
                         net (fo=0)                   0.000     0.000    CLK
    U8                   IBUF (Prop_ibuf_I_O)         0.965     0.965 r  CLK_IBUF_inst/O
                         net (fo=1, routed)           1.967     2.932    CLK_IBUF
    BUFGCTRL_X0Y0        BUFG (Prop_bufg_I_O)         0.096     3.028 r  CLK_IBUF_BUFG_inst/O
                         net (fo=17, routed)          1.624     4.652    C4/CLK
    SLICE_X64Y21         FDCE                                         r  C4/count_reg[0]/C
  -------------------------------------------------------------------    -------------------
    SLICE_X64Y21         FDCE (Prop_fdce_C_Q)         0.518     5.170 r  C4/count_reg[0]/Q
                         net (fo=6, routed)           2.084     7.254    min_dec_OBUF[0]
    U7                   OBUF (Prop_obuf_I_O)         2.624     9.879 r  min_dec_OBUF[0]_inst/O
                         net (fo=0)                   0.000     9.879    min_dec[0]
    U7                                                                r  min_dec[0] (OUT)
  -------------------------------------------------------------------    -------------------

Slack:                    inf
  Source:                 C1/count_reg[0]/C
                            (rising edge-triggered cell FDCE clocked by CLK  {rise@0.000ns fall@5.000ns period=10.000ns})
  Destination:            sec_unit[0]
                            (output port)
  Path Group:             (none)
  Path Type:              Max at Slow Process Corner
  Data Path Delay:        5.221ns  (logic 3.136ns (60.076%)  route 2.084ns (39.924%))
  Logic Levels:           1  (OBUF=1)
  Clock Uncertainty:      0.025ns  ((TSJ^2 + TIJ^2)^1/2 + DJ) / 2 + PE
    Total System Jitter     (TSJ):    0.050ns
    Total Input Jitter      (TIJ):    0.000ns
    Discrete Jitter          (DJ):    0.000ns
    Phase Error              (PE):    0.000ns

    Location             Delay type                Incr(ns)  Path(ns)    Netlist Resource(s)
  -------------------------------------------------------------------    -------------------
                         (clock CLK rise edge)        0.000     0.000 r  
    U8                                                0.000     0.000 r  CLK (IN)
                         net (fo=0)                   0.000     0.000    CLK
    U8                   IBUF (Prop_ibuf_I_O)         0.965     0.965 r  CLK_IBUF_inst/O
                         net (fo=1, routed)           1.967     2.932    CLK_IBUF
    BUFGCTRL_X0Y0        BUFG (Prop_bufg_I_O)         0.096     3.028 r  CLK_IBUF_BUFG_inst/O
                         net (fo=17, routed)          1.624     4.652    C1/CLK
    SLICE_X64Y28         FDCE                                         r  C1/count_reg[0]/C
  -------------------------------------------------------------------    -------------------
    SLICE_X64Y28         FDCE (Prop_fdce_C_Q)         0.518     5.170 r  C1/count_reg[0]/Q
                         net (fo=6, routed)           2.084     7.255    sec_unit_OBUF[0]
    W3                   OBUF (Prop_obuf_I_O)         2.618     9.873 r  sec_unit_OBUF[0]_inst/O
                         net (fo=0)                   0.000     9.873    sec_unit[0]
    W3                                                                r  sec_unit[0] (OUT)
  -------------------------------------------------------------------    -------------------

Slack:                    inf
  Source:                 C1/count_reg[2]/C
                            (rising edge-triggered cell FDCE clocked by CLK  {rise@0.000ns fall@5.000ns period=10.000ns})
  Destination:            sec_unit[2]
                            (output port)
  Path Group:             (none)
  Path Type:              Max at Slow Process Corner
  Data Path Delay:        5.215ns  (logic 3.134ns (60.104%)  route 2.081ns (39.896%))
  Logic Levels:           1  (OBUF=1)
  Clock Uncertainty:      0.025ns  ((TSJ^2 + TIJ^2)^1/2 + DJ) / 2 + PE
    Total System Jitter     (TSJ):    0.050ns
    Total Input Jitter      (TIJ):    0.000ns
    Discrete Jitter          (DJ):    0.000ns
    Phase Error              (PE):    0.000ns

    Location             Delay type                Incr(ns)  Path(ns)    Netlist Resource(s)
  -------------------------------------------------------------------    -------------------
                         (clock CLK rise edge)        0.000     0.000 r  
    U8                                                0.000     0.000 r  CLK (IN)
                         net (fo=0)                   0.000     0.000    CLK
    U8                   IBUF (Prop_ibuf_I_O)         0.965     0.965 r  CLK_IBUF_inst/O
                         net (fo=1, routed)           1.967     2.932    CLK_IBUF
    BUFGCTRL_X0Y0        BUFG (Prop_bufg_I_O)         0.096     3.028 r  CLK_IBUF_BUFG_inst/O
                         net (fo=17, routed)          1.624     4.652    C1/CLK
    SLICE_X64Y28         FDCE                                         r  C1/count_reg[2]/C
  -------------------------------------------------------------------    -------------------
    SLICE_X64Y28         FDCE (Prop_fdce_C_Q)         0.518     5.170 r  C1/count_reg[2]/Q
                         net (fo=5, routed)           2.081     7.251    sec_unit_OBUF[2]
    W2                   OBUF (Prop_obuf_I_O)         2.616     9.867 r  sec_unit_OBUF[2]_inst/O
                         net (fo=0)                   0.000     9.867    sec_unit[2]
    W2                                                                r  sec_unit[2] (OUT)
  -------------------------------------------------------------------    -------------------

Slack:                    inf
  Source:                 C1/count_reg[1]/C
                            (rising edge-triggered cell FDCE clocked by CLK  {rise@0.000ns fall@5.000ns period=10.000ns})
  Destination:            sec_unit[1]
                            (output port)
  Path Group:             (none)
  Path Type:              Max at Slow Process Corner
  Data Path Delay:        5.203ns  (logic 3.119ns (59.952%)  route 2.084ns (40.048%))
  Logic Levels:           1  (OBUF=1)
  Clock Uncertainty:      0.025ns  ((TSJ^2 + TIJ^2)^1/2 + DJ) / 2 + PE
    Total System Jitter     (TSJ):    0.050ns
    Total Input Jitter      (TIJ):    0.000ns
    Discrete Jitter          (DJ):    0.000ns
    Phase Error              (PE):    0.000ns

    Location             Delay type                Incr(ns)  Path(ns)    Netlist Resource(s)
  -------------------------------------------------------------------    -------------------
                         (clock CLK rise edge)        0.000     0.000 r  
    U8                                                0.000     0.000 r  CLK (IN)
                         net (fo=0)                   0.000     0.000    CLK
    U8                   IBUF (Prop_ibuf_I_O)         0.965     0.965 r  CLK_IBUF_inst/O
                         net (fo=1, routed)           1.967     2.932    CLK_IBUF
    BUFGCTRL_X0Y0        BUFG (Prop_bufg_I_O)         0.096     3.028 r  CLK_IBUF_BUFG_inst/O
                         net (fo=17, routed)          1.624     4.652    C1/CLK
    SLICE_X64Y28         FDCE                                         r  C1/count_reg[1]/C
  -------------------------------------------------------------------    -------------------
    SLICE_X64Y28         FDCE (Prop_fdce_C_Q)         0.518     5.170 r  C1/count_reg[1]/Q
                         net (fo=5, routed)           2.084     7.254    sec_unit_OBUF[1]
    V3                   OBUF (Prop_obuf_I_O)         2.601     9.855 r  sec_unit_OBUF[1]_inst/O
                         net (fo=0)                   0.000     9.855    sec_unit[1]
    V3                                                                r  sec_unit[1] (OUT)
  -------------------------------------------------------------------    -------------------

Slack:                    inf
  Source:                 C2/count_reg[3]/C
                            (rising edge-triggered cell FDCE clocked by CLK  {rise@0.000ns fall@5.000ns period=10.000ns})
  Destination:            sec_dec[3]
                            (output port)
  Path Group:             (none)
  Path Type:              Max at Slow Process Corner
  Data Path Delay:        5.154ns  (logic 3.252ns (63.094%)  route 1.902ns (36.906%))
  Logic Levels:           1  (OBUF=1)
  Clock Uncertainty:      0.025ns  ((TSJ^2 + TIJ^2)^1/2 + DJ) / 2 + PE
    Total System Jitter     (TSJ):    0.050ns
    Total Input Jitter      (TIJ):    0.000ns
    Discrete Jitter          (DJ):    0.000ns
    Phase Error              (PE):    0.000ns

    Location             Delay type                Incr(ns)  Path(ns)    Netlist Resource(s)
  -------------------------------------------------------------------    -------------------
                         (clock CLK rise edge)        0.000     0.000 r  
    U8                                                0.000     0.000 r  CLK (IN)
                         net (fo=0)                   0.000     0.000    CLK
    U8                   IBUF (Prop_ibuf_I_O)         0.965     0.965 r  CLK_IBUF_inst/O
                         net (fo=1, routed)           1.967     2.932    CLK_IBUF
    BUFGCTRL_X0Y0        BUFG (Prop_bufg_I_O)         0.096     3.028 r  CLK_IBUF_BUFG_inst/O
                         net (fo=17, routed)          1.621     4.649    C2/CLK
    SLICE_X64Y27         FDCE                                         r  C2/count_reg[3]/C
  -------------------------------------------------------------------    -------------------
    SLICE_X64Y27         FDCE (Prop_fdce_C_Q)         0.478     5.127 r  C2/count_reg[3]/Q
                         net (fo=6, routed)           1.902     7.029    sec_dec_OBUF[3]
    U3                   OBUF (Prop_obuf_I_O)         2.774     9.803 r  sec_dec_OBUF[3]_inst/O
                         net (fo=0)                   0.000     9.803    sec_dec[3]
    U3                                                                r  sec_dec[3] (OUT)
  -------------------------------------------------------------------    -------------------

Slack:                    inf
  Source:                 C3/count_reg[0]/C
                            (rising edge-triggered cell FDCE clocked by CLK  {rise@0.000ns fall@5.000ns period=10.000ns})
  Destination:            min_unit[0]
                            (output port)
  Path Group:             (none)
  Path Type:              Max at Slow Process Corner
  Data Path Delay:        5.135ns  (logic 3.140ns (61.154%)  route 1.995ns (38.846%))
  Logic Levels:           1  (OBUF=1)
  Clock Uncertainty:      0.025ns  ((TSJ^2 + TIJ^2)^1/2 + DJ) / 2 + PE
    Total System Jitter     (TSJ):    0.050ns
    Total Input Jitter      (TIJ):    0.000ns
    Discrete Jitter          (DJ):    0.000ns
    Phase Error              (PE):    0.000ns

    Location             Delay type                Incr(ns)  Path(ns)    Netlist Resource(s)
  -------------------------------------------------------------------    -------------------
                         (clock CLK rise edge)        0.000     0.000 r  
    U8                                                0.000     0.000 r  CLK (IN)
                         net (fo=0)                   0.000     0.000    CLK
    U8                   IBUF (Prop_ibuf_I_O)         0.965     0.965 r  CLK_IBUF_inst/O
                         net (fo=1, routed)           1.967     2.932    CLK_IBUF
    BUFGCTRL_X0Y0        BUFG (Prop_bufg_I_O)         0.096     3.028 r  CLK_IBUF_BUFG_inst/O
                         net (fo=17, routed)          1.618     4.646    C3/CLK
    SLICE_X64Y25         FDCE                                         r  C3/count_reg[0]/C
  -------------------------------------------------------------------    -------------------
    SLICE_X64Y25         FDCE (Prop_fdce_C_Q)         0.518     5.164 r  C3/count_reg[0]/Q
                         net (fo=7, routed)           1.995     7.159    min_unit_OBUF[0]
    W6                   OBUF (Prop_obuf_I_O)         2.622     9.781 r  min_unit_OBUF[0]_inst/O
                         net (fo=0)                   0.000     9.781    min_unit[0]
    W6                                                                r  min_unit[0] (OUT)
  -------------------------------------------------------------------    -------------------

Slack:                    inf
  Source:                 C2/count_reg[2]/C
                            (rising edge-triggered cell FDCE clocked by CLK  {rise@0.000ns fall@5.000ns period=10.000ns})
  Destination:            sec_dec[2]
                            (output port)
  Path Group:             (none)
  Path Type:              Max at Slow Process Corner
  Data Path Delay:        4.991ns  (logic 3.245ns (65.015%)  route 1.746ns (34.985%))
  Logic Levels:           1  (OBUF=1)
  Clock Uncertainty:      0.025ns  ((TSJ^2 + TIJ^2)^1/2 + DJ) / 2 + PE
    Total System Jitter     (TSJ):    0.050ns
    Total Input Jitter      (TIJ):    0.000ns
    Discrete Jitter          (DJ):    0.000ns
    Phase Error              (PE):    0.000ns

    Location             Delay type                Incr(ns)  Path(ns)    Netlist Resource(s)
  -------------------------------------------------------------------    -------------------
                         (clock CLK rise edge)        0.000     0.000 r  
    U8                                                0.000     0.000 r  CLK (IN)
                         net (fo=0)                   0.000     0.000    CLK
    U8                   IBUF (Prop_ibuf_I_O)         0.965     0.965 r  CLK_IBUF_inst/O
                         net (fo=1, routed)           1.967     2.932    CLK_IBUF
    BUFGCTRL_X0Y0        BUFG (Prop_bufg_I_O)         0.096     3.028 r  CLK_IBUF_BUFG_inst/O
                         net (fo=17, routed)          1.621     4.649    C2/CLK
    SLICE_X64Y27         FDCE                                         r  C2/count_reg[2]/C
  -------------------------------------------------------------------    -------------------
    SLICE_X64Y27         FDCE (Prop_fdce_C_Q)         0.478     5.127 r  C2/count_reg[2]/Q
                         net (fo=6, routed)           1.746     6.873    sec_dec_OBUF[2]
    U2                   OBUF (Prop_obuf_I_O)         2.767     9.640 r  sec_dec_OBUF[2]_inst/O
                         net (fo=0)                   0.000     9.640    sec_dec[2]
    U2                                                                r  sec_dec[2] (OUT)
  -------------------------------------------------------------------    -------------------

Slack:                    inf
  Source:                 C4/count_reg[3]/C
                            (rising edge-triggered cell FDCE clocked by CLK  {rise@0.000ns fall@5.000ns period=10.000ns})
  Destination:            min_dec[3]
                            (output port)
  Path Group:             (none)
  Path Type:              Max at Slow Process Corner
  Data Path Delay:        4.976ns  (logic 3.284ns (65.987%)  route 1.693ns (34.013%))
  Logic Levels:           1  (OBUF=1)
  Clock Uncertainty:      0.025ns  ((TSJ^2 + TIJ^2)^1/2 + DJ) / 2 + PE
    Total System Jitter     (TSJ):    0.050ns
    Total Input Jitter      (TIJ):    0.000ns
    Discrete Jitter          (DJ):    0.000ns
    Phase Error              (PE):    0.000ns

    Location             Delay type                Incr(ns)  Path(ns)    Netlist Resource(s)
  -------------------------------------------------------------------    -------------------
                         (clock CLK rise edge)        0.000     0.000 r  
    U8                                                0.000     0.000 r  CLK (IN)
                         net (fo=0)                   0.000     0.000    CLK
    U8                   IBUF (Prop_ibuf_I_O)         0.965     0.965 r  CLK_IBUF_inst/O
                         net (fo=1, routed)           1.967     2.932    CLK_IBUF
    BUFGCTRL_X0Y0        BUFG (Prop_bufg_I_O)         0.096     3.028 r  CLK_IBUF_BUFG_inst/O
                         net (fo=17, routed)          1.624     4.652    C4/CLK
    SLICE_X64Y21         FDCE                                         r  C4/count_reg[3]/C
  -------------------------------------------------------------------    -------------------
    SLICE_X64Y21         FDCE (Prop_fdce_C_Q)         0.478     5.130 r  C4/count_reg[3]/Q
                         net (fo=5, routed)           1.693     6.823    min_dec_OBUF[3]
    V8                   OBUF (Prop_obuf_I_O)         2.806     9.628 r  min_dec_OBUF[3]_inst/O
                         net (fo=0)                   0.000     9.628    min_dec[3]
    V8                                                                r  min_dec[3] (OUT)
  -------------------------------------------------------------------    -------------------

Slack:                    inf
  Source:                 C3/count_reg[3]/C
                            (rising edge-triggered cell FDCE clocked by CLK  {rise@0.000ns fall@5.000ns period=10.000ns})
  Destination:            min_unit[3]
                            (output port)
  Path Group:             (none)
  Path Type:              Max at Slow Process Corner
  Data Path Delay:        4.957ns  (logic 3.261ns (65.783%)  route 1.696ns (34.217%))
  Logic Levels:           1  (OBUF=1)
  Clock Uncertainty:      0.025ns  ((TSJ^2 + TIJ^2)^1/2 + DJ) / 2 + PE
    Total System Jitter     (TSJ):    0.050ns
    Total Input Jitter      (TIJ):    0.000ns
    Discrete Jitter          (DJ):    0.000ns
    Phase Error              (PE):    0.000ns

    Location             Delay type                Incr(ns)  Path(ns)    Netlist Resource(s)
  -------------------------------------------------------------------    -------------------
                         (clock CLK rise edge)        0.000     0.000 r  
    U8                                                0.000     0.000 r  CLK (IN)
                         net (fo=0)                   0.000     0.000    CLK
    U8                   IBUF (Prop_ibuf_I_O)         0.965     0.965 r  CLK_IBUF_inst/O
                         net (fo=1, routed)           1.967     2.932    CLK_IBUF
    BUFGCTRL_X0Y0        BUFG (Prop_bufg_I_O)         0.096     3.028 r  CLK_IBUF_BUFG_inst/O
                         net (fo=17, routed)          1.618     4.646    C3/CLK
    SLICE_X64Y25         FDCE                                         r  C3/count_reg[3]/C
  -------------------------------------------------------------------    -------------------
    SLICE_X64Y25         FDCE (Prop_fdce_C_Q)         0.478     5.124 r  C3/count_reg[3]/Q
                         net (fo=5, routed)           1.696     6.821    min_unit_OBUF[3]
    W5                   OBUF (Prop_obuf_I_O)         2.783     9.604 r  min_unit_OBUF[3]_inst/O
                         net (fo=0)                   0.000     9.604    min_unit[3]
    W5                                                                r  min_unit[3] (OUT)
  -------------------------------------------------------------------    -------------------





Min Delay Paths
--------------------------------------------------------------------------------------
Slack:                    inf
  Source:                 C2/count_reg[1]/C
                            (rising edge-triggered cell FDCE clocked by CLK  {rise@0.000ns fall@5.000ns period=10.000ns})
  Destination:            sec_dec[1]
                            (output port)
  Path Group:             (none)
  Path Type:              Min at Fast Process Corner
  Data Path Delay:        1.646ns  (logic 1.273ns (77.352%)  route 0.373ns (22.648%))
  Logic Levels:           1  (OBUF=1)
  Clock Uncertainty:      0.025ns  ((TSJ^2 + TIJ^2)^1/2 + DJ) / 2 + PE
    Total System Jitter     (TSJ):    0.050ns
    Total Input Jitter      (TIJ):    0.000ns
    Discrete Jitter          (DJ):    0.000ns
    Phase Error              (PE):    0.000ns

    Location             Delay type                Incr(ns)  Path(ns)    Netlist Resource(s)
  -------------------------------------------------------------------    -------------------
                         (clock CLK rise edge)        0.000     0.000 r  
    U8                                                0.000     0.000 r  CLK (IN)
                         net (fo=0)                   0.000     0.000    CLK
    U8                   IBUF (Prop_ibuf_I_O)         0.194     0.194 r  CLK_IBUF_inst/O
                         net (fo=1, routed)           0.631     0.825    CLK_IBUF
    BUFGCTRL_X0Y0        BUFG (Prop_bufg_I_O)         0.026     0.851 r  CLK_IBUF_BUFG_inst/O
                         net (fo=17, routed)          0.585     1.436    C2/CLK
    SLICE_X64Y27         FDCE                                         r  C2/count_reg[1]/C
  -------------------------------------------------------------------    -------------------
    SLICE_X64Y27         FDCE (Prop_fdce_C_Q)         0.164     1.600 r  C2/count_reg[1]/Q
                         net (fo=6, routed)           0.373     1.973    sec_dec_OBUF[1]
    U4                   OBUF (Prop_obuf_I_O)         1.109     3.082 r  sec_dec_OBUF[1]_inst/O
                         net (fo=0)                   0.000     3.082    sec_dec[1]
    U4                                                                r  sec_dec[1] (OUT)
  -------------------------------------------------------------------    -------------------

Slack:                    inf
  Source:                 C4/count_reg[1]/C
                            (rising edge-triggered cell FDCE clocked by CLK  {rise@0.000ns fall@5.000ns period=10.000ns})
  Destination:            min_dec[1]
                            (output port)
  Path Group:             (none)
  Path Type:              Min at Fast Process Corner
  Data Path Delay:        1.654ns  (logic 1.279ns (77.288%)  route 0.376ns (22.712%))
  Logic Levels:           1  (OBUF=1)
  Clock Uncertainty:      0.025ns  ((TSJ^2 + TIJ^2)^1/2 + DJ) / 2 + PE
    Total System Jitter     (TSJ):    0.050ns
    Total Input Jitter      (TIJ):    0.000ns
    Discrete Jitter          (DJ):    0.000ns
    Phase Error              (PE):    0.000ns

    Location             Delay type                Incr(ns)  Path(ns)    Netlist Resource(s)
  -------------------------------------------------------------------    -------------------
                         (clock CLK rise edge)        0.000     0.000 r  
    U8                                                0.000     0.000 r  CLK (IN)
                         net (fo=0)                   0.000     0.000    CLK
    U8                   IBUF (Prop_ibuf_I_O)         0.194     0.194 r  CLK_IBUF_inst/O
                         net (fo=1, routed)           0.631     0.825    CLK_IBUF
    BUFGCTRL_X0Y0        BUFG (Prop_bufg_I_O)         0.026     0.851 r  CLK_IBUF_BUFG_inst/O
                         net (fo=17, routed)          0.585     1.436    C4/CLK
    SLICE_X64Y21         FDCE                                         r  C4/count_reg[1]/C
  -------------------------------------------------------------------    -------------------
    SLICE_X64Y21         FDCE (Prop_fdce_C_Q)         0.164     1.600 r  C4/count_reg[1]/Q
                         net (fo=5, routed)           0.376     1.976    min_dec_OBUF[1]
    V5                   OBUF (Prop_obuf_I_O)         1.115     3.090 r  min_dec_OBUF[1]_inst/O
                         net (fo=0)                   0.000     3.090    min_dec[1]
    V5                                                                r  min_dec[1] (OUT)
  -------------------------------------------------------------------    -------------------

Slack:                    inf
  Source:                 C2/count_reg[0]/C
                            (rising edge-triggered cell FDCE clocked by CLK  {rise@0.000ns fall@5.000ns period=10.000ns})
  Destination:            sec_dec[0]
                            (output port)
  Path Group:             (none)
  Path Type:              Min at Fast Process Corner
  Data Path Delay:        1.664ns  (logic 1.297ns (77.961%)  route 0.367ns (22.039%))
  Logic Levels:           1  (OBUF=1)
  Clock Uncertainty:      0.025ns  ((TSJ^2 + TIJ^2)^1/2 + DJ) / 2 + PE
    Total System Jitter     (TSJ):    0.050ns
    Total Input Jitter      (TIJ):    0.000ns
    Discrete Jitter          (DJ):    0.000ns
    Phase Error              (PE):    0.000ns

    Location             Delay type                Incr(ns)  Path(ns)    Netlist Resource(s)
  -------------------------------------------------------------------    -------------------
                         (clock CLK rise edge)        0.000     0.000 r  
    U8                                                0.000     0.000 r  CLK (IN)
                         net (fo=0)                   0.000     0.000    CLK
    U8                   IBUF (Prop_ibuf_I_O)         0.194     0.194 r  CLK_IBUF_inst/O
                         net (fo=1, routed)           0.631     0.825    CLK_IBUF
    BUFGCTRL_X0Y0        BUFG (Prop_bufg_I_O)         0.026     0.851 r  CLK_IBUF_BUFG_inst/O
                         net (fo=17, routed)          0.585     1.436    C2/CLK
    SLICE_X64Y27         FDCE                                         r  C2/count_reg[0]/C
  -------------------------------------------------------------------    -------------------
    SLICE_X64Y27         FDCE (Prop_fdce_C_Q)         0.164     1.600 r  C2/count_reg[0]/Q
                         net (fo=7, routed)           0.367     1.967    sec_dec_OBUF[0]
    V4                   OBUF (Prop_obuf_I_O)         1.133     3.099 r  sec_dec_OBUF[0]_inst/O
                         net (fo=0)                   0.000     3.099    sec_dec[0]
    V4                                                                r  sec_dec[0] (OUT)
  -------------------------------------------------------------------    -------------------

Slack:                    inf
  Source:                 C4/count_reg[2]/C
                            (rising edge-triggered cell FDCE clocked by CLK  {rise@0.000ns fall@5.000ns period=10.000ns})
  Destination:            min_dec[2]
                            (output port)
  Path Group:             (none)
  Path Type:              Min at Fast Process Corner
  Data Path Delay:        1.675ns  (logic 1.294ns (77.260%)  route 0.381ns (22.740%))
  Logic Levels:           1  (OBUF=1)
  Clock Uncertainty:      0.025ns  ((TSJ^2 + TIJ^2)^1/2 + DJ) / 2 + PE
    Total System Jitter     (TSJ):    0.050ns
    Total Input Jitter      (TIJ):    0.000ns
    Discrete Jitter          (DJ):    0.000ns
    Phase Error              (PE):    0.000ns

    Location             Delay type                Incr(ns)  Path(ns)    Netlist Resource(s)
  -------------------------------------------------------------------    -------------------
                         (clock CLK rise edge)        0.000     0.000 r  
    U8                                                0.000     0.000 r  CLK (IN)
                         net (fo=0)                   0.000     0.000    CLK
    U8                   IBUF (Prop_ibuf_I_O)         0.194     0.194 r  CLK_IBUF_inst/O
                         net (fo=1, routed)           0.631     0.825    CLK_IBUF
    BUFGCTRL_X0Y0        BUFG (Prop_bufg_I_O)         0.026     0.851 r  CLK_IBUF_BUFG_inst/O
                         net (fo=17, routed)          0.585     1.436    C4/CLK
    SLICE_X64Y21         FDCE                                         r  C4/count_reg[2]/C
  -------------------------------------------------------------------    -------------------
    SLICE_X64Y21         FDCE (Prop_fdce_C_Q)         0.164     1.600 r  C4/count_reg[2]/Q
                         net (fo=5, routed)           0.381     1.981    min_dec_OBUF[2]
    U5                   OBUF (Prop_obuf_I_O)         1.130     3.111 r  min_dec_OBUF[2]_inst/O
                         net (fo=0)                   0.000     3.111    min_dec[2]
    U5                                                                r  min_dec[2] (OUT)
  -------------------------------------------------------------------    -------------------

Slack:                    inf
  Source:                 C3/count_reg[1]/C
                            (rising edge-triggered cell FDCE clocked by CLK  {rise@0.000ns fall@5.000ns period=10.000ns})
  Destination:            min_unit[1]
                            (output port)
  Path Group:             (none)
  Path Type:              Min at Fast Process Corner
  Data Path Delay:        1.680ns  (logic 1.285ns (76.474%)  route 0.395ns (23.526%))
  Logic Levels:           1  (OBUF=1)
  Clock Uncertainty:      0.025ns  ((TSJ^2 + TIJ^2)^1/2 + DJ) / 2 + PE
    Total System Jitter     (TSJ):    0.050ns
    Total Input Jitter      (TIJ):    0.000ns
    Discrete Jitter          (DJ):    0.000ns
    Phase Error              (PE):    0.000ns

    Location             Delay type                Incr(ns)  Path(ns)    Netlist Resource(s)
  -------------------------------------------------------------------    -------------------
                         (clock CLK rise edge)        0.000     0.000 r  
    U8                                                0.000     0.000 r  CLK (IN)
                         net (fo=0)                   0.000     0.000    CLK
    U8                   IBUF (Prop_ibuf_I_O)         0.194     0.194 r  CLK_IBUF_inst/O
                         net (fo=1, routed)           0.631     0.825    CLK_IBUF
    BUFGCTRL_X0Y0        BUFG (Prop_bufg_I_O)         0.026     0.851 r  CLK_IBUF_BUFG_inst/O
                         net (fo=17, routed)          0.582     1.433    C3/CLK
    SLICE_X64Y25         FDCE                                         r  C3/count_reg[1]/C
  -------------------------------------------------------------------    -------------------
    SLICE_X64Y25         FDCE (Prop_fdce_C_Q)         0.164     1.597 r  C3/count_reg[1]/Q
                         net (fo=6, routed)           0.395     1.992    min_unit_OBUF[1]
    W7                   OBUF (Prop_obuf_I_O)         1.121     3.113 r  min_unit_OBUF[1]_inst/O
                         net (fo=0)                   0.000     3.113    min_unit[1]
    W7                                                                r  min_unit[1] (OUT)
  -------------------------------------------------------------------    -------------------

Slack:                    inf
  Source:                 C3/count_reg[2]/C
                            (rising edge-triggered cell FDCE clocked by CLK  {rise@0.000ns fall@5.000ns period=10.000ns})
  Destination:            min_unit[2]
                            (output port)
  Path Group:             (none)
  Path Type:              Min at Fast Process Corner
  Data Path Delay:        1.686ns  (logic 1.321ns (78.375%)  route 0.365ns (21.625%))
  Logic Levels:           1  (OBUF=1)
  Clock Uncertainty:      0.025ns  ((TSJ^2 + TIJ^2)^1/2 + DJ) / 2 + PE
    Total System Jitter     (TSJ):    0.050ns
    Total Input Jitter      (TIJ):    0.000ns
    Discrete Jitter          (DJ):    0.000ns
    Phase Error              (PE):    0.000ns

    Location             Delay type                Incr(ns)  Path(ns)    Netlist Resource(s)
  -------------------------------------------------------------------    -------------------
                         (clock CLK rise edge)        0.000     0.000 r  
    U8                                                0.000     0.000 r  CLK (IN)
                         net (fo=0)                   0.000     0.000    CLK
    U8                   IBUF (Prop_ibuf_I_O)         0.194     0.194 r  CLK_IBUF_inst/O
                         net (fo=1, routed)           0.631     0.825    CLK_IBUF
    BUFGCTRL_X0Y0        BUFG (Prop_bufg_I_O)         0.026     0.851 r  CLK_IBUF_BUFG_inst/O
                         net (fo=17, routed)          0.582     1.433    C3/CLK
    SLICE_X64Y25         FDCE                                         r  C3/count_reg[2]/C
  -------------------------------------------------------------------    -------------------
    SLICE_X64Y25         FDCE (Prop_fdce_C_Q)         0.148     1.581 r  C3/count_reg[2]/Q
                         net (fo=6, routed)           0.365     1.945    min_unit_OBUF[2]
    W4                   OBUF (Prop_obuf_I_O)         1.173     3.119 r  min_unit_OBUF[2]_inst/O
                         net (fo=0)                   0.000     3.119    min_unit[2]
    W4                                                                r  min_unit[2] (OUT)
  -------------------------------------------------------------------    -------------------

Slack:                    inf
  Source:                 C3/count_reg[3]/C
                            (rising edge-triggered cell FDCE clocked by CLK  {rise@0.000ns fall@5.000ns period=10.000ns})
  Destination:            min_unit[3]
                            (output port)
  Path Group:             (none)
  Path Type:              Min at Fast Process Corner
  Data Path Delay:        1.690ns  (logic 1.325ns (78.437%)  route 0.364ns (21.563%))
  Logic Levels:           1  (OBUF=1)
  Clock Uncertainty:      0.025ns  ((TSJ^2 + TIJ^2)^1/2 + DJ) / 2 + PE
    Total System Jitter     (TSJ):    0.050ns
    Total Input Jitter      (TIJ):    0.000ns
    Discrete Jitter          (DJ):    0.000ns
    Phase Error              (PE):    0.000ns

    Location             Delay type                Incr(ns)  Path(ns)    Netlist Resource(s)
  -------------------------------------------------------------------    -------------------
                         (clock CLK rise edge)        0.000     0.000 r  
    U8                                                0.000     0.000 r  CLK (IN)
                         net (fo=0)                   0.000     0.000    CLK
    U8                   IBUF (Prop_ibuf_I_O)         0.194     0.194 r  CLK_IBUF_inst/O
                         net (fo=1, routed)           0.631     0.825    CLK_IBUF
    BUFGCTRL_X0Y0        BUFG (Prop_bufg_I_O)         0.026     0.851 r  CLK_IBUF_BUFG_inst/O
                         net (fo=17, routed)          0.582     1.433    C3/CLK
    SLICE_X64Y25         FDCE                                         r  C3/count_reg[3]/C
  -------------------------------------------------------------------    -------------------
    SLICE_X64Y25         FDCE (Prop_fdce_C_Q)         0.148     1.581 r  C3/count_reg[3]/Q
                         net (fo=5, routed)           0.364     1.945    min_unit_OBUF[3]
    W5                   OBUF (Prop_obuf_I_O)         1.177     3.122 r  min_unit_OBUF[3]_inst/O
                         net (fo=0)                   0.000     3.122    min_unit[3]
    W5                                                                r  min_unit[3] (OUT)
  -------------------------------------------------------------------    -------------------

Slack:                    inf
  Source:                 C2/count_reg[2]/C
                            (rising edge-triggered cell FDCE clocked by CLK  {rise@0.000ns fall@5.000ns period=10.000ns})
  Destination:            sec_dec[2]
                            (output port)
  Path Group:             (none)
  Path Type:              Min at Fast Process Corner
  Data Path Delay:        1.702ns  (logic 1.314ns (77.200%)  route 0.388ns (22.800%))
  Logic Levels:           1  (OBUF=1)
  Clock Uncertainty:      0.025ns  ((TSJ^2 + TIJ^2)^1/2 + DJ) / 2 + PE
    Total System Jitter     (TSJ):    0.050ns
    Total Input Jitter      (TIJ):    0.000ns
    Discrete Jitter          (DJ):    0.000ns
    Phase Error              (PE):    0.000ns

    Location             Delay type                Incr(ns)  Path(ns)    Netlist Resource(s)
  -------------------------------------------------------------------    -------------------
                         (clock CLK rise edge)        0.000     0.000 r  
    U8                                                0.000     0.000 r  CLK (IN)
                         net (fo=0)                   0.000     0.000    CLK
    U8                   IBUF (Prop_ibuf_I_O)         0.194     0.194 r  CLK_IBUF_inst/O
                         net (fo=1, routed)           0.631     0.825    CLK_IBUF
    BUFGCTRL_X0Y0        BUFG (Prop_bufg_I_O)         0.026     0.851 r  CLK_IBUF_BUFG_inst/O
                         net (fo=17, routed)          0.585     1.436    C2/CLK
    SLICE_X64Y27         FDCE                                         r  C2/count_reg[2]/C
  -------------------------------------------------------------------    -------------------
    SLICE_X64Y27         FDCE (Prop_fdce_C_Q)         0.148     1.584 r  C2/count_reg[2]/Q
                         net (fo=6, routed)           0.388     1.972    sec_dec_OBUF[2]
    U2                   OBUF (Prop_obuf_I_O)         1.166     3.138 r  sec_dec_OBUF[2]_inst/O
                         net (fo=0)                   0.000     3.138    sec_dec[2]
    U2                                                                r  sec_dec[2] (OUT)
  -------------------------------------------------------------------    -------------------

Slack:                    inf
  Source:                 C4/count_reg[3]/C
                            (rising edge-triggered cell FDCE clocked by CLK  {rise@0.000ns fall@5.000ns period=10.000ns})
  Destination:            min_dec[3]
                            (output port)
  Path Group:             (none)
  Path Type:              Min at Fast Process Corner
  Data Path Delay:        1.707ns  (logic 1.347ns (78.938%)  route 0.360ns (21.062%))
  Logic Levels:           1  (OBUF=1)
  Clock Uncertainty:      0.025ns  ((TSJ^2 + TIJ^2)^1/2 + DJ) / 2 + PE
    Total System Jitter     (TSJ):    0.050ns
    Total Input Jitter      (TIJ):    0.000ns
    Discrete Jitter          (DJ):    0.000ns
    Phase Error              (PE):    0.000ns

    Location             Delay type                Incr(ns)  Path(ns)    Netlist Resource(s)
  -------------------------------------------------------------------    -------------------
                         (clock CLK rise edge)        0.000     0.000 r  
    U8                                                0.000     0.000 r  CLK (IN)
                         net (fo=0)                   0.000     0.000    CLK
    U8                   IBUF (Prop_ibuf_I_O)         0.194     0.194 r  CLK_IBUF_inst/O
                         net (fo=1, routed)           0.631     0.825    CLK_IBUF
    BUFGCTRL_X0Y0        BUFG (Prop_bufg_I_O)         0.026     0.851 r  CLK_IBUF_BUFG_inst/O
                         net (fo=17, routed)          0.585     1.436    C4/CLK
    SLICE_X64Y21         FDCE                                         r  C4/count_reg[3]/C
  -------------------------------------------------------------------    -------------------
    SLICE_X64Y21         FDCE (Prop_fdce_C_Q)         0.148     1.584 r  C4/count_reg[3]/Q
                         net (fo=5, routed)           0.360     1.943    min_dec_OBUF[3]
    V8                   OBUF (Prop_obuf_I_O)         1.199     3.143 r  min_dec_OBUF[3]_inst/O
                         net (fo=0)                   0.000     3.143    min_dec[3]
    V8                                                                r  min_dec[3] (OUT)
  -------------------------------------------------------------------    -------------------

Slack:                    inf
  Source:                 C2/count_reg[3]/C
                            (rising edge-triggered cell FDCE clocked by CLK  {rise@0.000ns fall@5.000ns period=10.000ns})
  Destination:            sec_dec[3]
                            (output port)
  Path Group:             (none)
  Path Type:              Min at Fast Process Corner
  Data Path Delay:        1.773ns  (logic 1.316ns (74.219%)  route 0.457ns (25.781%))
  Logic Levels:           1  (OBUF=1)
  Clock Uncertainty:      0.025ns  ((TSJ^2 + TIJ^2)^1/2 + DJ) / 2 + PE
    Total System Jitter     (TSJ):    0.050ns
    Total Input Jitter      (TIJ):    0.000ns
    Discrete Jitter          (DJ):    0.000ns
    Phase Error              (PE):    0.000ns

    Location             Delay type                Incr(ns)  Path(ns)    Netlist Resource(s)
  -------------------------------------------------------------------    -------------------
                         (clock CLK rise edge)        0.000     0.000 r  
    U8                                                0.000     0.000 r  CLK (IN)
                         net (fo=0)                   0.000     0.000    CLK
    U8                   IBUF (Prop_ibuf_I_O)         0.194     0.194 r  CLK_IBUF_inst/O
                         net (fo=1, routed)           0.631     0.825    CLK_IBUF
    BUFGCTRL_X0Y0        BUFG (Prop_bufg_I_O)         0.026     0.851 r  CLK_IBUF_BUFG_inst/O
                         net (fo=17, routed)          0.585     1.436    C2/CLK
    SLICE_X64Y27         FDCE                                         r  C2/count_reg[3]/C
  -------------------------------------------------------------------    -------------------
    SLICE_X64Y27         FDCE (Prop_fdce_C_Q)         0.148     1.584 r  C2/count_reg[3]/Q
                         net (fo=6, routed)           0.457     2.041    sec_dec_OBUF[3]
    U3                   OBUF (Prop_obuf_I_O)         1.168     3.209 r  sec_dec_OBUF[3]_inst/O
                         net (fo=0)                   0.000     3.209    sec_dec[3]
    U3                                                                r  sec_dec[3] (OUT)
  -------------------------------------------------------------------    -------------------





--------------------------------------------------------------------------------------
Path Group:  (none)
From Clock:  
  To Clock:  CLK

Max Delay            22 Endpoints
Min Delay            22 Endpoints
--------------------------------------------------------------------------------------


Max Delay Paths
--------------------------------------------------------------------------------------
Slack:                    inf
  Source:                 WAIT_t
                            (input port)
  Destination:            C1/count_reg[0]/CE
                            (rising edge-triggered cell FDCE clocked by CLK  {rise@0.000ns fall@5.000ns period=10.000ns})
  Path Group:             (none)
  Path Type:              Setup (Max at Slow Process Corner)
  Data Path Delay:        6.699ns  (logic 1.588ns (23.701%)  route 5.111ns (76.299%))
  Logic Levels:           2  (IBUF=1 LUT5=1)
  Clock Path Skew:        4.292ns (DCD - SCD + CPR)
    Destination Clock Delay (DCD):    4.292ns
    Source Clock Delay      (SCD):    0.000ns
    Clock Pessimism Removal (CPR):    0.000ns
  Clock Uncertainty:      0.025ns  ((TSJ^2 + TIJ^2)^1/2 + DJ) / 2 + PE
    Total System Jitter     (TSJ):    0.050ns
    Total Input Jitter      (TIJ):    0.000ns
    Discrete Jitter          (DJ):    0.000ns
    Phase Error              (PE):    0.000ns

    Location             Delay type                Incr(ns)  Path(ns)    Netlist Resource(s)
  -------------------------------------------------------------------    -------------------
    W16                                               0.000     0.000 f  WAIT_t (IN)
                         net (fo=0)                   0.000     0.000    WAIT_t
    W16                  IBUF (Prop_ibuf_I_O)         1.464     1.464 f  WAIT_t_IBUF_inst/O
                         net (fo=1, routed)           3.176     4.640    B1/WAIT_t_IBUF
    SLICE_X64Y23         LUT5 (Prop_lut5_I4_O)        0.124     4.764 r  B1/count[3]_i_1__2/O
                         net (fo=4, routed)           1.935     6.699    C1/count_reg[3]_0[0]
    SLICE_X64Y28         FDCE                                         r  C1/count_reg[0]/CE
  -------------------------------------------------------------------    -------------------

                         (clock CLK rise edge)        0.000     0.000 r  
    U8                                                0.000     0.000 r  CLK (IN)
                         net (fo=0)                   0.000     0.000    CLK
    U8                   IBUF (Prop_ibuf_I_O)         0.832     0.832 r  CLK_IBUF_inst/O
                         net (fo=1, routed)           1.862     2.694    CLK_IBUF
    BUFGCTRL_X0Y0        BUFG (Prop_bufg_I_O)         0.091     2.785 r  CLK_IBUF_BUFG_inst/O
                         net (fo=17, routed)          1.507     4.292    C1/CLK
    SLICE_X64Y28         FDCE                                         r  C1/count_reg[0]/C

Slack:                    inf
  Source:                 WAIT_t
                            (input port)
  Destination:            C1/count_reg[1]/CE
                            (rising edge-triggered cell FDCE clocked by CLK  {rise@0.000ns fall@5.000ns period=10.000ns})
  Path Group:             (none)
  Path Type:              Setup (Max at Slow Process Corner)
  Data Path Delay:        6.699ns  (logic 1.588ns (23.701%)  route 5.111ns (76.299%))
  Logic Levels:           2  (IBUF=1 LUT5=1)
  Clock Path Skew:        4.292ns (DCD - SCD + CPR)
    Destination Clock Delay (DCD):    4.292ns
    Source Clock Delay      (SCD):    0.000ns
    Clock Pessimism Removal (CPR):    0.000ns
  Clock Uncertainty:      0.025ns  ((TSJ^2 + TIJ^2)^1/2 + DJ) / 2 + PE
    Total System Jitter     (TSJ):    0.050ns
    Total Input Jitter      (TIJ):    0.000ns
    Discrete Jitter          (DJ):    0.000ns
    Phase Error              (PE):    0.000ns

    Location             Delay type                Incr(ns)  Path(ns)    Netlist Resource(s)
  -------------------------------------------------------------------    -------------------
    W16                                               0.000     0.000 f  WAIT_t (IN)
                         net (fo=0)                   0.000     0.000    WAIT_t
    W16                  IBUF (Prop_ibuf_I_O)         1.464     1.464 f  WAIT_t_IBUF_inst/O
                         net (fo=1, routed)           3.176     4.640    B1/WAIT_t_IBUF
    SLICE_X64Y23         LUT5 (Prop_lut5_I4_O)        0.124     4.764 r  B1/count[3]_i_1__2/O
                         net (fo=4, routed)           1.935     6.699    C1/count_reg[3]_0[0]
    SLICE_X64Y28         FDCE                                         r  C1/count_reg[1]/CE
  -------------------------------------------------------------------    -------------------

                         (clock CLK rise edge)        0.000     0.000 r  
    U8                                                0.000     0.000 r  CLK (IN)
                         net (fo=0)                   0.000     0.000    CLK
    U8                   IBUF (Prop_ibuf_I_O)         0.832     0.832 r  CLK_IBUF_inst/O
                         net (fo=1, routed)           1.862     2.694    CLK_IBUF
    BUFGCTRL_X0Y0        BUFG (Prop_bufg_I_O)         0.091     2.785 r  CLK_IBUF_BUFG_inst/O
                         net (fo=17, routed)          1.507     4.292    C1/CLK
    SLICE_X64Y28         FDCE                                         r  C1/count_reg[1]/C

Slack:                    inf
  Source:                 WAIT_t
                            (input port)
  Destination:            C1/count_reg[2]/CE
                            (rising edge-triggered cell FDCE clocked by CLK  {rise@0.000ns fall@5.000ns period=10.000ns})
  Path Group:             (none)
  Path Type:              Setup (Max at Slow Process Corner)
  Data Path Delay:        6.699ns  (logic 1.588ns (23.701%)  route 5.111ns (76.299%))
  Logic Levels:           2  (IBUF=1 LUT5=1)
  Clock Path Skew:        4.292ns (DCD - SCD + CPR)
    Destination Clock Delay (DCD):    4.292ns
    Source Clock Delay      (SCD):    0.000ns
    Clock Pessimism Removal (CPR):    0.000ns
  Clock Uncertainty:      0.025ns  ((TSJ^2 + TIJ^2)^1/2 + DJ) / 2 + PE
    Total System Jitter     (TSJ):    0.050ns
    Total Input Jitter      (TIJ):    0.000ns
    Discrete Jitter          (DJ):    0.000ns
    Phase Error              (PE):    0.000ns

    Location             Delay type                Incr(ns)  Path(ns)    Netlist Resource(s)
  -------------------------------------------------------------------    -------------------
    W16                                               0.000     0.000 f  WAIT_t (IN)
                         net (fo=0)                   0.000     0.000    WAIT_t
    W16                  IBUF (Prop_ibuf_I_O)         1.464     1.464 f  WAIT_t_IBUF_inst/O
                         net (fo=1, routed)           3.176     4.640    B1/WAIT_t_IBUF
    SLICE_X64Y23         LUT5 (Prop_lut5_I4_O)        0.124     4.764 r  B1/count[3]_i_1__2/O
                         net (fo=4, routed)           1.935     6.699    C1/count_reg[3]_0[0]
    SLICE_X64Y28         FDCE                                         r  C1/count_reg[2]/CE
  -------------------------------------------------------------------    -------------------

                         (clock CLK rise edge)        0.000     0.000 r  
    U8                                                0.000     0.000 r  CLK (IN)
                         net (fo=0)                   0.000     0.000    CLK
    U8                   IBUF (Prop_ibuf_I_O)         0.832     0.832 r  CLK_IBUF_inst/O
                         net (fo=1, routed)           1.862     2.694    CLK_IBUF
    BUFGCTRL_X0Y0        BUFG (Prop_bufg_I_O)         0.091     2.785 r  CLK_IBUF_BUFG_inst/O
                         net (fo=17, routed)          1.507     4.292    C1/CLK
    SLICE_X64Y28         FDCE                                         r  C1/count_reg[2]/C

Slack:                    inf
  Source:                 WAIT_t
                            (input port)
  Destination:            C1/count_reg[3]/CE
                            (rising edge-triggered cell FDCE clocked by CLK  {rise@0.000ns fall@5.000ns period=10.000ns})
  Path Group:             (none)
  Path Type:              Setup (Max at Slow Process Corner)
  Data Path Delay:        6.699ns  (logic 1.588ns (23.701%)  route 5.111ns (76.299%))
  Logic Levels:           2  (IBUF=1 LUT5=1)
  Clock Path Skew:        4.292ns (DCD - SCD + CPR)
    Destination Clock Delay (DCD):    4.292ns
    Source Clock Delay      (SCD):    0.000ns
    Clock Pessimism Removal (CPR):    0.000ns
  Clock Uncertainty:      0.025ns  ((TSJ^2 + TIJ^2)^1/2 + DJ) / 2 + PE
    Total System Jitter     (TSJ):    0.050ns
    Total Input Jitter      (TIJ):    0.000ns
    Discrete Jitter          (DJ):    0.000ns
    Phase Error              (PE):    0.000ns

    Location             Delay type                Incr(ns)  Path(ns)    Netlist Resource(s)
  -------------------------------------------------------------------    -------------------
    W16                                               0.000     0.000 f  WAIT_t (IN)
                         net (fo=0)                   0.000     0.000    WAIT_t
    W16                  IBUF (Prop_ibuf_I_O)         1.464     1.464 f  WAIT_t_IBUF_inst/O
                         net (fo=1, routed)           3.176     4.640    B1/WAIT_t_IBUF
    SLICE_X64Y23         LUT5 (Prop_lut5_I4_O)        0.124     4.764 r  B1/count[3]_i_1__2/O
                         net (fo=4, routed)           1.935     6.699    C1/count_reg[3]_0[0]
    SLICE_X64Y28         FDCE                                         r  C1/count_reg[3]/CE
  -------------------------------------------------------------------    -------------------

                         (clock CLK rise edge)        0.000     0.000 r  
    U8                                                0.000     0.000 r  CLK (IN)
                         net (fo=0)                   0.000     0.000    CLK
    U8                   IBUF (Prop_ibuf_I_O)         0.832     0.832 r  CLK_IBUF_inst/O
                         net (fo=1, routed)           1.862     2.694    CLK_IBUF
    BUFGCTRL_X0Y0        BUFG (Prop_bufg_I_O)         0.091     2.785 r  CLK_IBUF_BUFG_inst/O
                         net (fo=17, routed)          1.507     4.292    C1/CLK
    SLICE_X64Y28         FDCE                                         r  C1/count_reg[3]/C

Slack:                    inf
  Source:                 RESET
                            (input port)
  Destination:            C2/count_reg[0]/CLR
                            (recovery check against rising-edge clock CLK  {rise@0.000ns fall@5.000ns period=10.000ns})
  Path Group:             (none)
  Path Type:              Recovery (Max at Slow Process Corner)
  Data Path Delay:        5.511ns  (logic 1.448ns (26.286%)  route 4.062ns (73.714%))
  Logic Levels:           1  (IBUF=1)
  Clock Path Skew:        4.290ns (DCD - SCD + CPR)
    Destination Clock Delay (DCD):    4.290ns
    Source Clock Delay      (SCD):    0.000ns
    Clock Pessimism Removal (CPR):    0.000ns
  Clock Uncertainty:      0.025ns  ((TSJ^2 + TIJ^2)^1/2 + DJ) / 2 + PE
    Total System Jitter     (TSJ):    0.050ns
    Total Input Jitter      (TIJ):    0.000ns
    Discrete Jitter          (DJ):    0.000ns
    Phase Error              (PE):    0.000ns

    Location             Delay type                Incr(ns)  Path(ns)    Netlist Resource(s)
  -------------------------------------------------------------------    -------------------
    W17                                               0.000     0.000 f  RESET (IN)
                         net (fo=0)                   0.000     0.000    RESET
    W17                  IBUF (Prop_ibuf_I_O)         1.448     1.448 f  RESET_IBUF_inst/O
                         net (fo=17, routed)          4.062     5.511    C2/AR[0]
    SLICE_X64Y27         FDCE                                         f  C2/count_reg[0]/CLR
  -------------------------------------------------------------------    -------------------

                         (clock CLK rise edge)        0.000     0.000 r  
    U8                                                0.000     0.000 r  CLK (IN)
                         net (fo=0)                   0.000     0.000    CLK
    U8                   IBUF (Prop_ibuf_I_O)         0.832     0.832 r  CLK_IBUF_inst/O
                         net (fo=1, routed)           1.862     2.694    CLK_IBUF
    BUFGCTRL_X0Y0        BUFG (Prop_bufg_I_O)         0.091     2.785 r  CLK_IBUF_BUFG_inst/O
                         net (fo=17, routed)          1.505     4.290    C2/CLK
    SLICE_X64Y27         FDCE                                         r  C2/count_reg[0]/C

Slack:                    inf
  Source:                 RESET
                            (input port)
  Destination:            C2/count_reg[1]/CLR
                            (recovery check against rising-edge clock CLK  {rise@0.000ns fall@5.000ns period=10.000ns})
  Path Group:             (none)
  Path Type:              Recovery (Max at Slow Process Corner)
  Data Path Delay:        5.511ns  (logic 1.448ns (26.286%)  route 4.062ns (73.714%))
  Logic Levels:           1  (IBUF=1)
  Clock Path Skew:        4.290ns (DCD - SCD + CPR)
    Destination Clock Delay (DCD):    4.290ns
    Source Clock Delay      (SCD):    0.000ns
    Clock Pessimism Removal (CPR):    0.000ns
  Clock Uncertainty:      0.025ns  ((TSJ^2 + TIJ^2)^1/2 + DJ) / 2 + PE
    Total System Jitter     (TSJ):    0.050ns
    Total Input Jitter      (TIJ):    0.000ns
    Discrete Jitter          (DJ):    0.000ns
    Phase Error              (PE):    0.000ns

    Location             Delay type                Incr(ns)  Path(ns)    Netlist Resource(s)
  -------------------------------------------------------------------    -------------------
    W17                                               0.000     0.000 f  RESET (IN)
                         net (fo=0)                   0.000     0.000    RESET
    W17                  IBUF (Prop_ibuf_I_O)         1.448     1.448 f  RESET_IBUF_inst/O
                         net (fo=17, routed)          4.062     5.511    C2/AR[0]
    SLICE_X64Y27         FDCE                                         f  C2/count_reg[1]/CLR
  -------------------------------------------------------------------    -------------------

                         (clock CLK rise edge)        0.000     0.000 r  
    U8                                                0.000     0.000 r  CLK (IN)
                         net (fo=0)                   0.000     0.000    CLK
    U8                   IBUF (Prop_ibuf_I_O)         0.832     0.832 r  CLK_IBUF_inst/O
                         net (fo=1, routed)           1.862     2.694    CLK_IBUF
    BUFGCTRL_X0Y0        BUFG (Prop_bufg_I_O)         0.091     2.785 r  CLK_IBUF_BUFG_inst/O
                         net (fo=17, routed)          1.505     4.290    C2/CLK
    SLICE_X64Y27         FDCE                                         r  C2/count_reg[1]/C

Slack:                    inf
  Source:                 RESET
                            (input port)
  Destination:            C2/count_reg[2]/CLR
                            (recovery check against rising-edge clock CLK  {rise@0.000ns fall@5.000ns period=10.000ns})
  Path Group:             (none)
  Path Type:              Recovery (Max at Slow Process Corner)
  Data Path Delay:        5.511ns  (logic 1.448ns (26.286%)  route 4.062ns (73.714%))
  Logic Levels:           1  (IBUF=1)
  Clock Path Skew:        4.290ns (DCD - SCD + CPR)
    Destination Clock Delay (DCD):    4.290ns
    Source Clock Delay      (SCD):    0.000ns
    Clock Pessimism Removal (CPR):    0.000ns
  Clock Uncertainty:      0.025ns  ((TSJ^2 + TIJ^2)^1/2 + DJ) / 2 + PE
    Total System Jitter     (TSJ):    0.050ns
    Total Input Jitter      (TIJ):    0.000ns
    Discrete Jitter          (DJ):    0.000ns
    Phase Error              (PE):    0.000ns

    Location             Delay type                Incr(ns)  Path(ns)    Netlist Resource(s)
  -------------------------------------------------------------------    -------------------
    W17                                               0.000     0.000 f  RESET (IN)
                         net (fo=0)                   0.000     0.000    RESET
    W17                  IBUF (Prop_ibuf_I_O)         1.448     1.448 f  RESET_IBUF_inst/O
                         net (fo=17, routed)          4.062     5.511    C2/AR[0]
    SLICE_X64Y27         FDCE                                         f  C2/count_reg[2]/CLR
  -------------------------------------------------------------------    -------------------

                         (clock CLK rise edge)        0.000     0.000 r  
    U8                                                0.000     0.000 r  CLK (IN)
                         net (fo=0)                   0.000     0.000    CLK
    U8                   IBUF (Prop_ibuf_I_O)         0.832     0.832 r  CLK_IBUF_inst/O
                         net (fo=1, routed)           1.862     2.694    CLK_IBUF
    BUFGCTRL_X0Y0        BUFG (Prop_bufg_I_O)         0.091     2.785 r  CLK_IBUF_BUFG_inst/O
                         net (fo=17, routed)          1.505     4.290    C2/CLK
    SLICE_X64Y27         FDCE                                         r  C2/count_reg[2]/C

Slack:                    inf
  Source:                 RESET
                            (input port)
  Destination:            C2/count_reg[3]/CLR
                            (recovery check against rising-edge clock CLK  {rise@0.000ns fall@5.000ns period=10.000ns})
  Path Group:             (none)
  Path Type:              Recovery (Max at Slow Process Corner)
  Data Path Delay:        5.511ns  (logic 1.448ns (26.286%)  route 4.062ns (73.714%))
  Logic Levels:           1  (IBUF=1)
  Clock Path Skew:        4.290ns (DCD - SCD + CPR)
    Destination Clock Delay (DCD):    4.290ns
    Source Clock Delay      (SCD):    0.000ns
    Clock Pessimism Removal (CPR):    0.000ns
  Clock Uncertainty:      0.025ns  ((TSJ^2 + TIJ^2)^1/2 + DJ) / 2 + PE
    Total System Jitter     (TSJ):    0.050ns
    Total Input Jitter      (TIJ):    0.000ns
    Discrete Jitter          (DJ):    0.000ns
    Phase Error              (PE):    0.000ns

    Location             Delay type                Incr(ns)  Path(ns)    Netlist Resource(s)
  -------------------------------------------------------------------    -------------------
    W17                                               0.000     0.000 f  RESET (IN)
                         net (fo=0)                   0.000     0.000    RESET
    W17                  IBUF (Prop_ibuf_I_O)         1.448     1.448 f  RESET_IBUF_inst/O
                         net (fo=17, routed)          4.062     5.511    C2/AR[0]
    SLICE_X64Y27         FDCE                                         f  C2/count_reg[3]/CLR
  -------------------------------------------------------------------    -------------------

                         (clock CLK rise edge)        0.000     0.000 r  
    U8                                                0.000     0.000 r  CLK (IN)
                         net (fo=0)                   0.000     0.000    CLK
    U8                   IBUF (Prop_ibuf_I_O)         0.832     0.832 r  CLK_IBUF_inst/O
                         net (fo=1, routed)           1.862     2.694    CLK_IBUF
    BUFGCTRL_X0Y0        BUFG (Prop_bufg_I_O)         0.091     2.785 r  CLK_IBUF_BUFG_inst/O
                         net (fo=17, routed)          1.505     4.290    C2/CLK
    SLICE_X64Y27         FDCE                                         r  C2/count_reg[3]/C

Slack:                    inf
  Source:                 RESET
                            (input port)
  Destination:            C1/count_reg[0]/CLR
                            (recovery check against rising-edge clock CLK  {rise@0.000ns fall@5.000ns period=10.000ns})
  Path Group:             (none)
  Path Type:              Recovery (Max at Slow Process Corner)
  Data Path Delay:        5.369ns  (logic 1.448ns (26.977%)  route 3.921ns (73.023%))
  Logic Levels:           1  (IBUF=1)
  Clock Path Skew:        4.292ns (DCD - SCD + CPR)
    Destination Clock Delay (DCD):    4.292ns
    Source Clock Delay      (SCD):    0.000ns
    Clock Pessimism Removal (CPR):    0.000ns
  Clock Uncertainty:      0.025ns  ((TSJ^2 + TIJ^2)^1/2 + DJ) / 2 + PE
    Total System Jitter     (TSJ):    0.050ns
    Total Input Jitter      (TIJ):    0.000ns
    Discrete Jitter          (DJ):    0.000ns
    Phase Error              (PE):    0.000ns

    Location             Delay type                Incr(ns)  Path(ns)    Netlist Resource(s)
  -------------------------------------------------------------------    -------------------
    W17                                               0.000     0.000 f  RESET (IN)
                         net (fo=0)                   0.000     0.000    RESET
    W17                  IBUF (Prop_ibuf_I_O)         1.448     1.448 f  RESET_IBUF_inst/O
                         net (fo=17, routed)          3.921     5.369    C1/AR[0]
    SLICE_X64Y28         FDCE                                         f  C1/count_reg[0]/CLR
  -------------------------------------------------------------------    -------------------

                         (clock CLK rise edge)        0.000     0.000 r  
    U8                                                0.000     0.000 r  CLK (IN)
                         net (fo=0)                   0.000     0.000    CLK
    U8                   IBUF (Prop_ibuf_I_O)         0.832     0.832 r  CLK_IBUF_inst/O
                         net (fo=1, routed)           1.862     2.694    CLK_IBUF
    BUFGCTRL_X0Y0        BUFG (Prop_bufg_I_O)         0.091     2.785 r  CLK_IBUF_BUFG_inst/O
                         net (fo=17, routed)          1.507     4.292    C1/CLK
    SLICE_X64Y28         FDCE                                         r  C1/count_reg[0]/C

Slack:                    inf
  Source:                 RESET
                            (input port)
  Destination:            C1/count_reg[1]/CLR
                            (recovery check against rising-edge clock CLK  {rise@0.000ns fall@5.000ns period=10.000ns})
  Path Group:             (none)
  Path Type:              Recovery (Max at Slow Process Corner)
  Data Path Delay:        5.369ns  (logic 1.448ns (26.977%)  route 3.921ns (73.023%))
  Logic Levels:           1  (IBUF=1)
  Clock Path Skew:        4.292ns (DCD - SCD + CPR)
    Destination Clock Delay (DCD):    4.292ns
    Source Clock Delay      (SCD):    0.000ns
    Clock Pessimism Removal (CPR):    0.000ns
  Clock Uncertainty:      0.025ns  ((TSJ^2 + TIJ^2)^1/2 + DJ) / 2 + PE
    Total System Jitter     (TSJ):    0.050ns
    Total Input Jitter      (TIJ):    0.000ns
    Discrete Jitter          (DJ):    0.000ns
    Phase Error              (PE):    0.000ns

    Location             Delay type                Incr(ns)  Path(ns)    Netlist Resource(s)
  -------------------------------------------------------------------    -------------------
    W17                                               0.000     0.000 f  RESET (IN)
                         net (fo=0)                   0.000     0.000    RESET
    W17                  IBUF (Prop_ibuf_I_O)         1.448     1.448 f  RESET_IBUF_inst/O
                         net (fo=17, routed)          3.921     5.369    C1/AR[0]
    SLICE_X64Y28         FDCE                                         f  C1/count_reg[1]/CLR
  -------------------------------------------------------------------    -------------------

                         (clock CLK rise edge)        0.000     0.000 r  
    U8                                                0.000     0.000 r  CLK (IN)
                         net (fo=0)                   0.000     0.000    CLK
    U8                   IBUF (Prop_ibuf_I_O)         0.832     0.832 r  CLK_IBUF_inst/O
                         net (fo=1, routed)           1.862     2.694    CLK_IBUF
    BUFGCTRL_X0Y0        BUFG (Prop_bufg_I_O)         0.091     2.785 r  CLK_IBUF_BUFG_inst/O
                         net (fo=17, routed)          1.507     4.292    C1/CLK
    SLICE_X64Y28         FDCE                                         r  C1/count_reg[1]/C





Min Delay Paths
--------------------------------------------------------------------------------------
Slack:                    inf
  Source:                 RESET
                            (input port)
  Destination:            C4/count_reg[0]/CLR
                            (removal check against rising-edge clock CLK  {rise@0.000ns fall@5.000ns period=10.000ns})
  Path Group:             (none)
  Path Type:              Removal (Min at Fast Process Corner)
  Data Path Delay:        1.685ns  (logic 0.217ns (12.857%)  route 1.468ns (87.143%))
  Logic Levels:           1  (IBUF=1)
  Clock Path Skew:        1.950ns (DCD - SCD - CPR)
    Destination Clock Delay (DCD):    1.950ns
    Source Clock Delay      (SCD):    0.000ns
    Clock Pessimism Removal (CPR):    -0.000ns

    Location             Delay type                Incr(ns)  Path(ns)    Netlist Resource(s)
  -------------------------------------------------------------------    -------------------
    W17                                               0.000     0.000 f  RESET (IN)
                         net (fo=0)                   0.000     0.000    RESET
    W17                  IBUF (Prop_ibuf_I_O)         0.217     0.217 f  RESET_IBUF_inst/O
                         net (fo=17, routed)          1.468     1.685    C4/AR[0]
    SLICE_X64Y21         FDCE                                         f  C4/count_reg[0]/CLR
  -------------------------------------------------------------------    -------------------

                         (clock CLK rise edge)        0.000     0.000 r  
    U8                                                0.000     0.000 r  CLK (IN)
                         net (fo=0)                   0.000     0.000    CLK
    U8                   IBUF (Prop_ibuf_I_O)         0.383     0.383 r  CLK_IBUF_inst/O
                         net (fo=1, routed)           0.685     1.068    CLK_IBUF
    BUFGCTRL_X0Y0        BUFG (Prop_bufg_I_O)         0.029     1.097 r  CLK_IBUF_BUFG_inst/O
                         net (fo=17, routed)          0.854     1.950    C4/CLK
    SLICE_X64Y21         FDCE                                         r  C4/count_reg[0]/C

Slack:                    inf
  Source:                 RESET
                            (input port)
  Destination:            C4/count_reg[1]/CLR
                            (removal check against rising-edge clock CLK  {rise@0.000ns fall@5.000ns period=10.000ns})
  Path Group:             (none)
  Path Type:              Removal (Min at Fast Process Corner)
  Data Path Delay:        1.685ns  (logic 0.217ns (12.857%)  route 1.468ns (87.143%))
  Logic Levels:           1  (IBUF=1)
  Clock Path Skew:        1.950ns (DCD - SCD - CPR)
    Destination Clock Delay (DCD):    1.950ns
    Source Clock Delay      (SCD):    0.000ns
    Clock Pessimism Removal (CPR):    -0.000ns

    Location             Delay type                Incr(ns)  Path(ns)    Netlist Resource(s)
  -------------------------------------------------------------------    -------------------
    W17                                               0.000     0.000 f  RESET (IN)
                         net (fo=0)                   0.000     0.000    RESET
    W17                  IBUF (Prop_ibuf_I_O)         0.217     0.217 f  RESET_IBUF_inst/O
                         net (fo=17, routed)          1.468     1.685    C4/AR[0]
    SLICE_X64Y21         FDCE                                         f  C4/count_reg[1]/CLR
  -------------------------------------------------------------------    -------------------

                         (clock CLK rise edge)        0.000     0.000 r  
    U8                                                0.000     0.000 r  CLK (IN)
                         net (fo=0)                   0.000     0.000    CLK
    U8                   IBUF (Prop_ibuf_I_O)         0.383     0.383 r  CLK_IBUF_inst/O
                         net (fo=1, routed)           0.685     1.068    CLK_IBUF
    BUFGCTRL_X0Y0        BUFG (Prop_bufg_I_O)         0.029     1.097 r  CLK_IBUF_BUFG_inst/O
                         net (fo=17, routed)          0.854     1.950    C4/CLK
    SLICE_X64Y21         FDCE                                         r  C4/count_reg[1]/C

Slack:                    inf
  Source:                 RESET
                            (input port)
  Destination:            C4/count_reg[2]/CLR
                            (removal check against rising-edge clock CLK  {rise@0.000ns fall@5.000ns period=10.000ns})
  Path Group:             (none)
  Path Type:              Removal (Min at Fast Process Corner)
  Data Path Delay:        1.685ns  (logic 0.217ns (12.857%)  route 1.468ns (87.143%))
  Logic Levels:           1  (IBUF=1)
  Clock Path Skew:        1.950ns (DCD - SCD - CPR)
    Destination Clock Delay (DCD):    1.950ns
    Source Clock Delay      (SCD):    0.000ns
    Clock Pessimism Removal (CPR):    -0.000ns

    Location             Delay type                Incr(ns)  Path(ns)    Netlist Resource(s)
  -------------------------------------------------------------------    -------------------
    W17                                               0.000     0.000 f  RESET (IN)
                         net (fo=0)                   0.000     0.000    RESET
    W17                  IBUF (Prop_ibuf_I_O)         0.217     0.217 f  RESET_IBUF_inst/O
                         net (fo=17, routed)          1.468     1.685    C4/AR[0]
    SLICE_X64Y21         FDCE                                         f  C4/count_reg[2]/CLR
  -------------------------------------------------------------------    -------------------

                         (clock CLK rise edge)        0.000     0.000 r  
    U8                                                0.000     0.000 r  CLK (IN)
                         net (fo=0)                   0.000     0.000    CLK
    U8                   IBUF (Prop_ibuf_I_O)         0.383     0.383 r  CLK_IBUF_inst/O
                         net (fo=1, routed)           0.685     1.068    CLK_IBUF
    BUFGCTRL_X0Y0        BUFG (Prop_bufg_I_O)         0.029     1.097 r  CLK_IBUF_BUFG_inst/O
                         net (fo=17, routed)          0.854     1.950    C4/CLK
    SLICE_X64Y21         FDCE                                         r  C4/count_reg[2]/C

Slack:                    inf
  Source:                 RESET
                            (input port)
  Destination:            C4/count_reg[3]/CLR
                            (removal check against rising-edge clock CLK  {rise@0.000ns fall@5.000ns period=10.000ns})
  Path Group:             (none)
  Path Type:              Removal (Min at Fast Process Corner)
  Data Path Delay:        1.685ns  (logic 0.217ns (12.857%)  route 1.468ns (87.143%))
  Logic Levels:           1  (IBUF=1)
  Clock Path Skew:        1.950ns (DCD - SCD - CPR)
    Destination Clock Delay (DCD):    1.950ns
    Source Clock Delay      (SCD):    0.000ns
    Clock Pessimism Removal (CPR):    -0.000ns

    Location             Delay type                Incr(ns)  Path(ns)    Netlist Resource(s)
  -------------------------------------------------------------------    -------------------
    W17                                               0.000     0.000 f  RESET (IN)
                         net (fo=0)                   0.000     0.000    RESET
    W17                  IBUF (Prop_ibuf_I_O)         0.217     0.217 f  RESET_IBUF_inst/O
                         net (fo=17, routed)          1.468     1.685    C4/AR[0]
    SLICE_X64Y21         FDCE                                         f  C4/count_reg[3]/CLR
  -------------------------------------------------------------------    -------------------

                         (clock CLK rise edge)        0.000     0.000 r  
    U8                                                0.000     0.000 r  CLK (IN)
                         net (fo=0)                   0.000     0.000    CLK
    U8                   IBUF (Prop_ibuf_I_O)         0.383     0.383 r  CLK_IBUF_inst/O
                         net (fo=1, routed)           0.685     1.068    CLK_IBUF
    BUFGCTRL_X0Y0        BUFG (Prop_bufg_I_O)         0.029     1.097 r  CLK_IBUF_BUFG_inst/O
                         net (fo=17, routed)          0.854     1.950    C4/CLK
    SLICE_X64Y21         FDCE                                         r  C4/count_reg[3]/C

Slack:                    inf
  Source:                 RESET
                            (input port)
  Destination:            B1/Q_reg/CLR
                            (removal check against rising-edge clock CLK  {rise@0.000ns fall@5.000ns period=10.000ns})
  Path Group:             (none)
  Path Type:              Removal (Min at Fast Process Corner)
  Data Path Delay:        1.817ns  (logic 0.217ns (11.925%)  route 1.600ns (88.075%))
  Logic Levels:           1  (IBUF=1)
  Clock Path Skew:        1.947ns (DCD - SCD - CPR)
    Destination Clock Delay (DCD):    1.947ns
    Source Clock Delay      (SCD):    0.000ns
    Clock Pessimism Removal (CPR):    -0.000ns

    Location             Delay type                Incr(ns)  Path(ns)    Netlist Resource(s)
  -------------------------------------------------------------------    -------------------
    W17                                               0.000     0.000 f  RESET (IN)
                         net (fo=0)                   0.000     0.000    RESET
    W17                  IBUF (Prop_ibuf_I_O)         0.217     0.217 f  RESET_IBUF_inst/O
                         net (fo=17, routed)          1.600     1.817    B1/AR[0]
    SLICE_X64Y23         FDCE                                         f  B1/Q_reg/CLR
  -------------------------------------------------------------------    -------------------

                         (clock CLK rise edge)        0.000     0.000 r  
    U8                                                0.000     0.000 r  CLK (IN)
                         net (fo=0)                   0.000     0.000    CLK
    U8                   IBUF (Prop_ibuf_I_O)         0.383     0.383 r  CLK_IBUF_inst/O
                         net (fo=1, routed)           0.685     1.068    CLK_IBUF
    BUFGCTRL_X0Y0        BUFG (Prop_bufg_I_O)         0.029     1.097 r  CLK_IBUF_BUFG_inst/O
                         net (fo=17, routed)          0.851     1.947    B1/CLK
    SLICE_X64Y23         FDCE                                         r  B1/Q_reg/C

Slack:                    inf
  Source:                 RESET
                            (input port)
  Destination:            C3/count_reg[0]/CLR
                            (removal check against rising-edge clock CLK  {rise@0.000ns fall@5.000ns period=10.000ns})
  Path Group:             (none)
  Path Type:              Removal (Min at Fast Process Corner)
  Data Path Delay:        1.905ns  (logic 0.217ns (11.370%)  route 1.689ns (88.630%))
  Logic Levels:           1  (IBUF=1)
  Clock Path Skew:        1.946ns (DCD - SCD - CPR)
    Destination Clock Delay (DCD):    1.946ns
    Source Clock Delay      (SCD):    0.000ns
    Clock Pessimism Removal (CPR):    -0.000ns

    Location             Delay type                Incr(ns)  Path(ns)    Netlist Resource(s)
  -------------------------------------------------------------------    -------------------
    W17                                               0.000     0.000 f  RESET (IN)
                         net (fo=0)                   0.000     0.000    RESET
    W17                  IBUF (Prop_ibuf_I_O)         0.217     0.217 f  RESET_IBUF_inst/O
                         net (fo=17, routed)          1.689     1.905    C3/AR[0]
    SLICE_X64Y25         FDCE                                         f  C3/count_reg[0]/CLR
  -------------------------------------------------------------------    -------------------

                         (clock CLK rise edge)        0.000     0.000 r  
    U8                                                0.000     0.000 r  CLK (IN)
                         net (fo=0)                   0.000     0.000    CLK
    U8                   IBUF (Prop_ibuf_I_O)         0.383     0.383 r  CLK_IBUF_inst/O
                         net (fo=1, routed)           0.685     1.068    CLK_IBUF
    BUFGCTRL_X0Y0        BUFG (Prop_bufg_I_O)         0.029     1.097 r  CLK_IBUF_BUFG_inst/O
                         net (fo=17, routed)          0.850     1.946    C3/CLK
    SLICE_X64Y25         FDCE                                         r  C3/count_reg[0]/C

Slack:                    inf
  Source:                 RESET
                            (input port)
  Destination:            C3/count_reg[1]/CLR
                            (removal check against rising-edge clock CLK  {rise@0.000ns fall@5.000ns period=10.000ns})
  Path Group:             (none)
  Path Type:              Removal (Min at Fast Process Corner)
  Data Path Delay:        1.905ns  (logic 0.217ns (11.370%)  route 1.689ns (88.630%))
  Logic Levels:           1  (IBUF=1)
  Clock Path Skew:        1.946ns (DCD - SCD - CPR)
    Destination Clock Delay (DCD):    1.946ns
    Source Clock Delay      (SCD):    0.000ns
    Clock Pessimism Removal (CPR):    -0.000ns

    Location             Delay type                Incr(ns)  Path(ns)    Netlist Resource(s)
  -------------------------------------------------------------------    -------------------
    W17                                               0.000     0.000 f  RESET (IN)
                         net (fo=0)                   0.000     0.000    RESET
    W17                  IBUF (Prop_ibuf_I_O)         0.217     0.217 f  RESET_IBUF_inst/O
                         net (fo=17, routed)          1.689     1.905    C3/AR[0]
    SLICE_X64Y25         FDCE                                         f  C3/count_reg[1]/CLR
  -------------------------------------------------------------------    -------------------

                         (clock CLK rise edge)        0.000     0.000 r  
    U8                                                0.000     0.000 r  CLK (IN)
                         net (fo=0)                   0.000     0.000    CLK
    U8                   IBUF (Prop_ibuf_I_O)         0.383     0.383 r  CLK_IBUF_inst/O
                         net (fo=1, routed)           0.685     1.068    CLK_IBUF
    BUFGCTRL_X0Y0        BUFG (Prop_bufg_I_O)         0.029     1.097 r  CLK_IBUF_BUFG_inst/O
                         net (fo=17, routed)          0.850     1.946    C3/CLK
    SLICE_X64Y25         FDCE                                         r  C3/count_reg[1]/C

Slack:                    inf
  Source:                 RESET
                            (input port)
  Destination:            C3/count_reg[2]/CLR
                            (removal check against rising-edge clock CLK  {rise@0.000ns fall@5.000ns period=10.000ns})
  Path Group:             (none)
  Path Type:              Removal (Min at Fast Process Corner)
  Data Path Delay:        1.905ns  (logic 0.217ns (11.370%)  route 1.689ns (88.630%))
  Logic Levels:           1  (IBUF=1)
  Clock Path Skew:        1.946ns (DCD - SCD - CPR)
    Destination Clock Delay (DCD):    1.946ns
    Source Clock Delay      (SCD):    0.000ns
    Clock Pessimism Removal (CPR):    -0.000ns

    Location             Delay type                Incr(ns)  Path(ns)    Netlist Resource(s)
  -------------------------------------------------------------------    -------------------
    W17                                               0.000     0.000 f  RESET (IN)
                         net (fo=0)                   0.000     0.000    RESET
    W17                  IBUF (Prop_ibuf_I_O)         0.217     0.217 f  RESET_IBUF_inst/O
                         net (fo=17, routed)          1.689     1.905    C3/AR[0]
    SLICE_X64Y25         FDCE                                         f  C3/count_reg[2]/CLR
  -------------------------------------------------------------------    -------------------

                         (clock CLK rise edge)        0.000     0.000 r  
    U8                                                0.000     0.000 r  CLK (IN)
                         net (fo=0)                   0.000     0.000    CLK
    U8                   IBUF (Prop_ibuf_I_O)         0.383     0.383 r  CLK_IBUF_inst/O
                         net (fo=1, routed)           0.685     1.068    CLK_IBUF
    BUFGCTRL_X0Y0        BUFG (Prop_bufg_I_O)         0.029     1.097 r  CLK_IBUF_BUFG_inst/O
                         net (fo=17, routed)          0.850     1.946    C3/CLK
    SLICE_X64Y25         FDCE                                         r  C3/count_reg[2]/C

Slack:                    inf
  Source:                 RESET
                            (input port)
  Destination:            C3/count_reg[3]/CLR
                            (removal check against rising-edge clock CLK  {rise@0.000ns fall@5.000ns period=10.000ns})
  Path Group:             (none)
  Path Type:              Removal (Min at Fast Process Corner)
  Data Path Delay:        1.905ns  (logic 0.217ns (11.370%)  route 1.689ns (88.630%))
  Logic Levels:           1  (IBUF=1)
  Clock Path Skew:        1.946ns (DCD - SCD - CPR)
    Destination Clock Delay (DCD):    1.946ns
    Source Clock Delay      (SCD):    0.000ns
    Clock Pessimism Removal (CPR):    -0.000ns

    Location             Delay type                Incr(ns)  Path(ns)    Netlist Resource(s)
  -------------------------------------------------------------------    -------------------
    W17                                               0.000     0.000 f  RESET (IN)
                         net (fo=0)                   0.000     0.000    RESET
    W17                  IBUF (Prop_ibuf_I_O)         0.217     0.217 f  RESET_IBUF_inst/O
                         net (fo=17, routed)          1.689     1.905    C3/AR[0]
    SLICE_X64Y25         FDCE                                         f  C3/count_reg[3]/CLR
  -------------------------------------------------------------------    -------------------

                         (clock CLK rise edge)        0.000     0.000 r  
    U8                                                0.000     0.000 r  CLK (IN)
                         net (fo=0)                   0.000     0.000    CLK
    U8                   IBUF (Prop_ibuf_I_O)         0.383     0.383 r  CLK_IBUF_inst/O
                         net (fo=1, routed)           0.685     1.068    CLK_IBUF
    BUFGCTRL_X0Y0        BUFG (Prop_bufg_I_O)         0.029     1.097 r  CLK_IBUF_BUFG_inst/O
                         net (fo=17, routed)          0.850     1.946    C3/CLK
    SLICE_X64Y25         FDCE                                         r  C3/count_reg[3]/C

Slack:                    inf
  Source:                 START
                            (input port)
  Destination:            B1/Q_reg/D
                            (rising edge-triggered cell FDCE clocked by CLK  {rise@0.000ns fall@5.000ns period=10.000ns})
  Path Group:             (none)
  Path Type:              Hold (Min at Fast Process Corner)
  Data Path Delay:        1.919ns  (logic 0.274ns (14.296%)  route 1.645ns (85.704%))
  Logic Levels:           2  (IBUF=1 LUT2=1)
  Clock Path Skew:        1.947ns (DCD - SCD - CPR)
    Destination Clock Delay (DCD):    1.947ns
    Source Clock Delay      (SCD):    0.000ns
    Clock Pessimism Removal (CPR):    -0.000ns

    Location             Delay type                Incr(ns)  Path(ns)    Netlist Resource(s)
  -------------------------------------------------------------------    -------------------
    V16                                               0.000     0.000 r  START (IN)
                         net (fo=0)                   0.000     0.000    START
    V16                  IBUF (Prop_ibuf_I_O)         0.229     0.229 r  START_IBUF_inst/O
                         net (fo=1, routed)           1.645     1.874    B1/START_IBUF
    SLICE_X64Y23         LUT2 (Prop_lut2_I0_O)        0.045     1.919 r  B1/Q_i_1/O
                         net (fo=1, routed)           0.000     1.919    B1/D
    SLICE_X64Y23         FDCE                                         r  B1/Q_reg/D
  -------------------------------------------------------------------    -------------------

                         (clock CLK rise edge)        0.000     0.000 r  
    U8                                                0.000     0.000 r  CLK (IN)
                         net (fo=0)                   0.000     0.000    CLK
    U8                   IBUF (Prop_ibuf_I_O)         0.383     0.383 r  CLK_IBUF_inst/O
                         net (fo=1, routed)           0.685     1.068    CLK_IBUF
    BUFGCTRL_X0Y0        BUFG (Prop_bufg_I_O)         0.029     1.097 r  CLK_IBUF_BUFG_inst/O
                         net (fo=17, routed)          0.851     1.947    B1/CLK
    SLICE_X64Y23         FDCE                                         r  B1/Q_reg/C





