Copyright 1986-2022 Xilinx, Inc. All Rights Reserved. Copyright 2022-2024 Advanced Micro Devices, Inc. All Rights Reserved.
------------------------------------------------------------------------------------------------------------------------------------------------------------------------------------------------------------------
| Tool Version : Vivado v.2024.2 (lin64) Build 5239630 Fri Nov 08 22:34:34 MST 2024
| Date         : Tue Apr 29 22:09:50 2025
| Host         : CASE running 64-bit Ubuntu 24.04.2 LTS
| Command      : report_timing_summary -max_paths 10 -report_unconstrained -file DISPLAY_timing_summary_routed.rpt -pb DISPLAY_timing_summary_routed.pb -rpx DISPLAY_timing_summary_routed.rpx -warn_on_violation
| Design       : DISPLAY
| Device       : 7a35t-cpg236
| Speed File   : -1  PRODUCTION 1.23 2018-06-13
| Design State : Routed
------------------------------------------------------------------------------------------------------------------------------------------------------------------------------------------------------------------

Timing Summary Report

------------------------------------------------------------------------------------------------
| Timer Settings
| --------------
------------------------------------------------------------------------------------------------

  Enable Multi Corner Analysis               :  Yes
  Enable Pessimism Removal                   :  Yes
  Pessimism Removal Resolution               :  Nearest Common Node
  Enable Input Delay Default Clock           :  No
  Enable Preset / Clear Arcs                 :  No
  Disable Flight Delays                      :  No
  Ignore I/O Paths                           :  No
  Timing Early Launch at Borrowing Latches   :  No
  Borrow Time for Max Delay Exceptions       :  Yes
  Merge Timing Exceptions                    :  Yes
  Inter-SLR Compensation                     :  Conservative

  Corner  Analyze    Analyze    
  Name    Max Paths  Min Paths  
  ------  ---------  ---------  
  Slow    Yes        Yes        
  Fast    Yes        Yes        


------------------------------------------------------------------------------------------------
| Report Methodology
| ------------------
------------------------------------------------------------------------------------------------

Rule       Severity          Description                                     Violations  
---------  ----------------  ----------------------------------------------  ----------  
TIMING-6   Critical Warning  No common primary clock between related clocks  1           
TIMING-7   Critical Warning  No common node between related clocks           1           
TIMING-18  Warning           Missing input or output delay                   49          

Note: This report is based on the most recent report_methodology run and may not be up-to-date. Run report_methodology on the current design for the latest report.



check_timing report

Table of Contents
-----------------
1. checking no_clock (0)
2. checking constant_clock (0)
3. checking pulse_width_clock (0)
4. checking unconstrained_internal_endpoints (0)
5. checking no_input_delay (33)
6. checking no_output_delay (16)
7. checking multiple_clock (0)
8. checking generated_clocks (0)
9. checking loops (0)
10. checking partial_input_delay (0)
11. checking partial_output_delay (0)
12. checking latch_loops (0)

1. checking no_clock (0)
------------------------
 There are 0 register/latch pins with no clock.


2. checking constant_clock (0)
------------------------------
 There are 0 register/latch pins with constant_clock.


3. checking pulse_width_clock (0)
---------------------------------
 There are 0 register/latch pins which need pulse_width check


4. checking unconstrained_internal_endpoints (0)
------------------------------------------------
 There are 0 pins that are not constrained for maximum delay.

 There are 0 pins that are not constrained for maximum delay due to constant clock.


5. checking no_input_delay (33)
-------------------------------
 There are 33 input ports with no input delay specified. (HIGH)

 There are 0 input ports with no input delay but user has a false path constraint.


6. checking no_output_delay (16)
--------------------------------
 There are 16 ports with no output delay specified. (HIGH)

 There are 0 ports with no output delay but user has a false path constraint

 There are 0 ports with no output delay but with a timing clock defined on it or propagating through it


7. checking multiple_clock (0)
------------------------------
 There are 0 register/latch pins with multiple clocks.


8. checking generated_clocks (0)
--------------------------------
 There are 0 generated clocks that are not connected to a clock source.


9. checking loops (0)
---------------------
 There are 0 combinational loops in the design.


10. checking partial_input_delay (0)
------------------------------------
 There are 0 input ports with partial input delay specified.


11. checking partial_output_delay (0)
-------------------------------------
 There are 0 ports with partial output delay specified.


12. checking latch_loops (0)
----------------------------
 There are 0 combinational latch loops in the design through latch input



------------------------------------------------------------------------------------------------
| Design Timing Summary
| ---------------------
------------------------------------------------------------------------------------------------

    WNS(ns)      TNS(ns)  TNS Failing Endpoints  TNS Total Endpoints      WHS(ns)      THS(ns)  THS Failing Endpoints  THS Total Endpoints     WPWS(ns)     TPWS(ns)  TPWS Failing Endpoints  TPWS Total Endpoints  
    -------      -------  ---------------------  -------------------      -------      -------  ---------------------  -------------------     --------     --------  ----------------------  --------------------  
      5.357        0.000                      0                   32        0.180        0.000                      0                   32        4.500        0.000                       0                    21  


All user specified timing constraints are met.


------------------------------------------------------------------------------------------------
| Clock Summary
| -------------
------------------------------------------------------------------------------------------------

Clock  Waveform(ns)         Period(ns)      Frequency(MHz)
-----  ------------         ----------      --------------
CE_1s  {0.000 500.000}      1000.000        1.000           
CLK    {0.000 5.000}        10.000          100.000         


------------------------------------------------------------------------------------------------
| Intra Clock Table
| -----------------
------------------------------------------------------------------------------------------------

Clock             WNS(ns)      TNS(ns)  TNS Failing Endpoints  TNS Total Endpoints      WHS(ns)      THS(ns)  THS Failing Endpoints  THS Total Endpoints     WPWS(ns)     TPWS(ns)  TPWS Failing Endpoints  TPWS Total Endpoints  
-----             -------      -------  ---------------------  -------------------      -------      -------  ---------------------  -------------------     --------     --------  ----------------------  --------------------  
CLK                 5.357        0.000                      0                   32        0.267        0.000                      0                   32        4.500        0.000                       0                    21  


------------------------------------------------------------------------------------------------
| Inter Clock Table
| -----------------
------------------------------------------------------------------------------------------------

From Clock    To Clock          WNS(ns)      TNS(ns)  TNS Failing Endpoints  TNS Total Endpoints      WHS(ns)      THS(ns)  THS Failing Endpoints  THS Total Endpoints  
----------    --------          -------      -------  ---------------------  -------------------      -------      -------  ---------------------  -------------------  
CE_1s         CLK                 8.343        0.000                      0                    1        0.180        0.000                      0                    1  


------------------------------------------------------------------------------------------------
| Other Path Groups Table
| -----------------------
------------------------------------------------------------------------------------------------

Path Group    From Clock    To Clock          WNS(ns)      TNS(ns)  TNS Failing Endpoints  TNS Total Endpoints      WHS(ns)      THS(ns)  THS Failing Endpoints  THS Total Endpoints  
----------    ----------    --------          -------      -------  ---------------------  -------------------      -------      -------  ---------------------  -------------------  


------------------------------------------------------------------------------------------------
| User Ignored Path Table
| -----------------------
------------------------------------------------------------------------------------------------

Path Group    From Clock    To Clock    
----------    ----------    --------    


------------------------------------------------------------------------------------------------
| Unconstrained Path Table
| ------------------------
------------------------------------------------------------------------------------------------

Path Group    From Clock    To Clock    
----------    ----------    --------    
(none)        CLK                         
(none)                      CLK           


------------------------------------------------------------------------------------------------
| Timing Details
| --------------
------------------------------------------------------------------------------------------------


---------------------------------------------------------------------------------------------------
From Clock:  CLK
  To Clock:  CLK

Setup :            0  Failing Endpoints,  Worst Slack        5.357ns,  Total Violation        0.000ns
Hold  :            0  Failing Endpoints,  Worst Slack        0.267ns,  Total Violation        0.000ns
PW    :            0  Failing Endpoints,  Worst Slack        4.500ns,  Total Violation        0.000ns
---------------------------------------------------------------------------------------------------


Max Delay Paths
--------------------------------------------------------------------------------------
Slack (MET) :             5.357ns  (required time - arrival time)
  Source:                 U0/count_reg[1]/C
                            (rising edge-triggered cell FDRE clocked by CLK  {rise@0.000ns fall@5.000ns period=10.000ns})
  Destination:            U7/Q_reg[4]/D
                            (rising edge-triggered cell FDRE clocked by CLK  {rise@0.000ns fall@5.000ns period=10.000ns})
  Path Group:             CLK
  Path Type:              Setup (Max at Slow Process Corner)
  Requirement:            10.000ns  (CLK rise@10.000ns - CLK rise@0.000ns)
  Data Path Delay:        4.294ns  (logic 1.276ns (29.714%)  route 3.018ns (70.286%))
  Logic Levels:           3  (LUT4=1 LUT6=1 MUXF7=1)
  Clock Path Skew:        -0.042ns (DCD - SCD + CPR)
    Destination Clock Delay (DCD):    4.272ns = ( 14.272 - 10.000 ) 
    Source Clock Delay      (SCD):    4.636ns
    Clock Pessimism Removal (CPR):    0.322ns
  Clock Uncertainty:      0.035ns  ((TSJ^2 + TIJ^2)^1/2 + DJ) / 2 + PE
    Total System Jitter     (TSJ):    0.071ns
    Total Input Jitter      (TIJ):    0.000ns
    Discrete Jitter          (DJ):    0.000ns
    Phase Error              (PE):    0.000ns

    Location             Delay type                Incr(ns)  Path(ns)    Netlist Resource(s)
  -------------------------------------------------------------------    -------------------
                         (clock CLK rise edge)        0.000     0.000 r  
    M18                                               0.000     0.000 r  CLK (IN)
                         net (fo=0)                   0.000     0.000    CLK
    M18                  IBUF (Prop_ibuf_I_O)         0.938     0.938 r  CLK_IBUF_inst/O
                         net (fo=1, routed)           1.972     2.910    CLK_IBUF
    BUFGCTRL_X0Y0        BUFG (Prop_bufg_I_O)         0.096     3.006 r  CLK_IBUF_BUFG_inst/O
                         net (fo=20, routed)          1.630     4.636    U0/CLK_IBUF_BUFG
    SLICE_X0Y33          FDRE                                         r  U0/count_reg[1]/C
  -------------------------------------------------------------------    -------------------
    SLICE_X0Y33          FDRE (Prop_fdre_C_Q)         0.419     5.055 r  U0/count_reg[1]/Q
                         net (fo=19, routed)          1.537     6.592    U0/count[1]
    SLICE_X0Y19          LUT6 (Prop_lut6_I2_O)        0.299     6.891 f  U0/Q[6]_i_3/O
                         net (fo=1, routed)           0.000     6.891    U0/Q[6]_i_3_n_0
    SLICE_X0Y19          MUXF7 (Prop_muxf7_I0_O)      0.238     7.129 f  U0/Q_reg[6]_i_1/O
                         net (fo=7, routed)           0.966     8.094    U0/count_reg[2]_3[0]
    SLICE_X2Y20          LUT4 (Prop_lut4_I0_O)        0.320     8.414 r  U0/Q[4]_i_1/O
                         net (fo=1, routed)           0.516     8.930    U7/D[2]
    SLICE_X1Y20          FDRE                                         r  U7/Q_reg[4]/D
  -------------------------------------------------------------------    -------------------

                         (clock CLK rise edge)       10.000    10.000 r  
    M18                                               0.000    10.000 r  CLK (IN)
                         net (fo=0)                   0.000    10.000    CLK
    M18                  IBUF (Prop_ibuf_I_O)         0.805    10.805 r  CLK_IBUF_inst/O
                         net (fo=1, routed)           1.868    12.673    CLK_IBUF
    BUFGCTRL_X0Y0        BUFG (Prop_bufg_I_O)         0.091    12.764 r  CLK_IBUF_BUFG_inst/O
                         net (fo=20, routed)          1.508    14.272    U7/CLK_IBUF_BUFG
    SLICE_X1Y20          FDRE                                         r  U7/Q_reg[4]/C
                         clock pessimism              0.322    14.594    
                         clock uncertainty           -0.035    14.559    
    SLICE_X1Y20          FDRE (Setup_fdre_C_D)       -0.271    14.288    U7/Q_reg[4]
  -------------------------------------------------------------------
                         required time                         14.288    
                         arrival time                          -8.930    
  -------------------------------------------------------------------
                         slack                                  5.357    

Slack (MET) :             5.947ns  (required time - arrival time)
  Source:                 U0/count_reg[1]/C
                            (rising edge-triggered cell FDRE clocked by CLK  {rise@0.000ns fall@5.000ns period=10.000ns})
  Destination:            U7/Q_reg[3]/R
                            (rising edge-triggered cell FDRE clocked by CLK  {rise@0.000ns fall@5.000ns period=10.000ns})
  Path Group:             CLK
  Path Type:              Setup (Max at Slow Process Corner)
  Requirement:            10.000ns  (CLK rise@10.000ns - CLK rise@0.000ns)
  Data Path Delay:        3.372ns  (logic 0.956ns (28.352%)  route 2.416ns (71.648%))
  Logic Levels:           2  (LUT6=1 MUXF7=1)
  Clock Path Skew:        -0.043ns (DCD - SCD + CPR)
    Destination Clock Delay (DCD):    4.271ns = ( 14.271 - 10.000 ) 
    Source Clock Delay      (SCD):    4.636ns
    Clock Pessimism Removal (CPR):    0.322ns
  Clock Uncertainty:      0.035ns  ((TSJ^2 + TIJ^2)^1/2 + DJ) / 2 + PE
    Total System Jitter     (TSJ):    0.071ns
    Total Input Jitter      (TIJ):    0.000ns
    Discrete Jitter          (DJ):    0.000ns
    Phase Error              (PE):    0.000ns

    Location             Delay type                Incr(ns)  Path(ns)    Netlist Resource(s)
  -------------------------------------------------------------------    -------------------
                         (clock CLK rise edge)        0.000     0.000 r  
    M18                                               0.000     0.000 r  CLK (IN)
                         net (fo=0)                   0.000     0.000    CLK
    M18                  IBUF (Prop_ibuf_I_O)         0.938     0.938 r  CLK_IBUF_inst/O
                         net (fo=1, routed)           1.972     2.910    CLK_IBUF
    BUFGCTRL_X0Y0        BUFG (Prop_bufg_I_O)         0.096     3.006 r  CLK_IBUF_BUFG_inst/O
                         net (fo=20, routed)          1.630     4.636    U0/CLK_IBUF_BUFG
    SLICE_X0Y33          FDRE                                         r  U0/count_reg[1]/C
  -------------------------------------------------------------------    -------------------
    SLICE_X0Y33          FDRE (Prop_fdre_C_Q)         0.419     5.055 r  U0/count_reg[1]/Q
                         net (fo=19, routed)          1.537     6.592    U0/count[1]
    SLICE_X0Y19          LUT6 (Prop_lut6_I2_O)        0.299     6.891 r  U0/Q[6]_i_3/O
                         net (fo=1, routed)           0.000     6.891    U0/Q[6]_i_3_n_0
    SLICE_X0Y19          MUXF7 (Prop_muxf7_I0_O)      0.238     7.129 r  U0/Q_reg[6]_i_1/O
                         net (fo=7, routed)           0.879     8.008    U7/Q_reg[6]_0[0]
    SLICE_X3Y21          FDRE                                         r  U7/Q_reg[3]/R
  -------------------------------------------------------------------    -------------------

                         (clock CLK rise edge)       10.000    10.000 r  
    M18                                               0.000    10.000 r  CLK (IN)
                         net (fo=0)                   0.000    10.000    CLK
    M18                  IBUF (Prop_ibuf_I_O)         0.805    10.805 r  CLK_IBUF_inst/O
                         net (fo=1, routed)           1.868    12.673    CLK_IBUF
    BUFGCTRL_X0Y0        BUFG (Prop_bufg_I_O)         0.091    12.764 r  CLK_IBUF_BUFG_inst/O
                         net (fo=20, routed)          1.507    14.271    U7/CLK_IBUF_BUFG
    SLICE_X3Y21          FDRE                                         r  U7/Q_reg[3]/C
                         clock pessimism              0.322    14.593    
                         clock uncertainty           -0.035    14.558    
    SLICE_X3Y21          FDRE (Setup_fdre_C_R)       -0.603    13.955    U7/Q_reg[3]
  -------------------------------------------------------------------
                         required time                         13.955    
                         arrival time                          -8.008    
  -------------------------------------------------------------------
                         slack                                  5.947    

Slack (MET) :             5.947ns  (required time - arrival time)
  Source:                 U0/count_reg[1]/C
                            (rising edge-triggered cell FDRE clocked by CLK  {rise@0.000ns fall@5.000ns period=10.000ns})
  Destination:            U7/Q_reg[6]/R
                            (rising edge-triggered cell FDRE clocked by CLK  {rise@0.000ns fall@5.000ns period=10.000ns})
  Path Group:             CLK
  Path Type:              Setup (Max at Slow Process Corner)
  Requirement:            10.000ns  (CLK rise@10.000ns - CLK rise@0.000ns)
  Data Path Delay:        3.372ns  (logic 0.956ns (28.352%)  route 2.416ns (71.648%))
  Logic Levels:           2  (LUT6=1 MUXF7=1)
  Clock Path Skew:        -0.043ns (DCD - SCD + CPR)
    Destination Clock Delay (DCD):    4.271ns = ( 14.271 - 10.000 ) 
    Source Clock Delay      (SCD):    4.636ns
    Clock Pessimism Removal (CPR):    0.322ns
  Clock Uncertainty:      0.035ns  ((TSJ^2 + TIJ^2)^1/2 + DJ) / 2 + PE
    Total System Jitter     (TSJ):    0.071ns
    Total Input Jitter      (TIJ):    0.000ns
    Discrete Jitter          (DJ):    0.000ns
    Phase Error              (PE):    0.000ns

    Location             Delay type                Incr(ns)  Path(ns)    Netlist Resource(s)
  -------------------------------------------------------------------    -------------------
                         (clock CLK rise edge)        0.000     0.000 r  
    M18                                               0.000     0.000 r  CLK (IN)
                         net (fo=0)                   0.000     0.000    CLK
    M18                  IBUF (Prop_ibuf_I_O)         0.938     0.938 r  CLK_IBUF_inst/O
                         net (fo=1, routed)           1.972     2.910    CLK_IBUF
    BUFGCTRL_X0Y0        BUFG (Prop_bufg_I_O)         0.096     3.006 r  CLK_IBUF_BUFG_inst/O
                         net (fo=20, routed)          1.630     4.636    U0/CLK_IBUF_BUFG
    SLICE_X0Y33          FDRE                                         r  U0/count_reg[1]/C
  -------------------------------------------------------------------    -------------------
    SLICE_X0Y33          FDRE (Prop_fdre_C_Q)         0.419     5.055 r  U0/count_reg[1]/Q
                         net (fo=19, routed)          1.537     6.592    U0/count[1]
    SLICE_X0Y19          LUT6 (Prop_lut6_I2_O)        0.299     6.891 r  U0/Q[6]_i_3/O
                         net (fo=1, routed)           0.000     6.891    U0/Q[6]_i_3_n_0
    SLICE_X0Y19          MUXF7 (Prop_muxf7_I0_O)      0.238     7.129 r  U0/Q_reg[6]_i_1/O
                         net (fo=7, routed)           0.879     8.008    U7/Q_reg[6]_0[0]
    SLICE_X3Y21          FDRE                                         r  U7/Q_reg[6]/R
  -------------------------------------------------------------------    -------------------

                         (clock CLK rise edge)       10.000    10.000 r  
    M18                                               0.000    10.000 r  CLK (IN)
                         net (fo=0)                   0.000    10.000    CLK
    M18                  IBUF (Prop_ibuf_I_O)         0.805    10.805 r  CLK_IBUF_inst/O
                         net (fo=1, routed)           1.868    12.673    CLK_IBUF
    BUFGCTRL_X0Y0        BUFG (Prop_bufg_I_O)         0.091    12.764 r  CLK_IBUF_BUFG_inst/O
                         net (fo=20, routed)          1.507    14.271    U7/CLK_IBUF_BUFG
    SLICE_X3Y21          FDRE                                         r  U7/Q_reg[6]/C
                         clock pessimism              0.322    14.593    
                         clock uncertainty           -0.035    14.558    
    SLICE_X3Y21          FDRE (Setup_fdre_C_R)       -0.603    13.955    U7/Q_reg[6]
  -------------------------------------------------------------------
                         required time                         13.955    
                         arrival time                          -8.008    
  -------------------------------------------------------------------
                         slack                                  5.947    

Slack (MET) :             5.965ns  (required time - arrival time)
  Source:                 U0/count_reg[0]/C
                            (rising edge-triggered cell FDRE clocked by CLK  {rise@0.000ns fall@5.000ns period=10.000ns})
  Destination:            U7/Q_reg[1]/D
                            (rising edge-triggered cell FDRE clocked by CLK  {rise@0.000ns fall@5.000ns period=10.000ns})
  Path Group:             CLK
  Path Type:              Setup (Max at Slow Process Corner)
  Requirement:            10.000ns  (CLK rise@10.000ns - CLK rise@0.000ns)
  Data Path Delay:        3.984ns  (logic 1.123ns (28.190%)  route 2.861ns (71.810%))
  Logic Levels:           3  (LUT4=1 LUT6=1 MUXF7=1)
  Clock Path Skew:        -0.045ns (DCD - SCD + CPR)
    Destination Clock Delay (DCD):    4.269ns = ( 14.269 - 10.000 ) 
    Source Clock Delay      (SCD):    4.636ns
    Clock Pessimism Removal (CPR):    0.322ns
  Clock Uncertainty:      0.035ns  ((TSJ^2 + TIJ^2)^1/2 + DJ) / 2 + PE
    Total System Jitter     (TSJ):    0.071ns
    Total Input Jitter      (TIJ):    0.000ns
    Discrete Jitter          (DJ):    0.000ns
    Phase Error              (PE):    0.000ns

    Location             Delay type                Incr(ns)  Path(ns)    Netlist Resource(s)
  -------------------------------------------------------------------    -------------------
                         (clock CLK rise edge)        0.000     0.000 r  
    M18                                               0.000     0.000 r  CLK (IN)
                         net (fo=0)                   0.000     0.000    CLK
    M18                  IBUF (Prop_ibuf_I_O)         0.938     0.938 r  CLK_IBUF_inst/O
                         net (fo=1, routed)           1.972     2.910    CLK_IBUF
    BUFGCTRL_X0Y0        BUFG (Prop_bufg_I_O)         0.096     3.006 r  CLK_IBUF_BUFG_inst/O
                         net (fo=20, routed)          1.630     4.636    U0/CLK_IBUF_BUFG
    SLICE_X0Y33          FDRE                                         r  U0/count_reg[0]/C
  -------------------------------------------------------------------    -------------------
    SLICE_X0Y33          FDRE (Prop_fdre_C_Q)         0.456     5.092 r  U0/count_reg[0]/Q
                         net (fo=19, routed)          1.718     6.810    U0/count[0]
    SLICE_X0Y20          LUT6 (Prop_lut6_I4_O)        0.124     6.934 r  U0/Q[4]_i_8/O
                         net (fo=1, routed)           0.000     6.934    U0/Q[4]_i_8_n_0
    SLICE_X0Y20          MUXF7 (Prop_muxf7_I1_O)      0.245     7.179 r  U0/Q_reg[4]_i_3/O
                         net (fo=7, routed)           1.143     8.322    U0/mux_4b_sig[2]
    SLICE_X4Y21          LUT4 (Prop_lut4_I1_O)        0.298     8.620 r  U0/Q[1]_i_1/O
                         net (fo=1, routed)           0.000     8.620    U7/D[0]
    SLICE_X4Y21          FDRE                                         r  U7/Q_reg[1]/D
  -------------------------------------------------------------------    -------------------

                         (clock CLK rise edge)       10.000    10.000 r  
    M18                                               0.000    10.000 r  CLK (IN)
                         net (fo=0)                   0.000    10.000    CLK
    M18                  IBUF (Prop_ibuf_I_O)         0.805    10.805 r  CLK_IBUF_inst/O
                         net (fo=1, routed)           1.868    12.673    CLK_IBUF
    BUFGCTRL_X0Y0        BUFG (Prop_bufg_I_O)         0.091    12.764 r  CLK_IBUF_BUFG_inst/O
                         net (fo=20, routed)          1.505    14.269    U7/CLK_IBUF_BUFG
    SLICE_X4Y21          FDRE                                         r  U7/Q_reg[1]/C
                         clock pessimism              0.322    14.591    
                         clock uncertainty           -0.035    14.556    
    SLICE_X4Y21          FDRE (Setup_fdre_C_D)        0.029    14.585    U7/Q_reg[1]
  -------------------------------------------------------------------
                         required time                         14.585    
                         arrival time                          -8.620    
  -------------------------------------------------------------------
                         slack                                  5.965    

Slack (MET) :             5.983ns  (required time - arrival time)
  Source:                 U0/count_reg[0]/C
                            (rising edge-triggered cell FDRE clocked by CLK  {rise@0.000ns fall@5.000ns period=10.000ns})
  Destination:            U7/Q_reg[2]/D
                            (rising edge-triggered cell FDRE clocked by CLK  {rise@0.000ns fall@5.000ns period=10.000ns})
  Path Group:             CLK
  Path Type:              Setup (Max at Slow Process Corner)
  Requirement:            10.000ns  (CLK rise@10.000ns - CLK rise@0.000ns)
  Data Path Delay:        4.012ns  (logic 1.151ns (28.691%)  route 2.861ns (71.309%))
  Logic Levels:           3  (LUT4=1 LUT6=1 MUXF7=1)
  Clock Path Skew:        -0.045ns (DCD - SCD + CPR)
    Destination Clock Delay (DCD):    4.269ns = ( 14.269 - 10.000 ) 
    Source Clock Delay      (SCD):    4.636ns
    Clock Pessimism Removal (CPR):    0.322ns
  Clock Uncertainty:      0.035ns  ((TSJ^2 + TIJ^2)^1/2 + DJ) / 2 + PE
    Total System Jitter     (TSJ):    0.071ns
    Total Input Jitter      (TIJ):    0.000ns
    Discrete Jitter          (DJ):    0.000ns
    Phase Error              (PE):    0.000ns

    Location             Delay type                Incr(ns)  Path(ns)    Netlist Resource(s)
  -------------------------------------------------------------------    -------------------
                         (clock CLK rise edge)        0.000     0.000 r  
    M18                                               0.000     0.000 r  CLK (IN)
                         net (fo=0)                   0.000     0.000    CLK
    M18                  IBUF (Prop_ibuf_I_O)         0.938     0.938 r  CLK_IBUF_inst/O
                         net (fo=1, routed)           1.972     2.910    CLK_IBUF
    BUFGCTRL_X0Y0        BUFG (Prop_bufg_I_O)         0.096     3.006 r  CLK_IBUF_BUFG_inst/O
                         net (fo=20, routed)          1.630     4.636    U0/CLK_IBUF_BUFG
    SLICE_X0Y33          FDRE                                         r  U0/count_reg[0]/C
  -------------------------------------------------------------------    -------------------
    SLICE_X0Y33          FDRE (Prop_fdre_C_Q)         0.456     5.092 r  U0/count_reg[0]/Q
                         net (fo=19, routed)          1.718     6.810    U0/count[0]
    SLICE_X0Y20          LUT6 (Prop_lut6_I4_O)        0.124     6.934 r  U0/Q[4]_i_8/O
                         net (fo=1, routed)           0.000     6.934    U0/Q[4]_i_8_n_0
    SLICE_X0Y20          MUXF7 (Prop_muxf7_I1_O)      0.245     7.179 r  U0/Q_reg[4]_i_3/O
                         net (fo=7, routed)           1.143     8.322    U0/mux_4b_sig[2]
    SLICE_X4Y21          LUT4 (Prop_lut4_I2_O)        0.326     8.648 r  U0/Q[2]_i_1/O
                         net (fo=1, routed)           0.000     8.648    U7/D[1]
    SLICE_X4Y21          FDRE                                         r  U7/Q_reg[2]/D
  -------------------------------------------------------------------    -------------------

                         (clock CLK rise edge)       10.000    10.000 r  
    M18                                               0.000    10.000 r  CLK (IN)
                         net (fo=0)                   0.000    10.000    CLK
    M18                  IBUF (Prop_ibuf_I_O)         0.805    10.805 r  CLK_IBUF_inst/O
                         net (fo=1, routed)           1.868    12.673    CLK_IBUF
    BUFGCTRL_X0Y0        BUFG (Prop_bufg_I_O)         0.091    12.764 r  CLK_IBUF_BUFG_inst/O
                         net (fo=20, routed)          1.505    14.269    U7/CLK_IBUF_BUFG
    SLICE_X4Y21          FDRE                                         r  U7/Q_reg[2]/C
                         clock pessimism              0.322    14.591    
                         clock uncertainty           -0.035    14.556    
    SLICE_X4Y21          FDRE (Setup_fdre_C_D)        0.075    14.631    U7/Q_reg[2]
  -------------------------------------------------------------------
                         required time                         14.631    
                         arrival time                          -8.648    
  -------------------------------------------------------------------
                         slack                                  5.983    

Slack (MET) :             6.030ns  (required time - arrival time)
  Source:                 U0/count_reg[1]/C
                            (rising edge-triggered cell FDRE clocked by CLK  {rise@0.000ns fall@5.000ns period=10.000ns})
  Destination:            U7/Q_reg[0]/R
                            (rising edge-triggered cell FDRE clocked by CLK  {rise@0.000ns fall@5.000ns period=10.000ns})
  Path Group:             CLK
  Path Type:              Setup (Max at Slow Process Corner)
  Requirement:            10.000ns  (CLK rise@10.000ns - CLK rise@0.000ns)
  Data Path Delay:        3.194ns  (logic 0.956ns (29.929%)  route 2.238ns (70.071%))
  Logic Levels:           2  (LUT6=1 MUXF7=1)
  Clock Path Skew:        -0.042ns (DCD - SCD + CPR)
    Destination Clock Delay (DCD):    4.272ns = ( 14.272 - 10.000 ) 
    Source Clock Delay      (SCD):    4.636ns
    Clock Pessimism Removal (CPR):    0.322ns
  Clock Uncertainty:      0.035ns  ((TSJ^2 + TIJ^2)^1/2 + DJ) / 2 + PE
    Total System Jitter     (TSJ):    0.071ns
    Total Input Jitter      (TIJ):    0.000ns
    Discrete Jitter          (DJ):    0.000ns
    Phase Error              (PE):    0.000ns

    Location             Delay type                Incr(ns)  Path(ns)    Netlist Resource(s)
  -------------------------------------------------------------------    -------------------
                         (clock CLK rise edge)        0.000     0.000 r  
    M18                                               0.000     0.000 r  CLK (IN)
                         net (fo=0)                   0.000     0.000    CLK
    M18                  IBUF (Prop_ibuf_I_O)         0.938     0.938 r  CLK_IBUF_inst/O
                         net (fo=1, routed)           1.972     2.910    CLK_IBUF
    BUFGCTRL_X0Y0        BUFG (Prop_bufg_I_O)         0.096     3.006 r  CLK_IBUF_BUFG_inst/O
                         net (fo=20, routed)          1.630     4.636    U0/CLK_IBUF_BUFG
    SLICE_X0Y33          FDRE                                         r  U0/count_reg[1]/C
  -------------------------------------------------------------------    -------------------
    SLICE_X0Y33          FDRE (Prop_fdre_C_Q)         0.419     5.055 r  U0/count_reg[1]/Q
                         net (fo=19, routed)          1.537     6.592    U0/count[1]
    SLICE_X0Y19          LUT6 (Prop_lut6_I2_O)        0.299     6.891 r  U0/Q[6]_i_3/O
                         net (fo=1, routed)           0.000     6.891    U0/Q[6]_i_3_n_0
    SLICE_X0Y19          MUXF7 (Prop_muxf7_I0_O)      0.238     7.129 r  U0/Q_reg[6]_i_1/O
                         net (fo=7, routed)           0.702     7.830    U7/Q_reg[6]_0[0]
    SLICE_X2Y20          FDRE                                         r  U7/Q_reg[0]/R
  -------------------------------------------------------------------    -------------------

                         (clock CLK rise edge)       10.000    10.000 r  
    M18                                               0.000    10.000 r  CLK (IN)
                         net (fo=0)                   0.000    10.000    CLK
    M18                  IBUF (Prop_ibuf_I_O)         0.805    10.805 r  CLK_IBUF_inst/O
                         net (fo=1, routed)           1.868    12.673    CLK_IBUF
    BUFGCTRL_X0Y0        BUFG (Prop_bufg_I_O)         0.091    12.764 r  CLK_IBUF_BUFG_inst/O
                         net (fo=20, routed)          1.508    14.272    U7/CLK_IBUF_BUFG
    SLICE_X2Y20          FDRE                                         r  U7/Q_reg[0]/C
                         clock pessimism              0.322    14.594    
                         clock uncertainty           -0.035    14.559    
    SLICE_X2Y20          FDRE (Setup_fdre_C_R)       -0.698    13.861    U7/Q_reg[0]
  -------------------------------------------------------------------
                         required time                         13.861    
                         arrival time                          -7.830    
  -------------------------------------------------------------------
                         slack                                  6.030    

Slack (MET) :             6.172ns  (required time - arrival time)
  Source:                 U0/count_reg[1]/C
                            (rising edge-triggered cell FDRE clocked by CLK  {rise@0.000ns fall@5.000ns period=10.000ns})
  Destination:            U7/Q_reg[5]/R
                            (rising edge-triggered cell FDRE clocked by CLK  {rise@0.000ns fall@5.000ns period=10.000ns})
  Path Group:             CLK
  Path Type:              Setup (Max at Slow Process Corner)
  Requirement:            10.000ns  (CLK rise@10.000ns - CLK rise@0.000ns)
  Data Path Delay:        3.146ns  (logic 0.956ns (30.388%)  route 2.190ns (69.612%))
  Logic Levels:           2  (LUT6=1 MUXF7=1)
  Clock Path Skew:        -0.044ns (DCD - SCD + CPR)
    Destination Clock Delay (DCD):    4.270ns = ( 14.270 - 10.000 ) 
    Source Clock Delay      (SCD):    4.636ns
    Clock Pessimism Removal (CPR):    0.322ns
  Clock Uncertainty:      0.035ns  ((TSJ^2 + TIJ^2)^1/2 + DJ) / 2 + PE
    Total System Jitter     (TSJ):    0.071ns
    Total Input Jitter      (TIJ):    0.000ns
    Discrete Jitter          (DJ):    0.000ns
    Phase Error              (PE):    0.000ns

    Location             Delay type                Incr(ns)  Path(ns)    Netlist Resource(s)
  -------------------------------------------------------------------    -------------------
                         (clock CLK rise edge)        0.000     0.000 r  
    M18                                               0.000     0.000 r  CLK (IN)
                         net (fo=0)                   0.000     0.000    CLK
    M18                  IBUF (Prop_ibuf_I_O)         0.938     0.938 r  CLK_IBUF_inst/O
                         net (fo=1, routed)           1.972     2.910    CLK_IBUF
    BUFGCTRL_X0Y0        BUFG (Prop_bufg_I_O)         0.096     3.006 r  CLK_IBUF_BUFG_inst/O
                         net (fo=20, routed)          1.630     4.636    U0/CLK_IBUF_BUFG
    SLICE_X0Y33          FDRE                                         r  U0/count_reg[1]/C
  -------------------------------------------------------------------    -------------------
    SLICE_X0Y33          FDRE (Prop_fdre_C_Q)         0.419     5.055 r  U0/count_reg[1]/Q
                         net (fo=19, routed)          1.537     6.592    U0/count[1]
    SLICE_X0Y19          LUT6 (Prop_lut6_I2_O)        0.299     6.891 r  U0/Q[6]_i_3/O
                         net (fo=1, routed)           0.000     6.891    U0/Q[6]_i_3_n_0
    SLICE_X0Y19          MUXF7 (Prop_muxf7_I0_O)      0.238     7.129 r  U0/Q_reg[6]_i_1/O
                         net (fo=7, routed)           0.653     7.782    U7/Q_reg[6]_0[0]
    SLICE_X4Y20          FDRE                                         r  U7/Q_reg[5]/R
  -------------------------------------------------------------------    -------------------

                         (clock CLK rise edge)       10.000    10.000 r  
    M18                                               0.000    10.000 r  CLK (IN)
                         net (fo=0)                   0.000    10.000    CLK
    M18                  IBUF (Prop_ibuf_I_O)         0.805    10.805 r  CLK_IBUF_inst/O
                         net (fo=1, routed)           1.868    12.673    CLK_IBUF
    BUFGCTRL_X0Y0        BUFG (Prop_bufg_I_O)         0.091    12.764 r  CLK_IBUF_BUFG_inst/O
                         net (fo=20, routed)          1.506    14.270    U7/CLK_IBUF_BUFG
    SLICE_X4Y20          FDRE                                         r  U7/Q_reg[5]/C
                         clock pessimism              0.322    14.592    
                         clock uncertainty           -0.035    14.557    
    SLICE_X4Y20          FDRE (Setup_fdre_C_R)       -0.603    13.954    U7/Q_reg[5]
  -------------------------------------------------------------------
                         required time                         13.954    
                         arrival time                          -7.782    
  -------------------------------------------------------------------
                         slack                                  6.172    

Slack (MET) :             6.197ns  (required time - arrival time)
  Source:                 U0/count_reg[1]/C
                            (rising edge-triggered cell FDRE clocked by CLK  {rise@0.000ns fall@5.000ns period=10.000ns})
  Destination:            U7/Q_reg[5]/D
                            (rising edge-triggered cell FDRE clocked by CLK  {rise@0.000ns fall@5.000ns period=10.000ns})
  Path Group:             CLK
  Path Type:              Setup (Max at Slow Process Corner)
  Requirement:            10.000ns  (CLK rise@10.000ns - CLK rise@0.000ns)
  Data Path Delay:        3.753ns  (logic 1.229ns (32.748%)  route 2.524ns (67.252%))
  Logic Levels:           3  (LUT3=1 LUT6=1 MUXF7=1)
  Clock Path Skew:        -0.044ns (DCD - SCD + CPR)
    Destination Clock Delay (DCD):    4.270ns = ( 14.270 - 10.000 ) 
    Source Clock Delay      (SCD):    4.636ns
    Clock Pessimism Removal (CPR):    0.322ns
  Clock Uncertainty:      0.035ns  ((TSJ^2 + TIJ^2)^1/2 + DJ) / 2 + PE
    Total System Jitter     (TSJ):    0.071ns
    Total Input Jitter      (TIJ):    0.000ns
    Discrete Jitter          (DJ):    0.000ns
    Phase Error              (PE):    0.000ns

    Location             Delay type                Incr(ns)  Path(ns)    Netlist Resource(s)
  -------------------------------------------------------------------    -------------------
                         (clock CLK rise edge)        0.000     0.000 r  
    M18                                               0.000     0.000 r  CLK (IN)
                         net (fo=0)                   0.000     0.000    CLK
    M18                  IBUF (Prop_ibuf_I_O)         0.938     0.938 r  CLK_IBUF_inst/O
                         net (fo=1, routed)           1.972     2.910    CLK_IBUF
    BUFGCTRL_X0Y0        BUFG (Prop_bufg_I_O)         0.096     3.006 r  CLK_IBUF_BUFG_inst/O
                         net (fo=20, routed)          1.630     4.636    U0/CLK_IBUF_BUFG
    SLICE_X0Y33          FDRE                                         r  U0/count_reg[1]/C
  -------------------------------------------------------------------    -------------------
    SLICE_X0Y33          FDRE (Prop_fdre_C_Q)         0.419     5.055 r  U0/count_reg[1]/Q
                         net (fo=19, routed)          1.709     6.764    U0/count[1]
    SLICE_X0Y19          LUT6 (Prop_lut6_I2_O)        0.299     7.063 r  U0/Q[4]_i_9/O
                         net (fo=1, routed)           0.000     7.063    U0/Q[4]_i_9_n_0
    SLICE_X0Y19          MUXF7 (Prop_muxf7_I0_O)      0.212     7.275 r  U0/Q_reg[4]_i_4/O
                         net (fo=7, routed)           0.815     8.090    U0/mux_4b_sig[1]
    SLICE_X4Y20          LUT3 (Prop_lut3_I0_O)        0.299     8.389 r  U0/Q[5]_i_1/O
                         net (fo=1, routed)           0.000     8.389    U7/Q_reg[5]_0
    SLICE_X4Y20          FDRE                                         r  U7/Q_reg[5]/D
  -------------------------------------------------------------------    -------------------

                         (clock CLK rise edge)       10.000    10.000 r  
    M18                                               0.000    10.000 r  CLK (IN)
                         net (fo=0)                   0.000    10.000    CLK
    M18                  IBUF (Prop_ibuf_I_O)         0.805    10.805 r  CLK_IBUF_inst/O
                         net (fo=1, routed)           1.868    12.673    CLK_IBUF
    BUFGCTRL_X0Y0        BUFG (Prop_bufg_I_O)         0.091    12.764 r  CLK_IBUF_BUFG_inst/O
                         net (fo=20, routed)          1.506    14.270    U7/CLK_IBUF_BUFG
    SLICE_X4Y20          FDRE                                         r  U7/Q_reg[5]/C
                         clock pessimism              0.322    14.592    
                         clock uncertainty           -0.035    14.557    
    SLICE_X4Y20          FDRE (Setup_fdre_C_D)        0.029    14.586    U7/Q_reg[5]
  -------------------------------------------------------------------
                         required time                         14.586    
                         arrival time                          -8.389    
  -------------------------------------------------------------------
                         slack                                  6.197    

Slack (MET) :             6.314ns  (required time - arrival time)
  Source:                 U0/count_reg[0]/C
                            (rising edge-triggered cell FDRE clocked by CLK  {rise@0.000ns fall@5.000ns period=10.000ns})
  Destination:            U7/Q_reg[0]/D
                            (rising edge-triggered cell FDRE clocked by CLK  {rise@0.000ns fall@5.000ns period=10.000ns})
  Path Group:             CLK
  Path Type:              Setup (Max at Slow Process Corner)
  Requirement:            10.000ns  (CLK rise@10.000ns - CLK rise@0.000ns)
  Data Path Delay:        3.686ns  (logic 1.123ns (30.469%)  route 2.563ns (69.531%))
  Logic Levels:           3  (LUT3=1 LUT6=1 MUXF7=1)
  Clock Path Skew:        -0.042ns (DCD - SCD + CPR)
    Destination Clock Delay (DCD):    4.272ns = ( 14.272 - 10.000 ) 
    Source Clock Delay      (SCD):    4.636ns
    Clock Pessimism Removal (CPR):    0.322ns
  Clock Uncertainty:      0.035ns  ((TSJ^2 + TIJ^2)^1/2 + DJ) / 2 + PE
    Total System Jitter     (TSJ):    0.071ns
    Total Input Jitter      (TIJ):    0.000ns
    Discrete Jitter          (DJ):    0.000ns
    Phase Error              (PE):    0.000ns

    Location             Delay type                Incr(ns)  Path(ns)    Netlist Resource(s)
  -------------------------------------------------------------------    -------------------
                         (clock CLK rise edge)        0.000     0.000 r  
    M18                                               0.000     0.000 r  CLK (IN)
                         net (fo=0)                   0.000     0.000    CLK
    M18                  IBUF (Prop_ibuf_I_O)         0.938     0.938 r  CLK_IBUF_inst/O
                         net (fo=1, routed)           1.972     2.910    CLK_IBUF
    BUFGCTRL_X0Y0        BUFG (Prop_bufg_I_O)         0.096     3.006 r  CLK_IBUF_BUFG_inst/O
                         net (fo=20, routed)          1.630     4.636    U0/CLK_IBUF_BUFG
    SLICE_X0Y33          FDRE                                         r  U0/count_reg[0]/C
  -------------------------------------------------------------------    -------------------
    SLICE_X0Y33          FDRE (Prop_fdre_C_Q)         0.456     5.092 r  U0/count_reg[0]/Q
                         net (fo=19, routed)          1.718     6.810    U0/count[0]
    SLICE_X0Y20          LUT6 (Prop_lut6_I4_O)        0.124     6.934 r  U0/Q[4]_i_8/O
                         net (fo=1, routed)           0.000     6.934    U0/Q[4]_i_8_n_0
    SLICE_X0Y20          MUXF7 (Prop_muxf7_I1_O)      0.245     7.179 r  U0/Q_reg[4]_i_3/O
                         net (fo=7, routed)           0.845     8.024    U0/mux_4b_sig[2]
    SLICE_X2Y20          LUT3 (Prop_lut3_I0_O)        0.298     8.322 r  U0/Q[0]_i_1__0/O
                         net (fo=1, routed)           0.000     8.322    U7/Q_reg[0]_0
    SLICE_X2Y20          FDRE                                         r  U7/Q_reg[0]/D
  -------------------------------------------------------------------    -------------------

                         (clock CLK rise edge)       10.000    10.000 r  
    M18                                               0.000    10.000 r  CLK (IN)
                         net (fo=0)                   0.000    10.000    CLK
    M18                  IBUF (Prop_ibuf_I_O)         0.805    10.805 r  CLK_IBUF_inst/O
                         net (fo=1, routed)           1.868    12.673    CLK_IBUF
    BUFGCTRL_X0Y0        BUFG (Prop_bufg_I_O)         0.091    12.764 r  CLK_IBUF_BUFG_inst/O
                         net (fo=20, routed)          1.508    14.272    U7/CLK_IBUF_BUFG
    SLICE_X2Y20          FDRE                                         r  U7/Q_reg[0]/C
                         clock pessimism              0.322    14.594    
                         clock uncertainty           -0.035    14.559    
    SLICE_X2Y20          FDRE (Setup_fdre_C_D)        0.077    14.636    U7/Q_reg[0]
  -------------------------------------------------------------------
                         required time                         14.636    
                         arrival time                          -8.322    
  -------------------------------------------------------------------
                         slack                                  6.314    

Slack (MET) :             6.402ns  (required time - arrival time)
  Source:                 U0/count_reg[1]/C
                            (rising edge-triggered cell FDRE clocked by CLK  {rise@0.000ns fall@5.000ns period=10.000ns})
  Destination:            U7/Q_reg[3]/D
                            (rising edge-triggered cell FDRE clocked by CLK  {rise@0.000ns fall@5.000ns period=10.000ns})
  Path Group:             CLK
  Path Type:              Setup (Max at Slow Process Corner)
  Requirement:            10.000ns  (CLK rise@10.000ns - CLK rise@0.000ns)
  Data Path Delay:        3.548ns  (logic 1.234ns (34.778%)  route 2.314ns (65.222%))
  Logic Levels:           3  (LUT3=1 LUT6=1 MUXF7=1)
  Clock Path Skew:        -0.043ns (DCD - SCD + CPR)
    Destination Clock Delay (DCD):    4.271ns = ( 14.271 - 10.000 ) 
    Source Clock Delay      (SCD):    4.636ns
    Clock Pessimism Removal (CPR):    0.322ns
  Clock Uncertainty:      0.035ns  ((TSJ^2 + TIJ^2)^1/2 + DJ) / 2 + PE
    Total System Jitter     (TSJ):    0.071ns
    Total Input Jitter      (TIJ):    0.000ns
    Discrete Jitter          (DJ):    0.000ns
    Phase Error              (PE):    0.000ns

    Location             Delay type                Incr(ns)  Path(ns)    Netlist Resource(s)
  -------------------------------------------------------------------    -------------------
                         (clock CLK rise edge)        0.000     0.000 r  
    M18                                               0.000     0.000 r  CLK (IN)
                         net (fo=0)                   0.000     0.000    CLK
    M18                  IBUF (Prop_ibuf_I_O)         0.938     0.938 r  CLK_IBUF_inst/O
                         net (fo=1, routed)           1.972     2.910    CLK_IBUF
    BUFGCTRL_X0Y0        BUFG (Prop_bufg_I_O)         0.096     3.006 r  CLK_IBUF_BUFG_inst/O
                         net (fo=20, routed)          1.630     4.636    U0/CLK_IBUF_BUFG
    SLICE_X0Y33          FDRE                                         r  U0/count_reg[1]/C
  -------------------------------------------------------------------    -------------------
    SLICE_X0Y33          FDRE (Prop_fdre_C_Q)         0.419     5.055 r  U0/count_reg[1]/Q
                         net (fo=19, routed)          1.567     6.622    U0/count[1]
    SLICE_X0Y20          LUT6 (Prop_lut6_I2_O)        0.299     6.921 r  U0/Q[4]_i_6/O
                         net (fo=1, routed)           0.000     6.921    U0/Q[4]_i_6_n_0
    SLICE_X0Y20          MUXF7 (Prop_muxf7_I1_O)      0.217     7.138 r  U0/Q_reg[4]_i_2/O
                         net (fo=7, routed)           0.747     7.885    U0/mux_4b_sig[0]
    SLICE_X3Y21          LUT3 (Prop_lut3_I0_O)        0.299     8.184 r  U0/Q[3]_i_1/O
                         net (fo=1, routed)           0.000     8.184    U7/Q_reg[3]_0
    SLICE_X3Y21          FDRE                                         r  U7/Q_reg[3]/D
  -------------------------------------------------------------------    -------------------

                         (clock CLK rise edge)       10.000    10.000 r  
    M18                                               0.000    10.000 r  CLK (IN)
                         net (fo=0)                   0.000    10.000    CLK
    M18                  IBUF (Prop_ibuf_I_O)         0.805    10.805 r  CLK_IBUF_inst/O
                         net (fo=1, routed)           1.868    12.673    CLK_IBUF
    BUFGCTRL_X0Y0        BUFG (Prop_bufg_I_O)         0.091    12.764 r  CLK_IBUF_BUFG_inst/O
                         net (fo=20, routed)          1.507    14.271    U7/CLK_IBUF_BUFG
    SLICE_X3Y21          FDRE                                         r  U7/Q_reg[3]/C
                         clock pessimism              0.322    14.593    
                         clock uncertainty           -0.035    14.558    
    SLICE_X3Y21          FDRE (Setup_fdre_C_D)        0.029    14.587    U7/Q_reg[3]
  -------------------------------------------------------------------
                         required time                         14.587    
                         arrival time                          -8.184    
  -------------------------------------------------------------------
                         slack                                  6.402    





Min Delay Paths
--------------------------------------------------------------------------------------
Slack (MET) :             0.267ns  (arrival time - required time)
  Source:                 U0/count_reg[2]/C
                            (rising edge-triggered cell FDRE clocked by CLK  {rise@0.000ns fall@5.000ns period=10.000ns})
  Destination:            U2/Q_reg[6]/D
                            (rising edge-triggered cell FDSE clocked by CLK  {rise@0.000ns fall@5.000ns period=10.000ns})
  Path Group:             CLK
  Path Type:              Hold (Min at Fast Process Corner)
  Requirement:            0.000ns  (CLK rise@0.000ns - CLK rise@0.000ns)
  Data Path Delay:        0.372ns  (logic 0.186ns (50.049%)  route 0.186ns (49.951%))
  Logic Levels:           1  (LUT2=1)
  Clock Path Skew:        0.013ns (DCD - SCD - CPR)
    Destination Clock Delay (DCD):    1.932ns
    Source Clock Delay      (SCD):    1.417ns
    Clock Pessimism Removal (CPR):    0.502ns

    Location             Delay type                Incr(ns)  Path(ns)    Netlist Resource(s)
  -------------------------------------------------------------------    -------------------
                         (clock CLK rise edge)        0.000     0.000 r  
    M18                                               0.000     0.000 r  CLK (IN)
                         net (fo=0)                   0.000     0.000    CLK
    M18                  IBUF (Prop_ibuf_I_O)         0.167     0.167 r  CLK_IBUF_inst/O
                         net (fo=1, routed)           0.634     0.801    CLK_IBUF
    BUFGCTRL_X0Y0        BUFG (Prop_bufg_I_O)         0.026     0.827 r  CLK_IBUF_BUFG_inst/O
                         net (fo=20, routed)          0.590     1.417    U0/CLK_IBUF_BUFG
    SLICE_X0Y33          FDRE                                         r  U0/count_reg[2]/C
  -------------------------------------------------------------------    -------------------
    SLICE_X0Y33          FDRE (Prop_fdre_C_Q)         0.141     1.558 f  U0/count_reg[2]/Q
                         net (fo=13, routed)          0.186     1.743    U0/count[2]
    SLICE_X1Y33          LUT2 (Prop_lut2_I0_O)        0.045     1.788 r  U0/Q[6]_i_1/O
                         net (fo=1, routed)           0.000     1.788    U2/Q_reg[6]_0
    SLICE_X1Y33          FDSE                                         r  U2/Q_reg[6]/D
  -------------------------------------------------------------------    -------------------

                         (clock CLK rise edge)        0.000     0.000 r  
    M18                                               0.000     0.000 r  CLK (IN)
                         net (fo=0)                   0.000     0.000    CLK
    M18                  IBUF (Prop_ibuf_I_O)         0.356     0.356 r  CLK_IBUF_inst/O
                         net (fo=1, routed)           0.689     1.044    CLK_IBUF
    BUFGCTRL_X0Y0        BUFG (Prop_bufg_I_O)         0.029     1.073 r  CLK_IBUF_BUFG_inst/O
                         net (fo=20, routed)          0.859     1.932    U2/CLK_IBUF_BUFG
    SLICE_X1Y33          FDSE                                         r  U2/Q_reg[6]/C
                         clock pessimism             -0.502     1.430    
    SLICE_X1Y33          FDSE (Hold_fdse_C_D)         0.092     1.522    U2/Q_reg[6]
  -------------------------------------------------------------------
                         required time                         -1.522    
                         arrival time                           1.788    
  -------------------------------------------------------------------
                         slack                                  0.267    

Slack (MET) :             0.285ns  (arrival time - required time)
  Source:                 U0/count_reg[0]/C
                            (rising edge-triggered cell FDRE clocked by CLK  {rise@0.000ns fall@5.000ns period=10.000ns})
  Destination:            U7/Q_reg[7]/D
                            (rising edge-triggered cell FDRE clocked by CLK  {rise@0.000ns fall@5.000ns period=10.000ns})
  Path Group:             CLK
  Path Type:              Hold (Min at Fast Process Corner)
  Requirement:            0.000ns  (CLK rise@0.000ns - CLK rise@0.000ns)
  Data Path Delay:        0.392ns  (logic 0.184ns (46.920%)  route 0.208ns (53.080%))
  Logic Levels:           1  (LUT4=1)
  Clock Path Skew:        0.000ns (DCD - SCD - CPR)
    Destination Clock Delay (DCD):    1.932ns
    Source Clock Delay      (SCD):    1.417ns
    Clock Pessimism Removal (CPR):    0.515ns

    Location             Delay type                Incr(ns)  Path(ns)    Netlist Resource(s)
  -------------------------------------------------------------------    -------------------
                         (clock CLK rise edge)        0.000     0.000 r  
    M18                                               0.000     0.000 r  CLK (IN)
                         net (fo=0)                   0.000     0.000    CLK
    M18                  IBUF (Prop_ibuf_I_O)         0.167     0.167 r  CLK_IBUF_inst/O
                         net (fo=1, routed)           0.634     0.801    CLK_IBUF
    BUFGCTRL_X0Y0        BUFG (Prop_bufg_I_O)         0.026     0.827 r  CLK_IBUF_BUFG_inst/O
                         net (fo=20, routed)          0.590     1.417    U0/CLK_IBUF_BUFG
    SLICE_X0Y33          FDRE                                         r  U0/count_reg[0]/C
  -------------------------------------------------------------------    -------------------
    SLICE_X0Y33          FDRE (Prop_fdre_C_Q)         0.141     1.558 r  U0/count_reg[0]/Q
                         net (fo=19, routed)          0.208     1.766    U0/count[0]
    SLICE_X0Y33          LUT4 (Prop_lut4_I3_O)        0.043     1.809 r  U0/Q[7]_i_1/O
                         net (fo=1, routed)           0.000     1.809    U7/D[3]
    SLICE_X0Y33          FDRE                                         r  U7/Q_reg[7]/D
  -------------------------------------------------------------------    -------------------

                         (clock CLK rise edge)        0.000     0.000 r  
    M18                                               0.000     0.000 r  CLK (IN)
                         net (fo=0)                   0.000     0.000    CLK
    M18                  IBUF (Prop_ibuf_I_O)         0.356     0.356 r  CLK_IBUF_inst/O
                         net (fo=1, routed)           0.689     1.044    CLK_IBUF
    BUFGCTRL_X0Y0        BUFG (Prop_bufg_I_O)         0.029     1.073 r  CLK_IBUF_BUFG_inst/O
                         net (fo=20, routed)          0.859     1.932    U7/CLK_IBUF_BUFG
    SLICE_X0Y33          FDRE                                         r  U7/Q_reg[7]/C
                         clock pessimism             -0.515     1.417    
    SLICE_X0Y33          FDRE (Hold_fdre_C_D)         0.107     1.524    U7/Q_reg[7]
  -------------------------------------------------------------------
                         required time                         -1.524    
                         arrival time                           1.809    
  -------------------------------------------------------------------
                         slack                                  0.285    

Slack (MET) :             0.295ns  (arrival time - required time)
  Source:                 U0/count_reg[0]/C
                            (rising edge-triggered cell FDRE clocked by CLK  {rise@0.000ns fall@5.000ns period=10.000ns})
  Destination:            U0/count_reg[1]/D
                            (rising edge-triggered cell FDRE clocked by CLK  {rise@0.000ns fall@5.000ns period=10.000ns})
  Path Group:             CLK
  Path Type:              Hold (Min at Fast Process Corner)
  Requirement:            0.000ns  (CLK rise@0.000ns - CLK rise@0.000ns)
  Data Path Delay:        0.402ns  (logic 0.183ns (45.514%)  route 0.219ns (54.486%))
  Logic Levels:           1  (LUT3=1)
  Clock Path Skew:        0.000ns (DCD - SCD - CPR)
    Destination Clock Delay (DCD):    1.932ns
    Source Clock Delay      (SCD):    1.417ns
    Clock Pessimism Removal (CPR):    0.515ns

    Location             Delay type                Incr(ns)  Path(ns)    Netlist Resource(s)
  -------------------------------------------------------------------    -------------------
                         (clock CLK rise edge)        0.000     0.000 r  
    M18                                               0.000     0.000 r  CLK (IN)
                         net (fo=0)                   0.000     0.000    CLK
    M18                  IBUF (Prop_ibuf_I_O)         0.167     0.167 r  CLK_IBUF_inst/O
                         net (fo=1, routed)           0.634     0.801    CLK_IBUF
    BUFGCTRL_X0Y0        BUFG (Prop_bufg_I_O)         0.026     0.827 r  CLK_IBUF_BUFG_inst/O
                         net (fo=20, routed)          0.590     1.417    U0/CLK_IBUF_BUFG
    SLICE_X0Y33          FDRE                                         r  U0/count_reg[0]/C
  -------------------------------------------------------------------    -------------------
    SLICE_X0Y33          FDRE (Prop_fdre_C_Q)         0.141     1.558 r  U0/count_reg[0]/Q
                         net (fo=19, routed)          0.219     1.777    U0/count[0]
    SLICE_X0Y33          LUT3 (Prop_lut3_I0_O)        0.042     1.819 r  U0/count[1]_i_1/O
                         net (fo=1, routed)           0.000     1.819    U0/count[1]_i_1_n_0
    SLICE_X0Y33          FDRE                                         r  U0/count_reg[1]/D
  -------------------------------------------------------------------    -------------------

                         (clock CLK rise edge)        0.000     0.000 r  
    M18                                               0.000     0.000 r  CLK (IN)
                         net (fo=0)                   0.000     0.000    CLK
    M18                  IBUF (Prop_ibuf_I_O)         0.356     0.356 r  CLK_IBUF_inst/O
                         net (fo=1, routed)           0.689     1.044    CLK_IBUF
    BUFGCTRL_X0Y0        BUFG (Prop_bufg_I_O)         0.029     1.073 r  CLK_IBUF_BUFG_inst/O
                         net (fo=20, routed)          0.859     1.932    U0/CLK_IBUF_BUFG
    SLICE_X0Y33          FDRE                                         r  U0/count_reg[1]/C
                         clock pessimism             -0.515     1.417    
    SLICE_X0Y33          FDRE (Hold_fdre_C_D)         0.107     1.524    U0/count_reg[1]
  -------------------------------------------------------------------
                         required time                         -1.524    
                         arrival time                           1.819    
  -------------------------------------------------------------------
                         slack                                  0.295    

Slack (MET) :             0.302ns  (arrival time - required time)
  Source:                 U0/count_reg[0]/C
                            (rising edge-triggered cell FDRE clocked by CLK  {rise@0.000ns fall@5.000ns period=10.000ns})
  Destination:            U0/count_reg[2]/D
                            (rising edge-triggered cell FDRE clocked by CLK  {rise@0.000ns fall@5.000ns period=10.000ns})
  Path Group:             CLK
  Path Type:              Hold (Min at Fast Process Corner)
  Requirement:            0.000ns  (CLK rise@0.000ns - CLK rise@0.000ns)
  Data Path Delay:        0.394ns  (logic 0.186ns (47.189%)  route 0.208ns (52.811%))
  Logic Levels:           1  (LUT4=1)
  Clock Path Skew:        0.000ns (DCD - SCD - CPR)
    Destination Clock Delay (DCD):    1.932ns
    Source Clock Delay      (SCD):    1.417ns
    Clock Pessimism Removal (CPR):    0.515ns

    Location             Delay type                Incr(ns)  Path(ns)    Netlist Resource(s)
  -------------------------------------------------------------------    -------------------
                         (clock CLK rise edge)        0.000     0.000 r  
    M18                                               0.000     0.000 r  CLK (IN)
                         net (fo=0)                   0.000     0.000    CLK
    M18                  IBUF (Prop_ibuf_I_O)         0.167     0.167 r  CLK_IBUF_inst/O
                         net (fo=1, routed)           0.634     0.801    CLK_IBUF
    BUFGCTRL_X0Y0        BUFG (Prop_bufg_I_O)         0.026     0.827 r  CLK_IBUF_BUFG_inst/O
                         net (fo=20, routed)          0.590     1.417    U0/CLK_IBUF_BUFG
    SLICE_X0Y33          FDRE                                         r  U0/count_reg[0]/C
  -------------------------------------------------------------------    -------------------
    SLICE_X0Y33          FDRE (Prop_fdre_C_Q)         0.141     1.558 r  U0/count_reg[0]/Q
                         net (fo=19, routed)          0.208     1.766    U0/count[0]
    SLICE_X0Y33          LUT4 (Prop_lut4_I1_O)        0.045     1.811 r  U0/count[2]_i_1/O
                         net (fo=1, routed)           0.000     1.811    U0/count[2]_i_1_n_0
    SLICE_X0Y33          FDRE                                         r  U0/count_reg[2]/D
  -------------------------------------------------------------------    -------------------

                         (clock CLK rise edge)        0.000     0.000 r  
    M18                                               0.000     0.000 r  CLK (IN)
                         net (fo=0)                   0.000     0.000    CLK
    M18                  IBUF (Prop_ibuf_I_O)         0.356     0.356 r  CLK_IBUF_inst/O
                         net (fo=1, routed)           0.689     1.044    CLK_IBUF
    BUFGCTRL_X0Y0        BUFG (Prop_bufg_I_O)         0.029     1.073 r  CLK_IBUF_BUFG_inst/O
                         net (fo=20, routed)          0.859     1.932    U0/CLK_IBUF_BUFG
    SLICE_X0Y33          FDRE                                         r  U0/count_reg[2]/C
                         clock pessimism             -0.515     1.417    
    SLICE_X0Y33          FDRE (Hold_fdre_C_D)         0.092     1.509    U0/count_reg[2]
  -------------------------------------------------------------------
                         required time                         -1.509    
                         arrival time                           1.811    
  -------------------------------------------------------------------
                         slack                                  0.302    

Slack (MET) :             0.314ns  (arrival time - required time)
  Source:                 U0/count_reg[0]/C
                            (rising edge-triggered cell FDRE clocked by CLK  {rise@0.000ns fall@5.000ns period=10.000ns})
  Destination:            U0/count_reg[0]/D
                            (rising edge-triggered cell FDRE clocked by CLK  {rise@0.000ns fall@5.000ns period=10.000ns})
  Path Group:             CLK
  Path Type:              Hold (Min at Fast Process Corner)
  Requirement:            0.000ns  (CLK rise@0.000ns - CLK rise@0.000ns)
  Data Path Delay:        0.405ns  (logic 0.186ns (45.917%)  route 0.219ns (54.083%))
  Logic Levels:           1  (LUT2=1)
  Clock Path Skew:        0.000ns (DCD - SCD - CPR)
    Destination Clock Delay (DCD):    1.932ns
    Source Clock Delay      (SCD):    1.417ns
    Clock Pessimism Removal (CPR):    0.515ns

    Location             Delay type                Incr(ns)  Path(ns)    Netlist Resource(s)
  -------------------------------------------------------------------    -------------------
                         (clock CLK rise edge)        0.000     0.000 r  
    M18                                               0.000     0.000 r  CLK (IN)
                         net (fo=0)                   0.000     0.000    CLK
    M18                  IBUF (Prop_ibuf_I_O)         0.167     0.167 r  CLK_IBUF_inst/O
                         net (fo=1, routed)           0.634     0.801    CLK_IBUF
    BUFGCTRL_X0Y0        BUFG (Prop_bufg_I_O)         0.026     0.827 r  CLK_IBUF_BUFG_inst/O
                         net (fo=20, routed)          0.590     1.417    U0/CLK_IBUF_BUFG
    SLICE_X0Y33          FDRE                                         r  U0/count_reg[0]/C
  -------------------------------------------------------------------    -------------------
    SLICE_X0Y33          FDRE (Prop_fdre_C_Q)         0.141     1.558 r  U0/count_reg[0]/Q
                         net (fo=19, routed)          0.219     1.777    U0/count[0]
    SLICE_X0Y33          LUT2 (Prop_lut2_I1_O)        0.045     1.822 r  U0/count[0]_i_1/O
                         net (fo=1, routed)           0.000     1.822    U0/count[0]_i_1_n_0
    SLICE_X0Y33          FDRE                                         r  U0/count_reg[0]/D
  -------------------------------------------------------------------    -------------------

                         (clock CLK rise edge)        0.000     0.000 r  
    M18                                               0.000     0.000 r  CLK (IN)
                         net (fo=0)                   0.000     0.000    CLK
    M18                  IBUF (Prop_ibuf_I_O)         0.356     0.356 r  CLK_IBUF_inst/O
                         net (fo=1, routed)           0.689     1.044    CLK_IBUF
    BUFGCTRL_X0Y0        BUFG (Prop_bufg_I_O)         0.029     1.073 r  CLK_IBUF_BUFG_inst/O
                         net (fo=20, routed)          0.859     1.932    U0/CLK_IBUF_BUFG
    SLICE_X0Y33          FDRE                                         r  U0/count_reg[0]/C
                         clock pessimism             -0.515     1.417    
    SLICE_X0Y33          FDRE (Hold_fdre_C_D)         0.091     1.508    U0/count_reg[0]
  -------------------------------------------------------------------
                         required time                         -1.508    
                         arrival time                           1.822    
  -------------------------------------------------------------------
                         slack                                  0.314    

Slack (MET) :             0.316ns  (arrival time - required time)
  Source:                 U0/count_reg[2]/C
                            (rising edge-triggered cell FDRE clocked by CLK  {rise@0.000ns fall@5.000ns period=10.000ns})
  Destination:            U2/Q_reg[4]/D
                            (rising edge-triggered cell FDSE clocked by CLK  {rise@0.000ns fall@5.000ns period=10.000ns})
  Path Group:             CLK
  Path Type:              Hold (Min at Fast Process Corner)
  Requirement:            0.000ns  (CLK rise@0.000ns - CLK rise@0.000ns)
  Data Path Delay:        0.436ns  (logic 0.187ns (42.929%)  route 0.249ns (57.071%))
  Logic Levels:           1  (LUT2=1)
  Clock Path Skew:        0.013ns (DCD - SCD - CPR)
    Destination Clock Delay (DCD):    1.931ns
    Source Clock Delay      (SCD):    1.417ns
    Clock Pessimism Removal (CPR):    0.501ns

    Location             Delay type                Incr(ns)  Path(ns)    Netlist Resource(s)
  -------------------------------------------------------------------    -------------------
                         (clock CLK rise edge)        0.000     0.000 r  
    M18                                               0.000     0.000 r  CLK (IN)
                         net (fo=0)                   0.000     0.000    CLK
    M18                  IBUF (Prop_ibuf_I_O)         0.167     0.167 r  CLK_IBUF_inst/O
                         net (fo=1, routed)           0.634     0.801    CLK_IBUF
    BUFGCTRL_X0Y0        BUFG (Prop_bufg_I_O)         0.026     0.827 r  CLK_IBUF_BUFG_inst/O
                         net (fo=20, routed)          0.590     1.417    U0/CLK_IBUF_BUFG
    SLICE_X0Y33          FDRE                                         r  U0/count_reg[2]/C
  -------------------------------------------------------------------    -------------------
    SLICE_X0Y33          FDRE (Prop_fdre_C_Q)         0.141     1.558 f  U0/count_reg[2]/Q
                         net (fo=13, routed)          0.249     1.806    U0/count[2]
    SLICE_X1Y32          LUT2 (Prop_lut2_I1_O)        0.046     1.852 r  U0/Q[4]_i_1__0/O
                         net (fo=1, routed)           0.000     1.852    U2/Q_reg[4]_0
    SLICE_X1Y32          FDSE                                         r  U2/Q_reg[4]/D
  -------------------------------------------------------------------    -------------------

                         (clock CLK rise edge)        0.000     0.000 r  
    M18                                               0.000     0.000 r  CLK (IN)
                         net (fo=0)                   0.000     0.000    CLK
    M18                  IBUF (Prop_ibuf_I_O)         0.356     0.356 r  CLK_IBUF_inst/O
                         net (fo=1, routed)           0.689     1.044    CLK_IBUF
    BUFGCTRL_X0Y0        BUFG (Prop_bufg_I_O)         0.029     1.073 r  CLK_IBUF_BUFG_inst/O
                         net (fo=20, routed)          0.858     1.931    U2/CLK_IBUF_BUFG
    SLICE_X1Y32          FDSE                                         r  U2/Q_reg[4]/C
                         clock pessimism             -0.501     1.430    
    SLICE_X1Y32          FDSE (Hold_fdse_C_D)         0.107     1.537    U2/Q_reg[4]
  -------------------------------------------------------------------
                         required time                         -1.537    
                         arrival time                           1.852    
  -------------------------------------------------------------------
                         slack                                  0.316    

Slack (MET) :             0.331ns  (arrival time - required time)
  Source:                 U0/count_reg[2]/C
                            (rising edge-triggered cell FDRE clocked by CLK  {rise@0.000ns fall@5.000ns period=10.000ns})
  Destination:            U2/Q_reg[1]/D
                            (rising edge-triggered cell FDSE clocked by CLK  {rise@0.000ns fall@5.000ns period=10.000ns})
  Path Group:             CLK
  Path Type:              Hold (Min at Fast Process Corner)
  Requirement:            0.000ns  (CLK rise@0.000ns - CLK rise@0.000ns)
  Data Path Delay:        0.435ns  (logic 0.186ns (42.798%)  route 0.249ns (57.202%))
  Logic Levels:           1  (LUT2=1)
  Clock Path Skew:        0.013ns (DCD - SCD - CPR)
    Destination Clock Delay (DCD):    1.931ns
    Source Clock Delay      (SCD):    1.417ns
    Clock Pessimism Removal (CPR):    0.501ns

    Location             Delay type                Incr(ns)  Path(ns)    Netlist Resource(s)
  -------------------------------------------------------------------    -------------------
                         (clock CLK rise edge)        0.000     0.000 r  
    M18                                               0.000     0.000 r  CLK (IN)
                         net (fo=0)                   0.000     0.000    CLK
    M18                  IBUF (Prop_ibuf_I_O)         0.167     0.167 r  CLK_IBUF_inst/O
                         net (fo=1, routed)           0.634     0.801    CLK_IBUF
    BUFGCTRL_X0Y0        BUFG (Prop_bufg_I_O)         0.026     0.827 r  CLK_IBUF_BUFG_inst/O
                         net (fo=20, routed)          0.590     1.417    U0/CLK_IBUF_BUFG
    SLICE_X0Y33          FDRE                                         r  U0/count_reg[2]/C
  -------------------------------------------------------------------    -------------------
    SLICE_X0Y33          FDRE (Prop_fdre_C_Q)         0.141     1.558 r  U0/count_reg[2]/Q
                         net (fo=13, routed)          0.249     1.806    U0/count[2]
    SLICE_X1Y32          LUT2 (Prop_lut2_I0_O)        0.045     1.851 r  U0/Q[1]_i_1__0/O
                         net (fo=1, routed)           0.000     1.851    U2/Q_reg[1]_0
    SLICE_X1Y32          FDSE                                         r  U2/Q_reg[1]/D
  -------------------------------------------------------------------    -------------------

                         (clock CLK rise edge)        0.000     0.000 r  
    M18                                               0.000     0.000 r  CLK (IN)
                         net (fo=0)                   0.000     0.000    CLK
    M18                  IBUF (Prop_ibuf_I_O)         0.356     0.356 r  CLK_IBUF_inst/O
                         net (fo=1, routed)           0.689     1.044    CLK_IBUF
    BUFGCTRL_X0Y0        BUFG (Prop_bufg_I_O)         0.029     1.073 r  CLK_IBUF_BUFG_inst/O
                         net (fo=20, routed)          0.858     1.931    U2/CLK_IBUF_BUFG
    SLICE_X1Y32          FDSE                                         r  U2/Q_reg[1]/C
                         clock pessimism             -0.501     1.430    
    SLICE_X1Y32          FDSE (Hold_fdse_C_D)         0.091     1.521    U2/Q_reg[1]
  -------------------------------------------------------------------
                         required time                         -1.521    
                         arrival time                           1.851    
  -------------------------------------------------------------------
                         slack                                  0.331    

Slack (MET) :             0.335ns  (arrival time - required time)
  Source:                 U3/Q_reg/C
                            (rising edge-triggered cell FDRE clocked by CLK  {rise@0.000ns fall@5.000ns period=10.000ns})
  Destination:            U3/Q_reg/D
                            (rising edge-triggered cell FDRE clocked by CLK  {rise@0.000ns fall@5.000ns period=10.000ns})
  Path Group:             CLK
  Path Type:              Hold (Min at Fast Process Corner)
  Requirement:            0.000ns  (CLK rise@0.000ns - CLK rise@0.000ns)
  Data Path Delay:        0.427ns  (logic 0.186ns (43.536%)  route 0.241ns (56.464%))
  Logic Levels:           1  (LUT2=1)
  Clock Path Skew:        0.000ns (DCD - SCD - CPR)
    Destination Clock Delay (DCD):    1.932ns
    Source Clock Delay      (SCD):    1.417ns
    Clock Pessimism Removal (CPR):    0.515ns

    Location             Delay type                Incr(ns)  Path(ns)    Netlist Resource(s)
  -------------------------------------------------------------------    -------------------
                         (clock CLK rise edge)        0.000     0.000 r  
    M18                                               0.000     0.000 r  CLK (IN)
                         net (fo=0)                   0.000     0.000    CLK
    M18                  IBUF (Prop_ibuf_I_O)         0.167     0.167 r  CLK_IBUF_inst/O
                         net (fo=1, routed)           0.634     0.801    CLK_IBUF
    BUFGCTRL_X0Y0        BUFG (Prop_bufg_I_O)         0.026     0.827 r  CLK_IBUF_BUFG_inst/O
                         net (fo=20, routed)          0.590     1.417    U3/CLK_IBUF_BUFG
    SLICE_X0Y33          FDRE                                         r  U3/Q_reg/C
  -------------------------------------------------------------------    -------------------
    SLICE_X0Y33          FDRE (Prop_fdre_C_Q)         0.141     1.558 r  U3/Q_reg/Q
                         net (fo=2, routed)           0.241     1.799    U3/Q
    SLICE_X0Y33          LUT2 (Prop_lut2_I1_O)        0.045     1.844 r  U3/Q_i_1/O
                         net (fo=1, routed)           0.000     1.844    U3/Q_i_1_n_0
    SLICE_X0Y33          FDRE                                         r  U3/Q_reg/D
  -------------------------------------------------------------------    -------------------

                         (clock CLK rise edge)        0.000     0.000 r  
    M18                                               0.000     0.000 r  CLK (IN)
                         net (fo=0)                   0.000     0.000    CLK
    M18                  IBUF (Prop_ibuf_I_O)         0.356     0.356 r  CLK_IBUF_inst/O
                         net (fo=1, routed)           0.689     1.044    CLK_IBUF
    BUFGCTRL_X0Y0        BUFG (Prop_bufg_I_O)         0.029     1.073 r  CLK_IBUF_BUFG_inst/O
                         net (fo=20, routed)          0.859     1.932    U3/CLK_IBUF_BUFG
    SLICE_X0Y33          FDRE                                         r  U3/Q_reg/C
                         clock pessimism             -0.515     1.417    
    SLICE_X0Y33          FDRE (Hold_fdre_C_D)         0.092     1.509    U3/Q_reg
  -------------------------------------------------------------------
                         required time                         -1.509    
                         arrival time                           1.844    
  -------------------------------------------------------------------
                         slack                                  0.335    

Slack (MET) :             0.368ns  (arrival time - required time)
  Source:                 U0/count_reg[0]/C
                            (rising edge-triggered cell FDRE clocked by CLK  {rise@0.000ns fall@5.000ns period=10.000ns})
  Destination:            U2/Q_reg[6]/S
                            (rising edge-triggered cell FDSE clocked by CLK  {rise@0.000ns fall@5.000ns period=10.000ns})
  Path Group:             CLK
  Path Type:              Hold (Min at Fast Process Corner)
  Requirement:            0.000ns  (CLK rise@0.000ns - CLK rise@0.000ns)
  Data Path Delay:        0.363ns  (logic 0.141ns (38.796%)  route 0.222ns (61.204%))
  Logic Levels:           0  
  Clock Path Skew:        0.013ns (DCD - SCD - CPR)
    Destination Clock Delay (DCD):    1.932ns
    Source Clock Delay      (SCD):    1.417ns
    Clock Pessimism Removal (CPR):    0.502ns

    Location             Delay type                Incr(ns)  Path(ns)    Netlist Resource(s)
  -------------------------------------------------------------------    -------------------
                         (clock CLK rise edge)        0.000     0.000 r  
    M18                                               0.000     0.000 r  CLK (IN)
                         net (fo=0)                   0.000     0.000    CLK
    M18                  IBUF (Prop_ibuf_I_O)         0.167     0.167 r  CLK_IBUF_inst/O
                         net (fo=1, routed)           0.634     0.801    CLK_IBUF
    BUFGCTRL_X0Y0        BUFG (Prop_bufg_I_O)         0.026     0.827 r  CLK_IBUF_BUFG_inst/O
                         net (fo=20, routed)          0.590     1.417    U0/CLK_IBUF_BUFG
    SLICE_X0Y33          FDRE                                         r  U0/count_reg[0]/C
  -------------------------------------------------------------------    -------------------
    SLICE_X0Y33          FDRE (Prop_fdre_C_Q)         0.141     1.558 r  U0/count_reg[0]/Q
                         net (fo=19, routed)          0.222     1.780    U2/count[0]
    SLICE_X1Y33          FDSE                                         r  U2/Q_reg[6]/S
  -------------------------------------------------------------------    -------------------

                         (clock CLK rise edge)        0.000     0.000 r  
    M18                                               0.000     0.000 r  CLK (IN)
                         net (fo=0)                   0.000     0.000    CLK
    M18                  IBUF (Prop_ibuf_I_O)         0.356     0.356 r  CLK_IBUF_inst/O
                         net (fo=1, routed)           0.689     1.044    CLK_IBUF
    BUFGCTRL_X0Y0        BUFG (Prop_bufg_I_O)         0.029     1.073 r  CLK_IBUF_BUFG_inst/O
                         net (fo=20, routed)          0.859     1.932    U2/CLK_IBUF_BUFG
    SLICE_X1Y33          FDSE                                         r  U2/Q_reg[6]/C
                         clock pessimism             -0.502     1.430    
    SLICE_X1Y33          FDSE (Hold_fdse_C_S)        -0.018     1.412    U2/Q_reg[6]
  -------------------------------------------------------------------
                         required time                         -1.412    
                         arrival time                           1.780    
  -------------------------------------------------------------------
                         slack                                  0.368    

Slack (MET) :             0.413ns  (arrival time - required time)
  Source:                 U0/count_reg[0]/C
                            (rising edge-triggered cell FDRE clocked by CLK  {rise@0.000ns fall@5.000ns period=10.000ns})
  Destination:            U2/Q_reg[7]/D
                            (rising edge-triggered cell FDSE clocked by CLK  {rise@0.000ns fall@5.000ns period=10.000ns})
  Path Group:             CLK
  Path Type:              Hold (Min at Fast Process Corner)
  Requirement:            0.000ns  (CLK rise@0.000ns - CLK rise@0.000ns)
  Data Path Delay:        0.499ns  (logic 0.186ns (37.248%)  route 0.313ns (62.752%))
  Logic Levels:           1  (LUT2=1)
  Clock Path Skew:        0.016ns (DCD - SCD - CPR)
    Destination Clock Delay (DCD):    1.934ns
    Source Clock Delay      (SCD):    1.417ns
    Clock Pessimism Removal (CPR):    0.501ns

    Location             Delay type                Incr(ns)  Path(ns)    Netlist Resource(s)
  -------------------------------------------------------------------    -------------------
                         (clock CLK rise edge)        0.000     0.000 r  
    M18                                               0.000     0.000 r  CLK (IN)
                         net (fo=0)                   0.000     0.000    CLK
    M18                  IBUF (Prop_ibuf_I_O)         0.167     0.167 r  CLK_IBUF_inst/O
                         net (fo=1, routed)           0.634     0.801    CLK_IBUF
    BUFGCTRL_X0Y0        BUFG (Prop_bufg_I_O)         0.026     0.827 r  CLK_IBUF_BUFG_inst/O
                         net (fo=20, routed)          0.590     1.417    U0/CLK_IBUF_BUFG
    SLICE_X0Y33          FDRE                                         r  U0/count_reg[0]/C
  -------------------------------------------------------------------    -------------------
    SLICE_X0Y33          FDRE (Prop_fdre_C_Q)         0.141     1.558 f  U0/count_reg[0]/Q
                         net (fo=19, routed)          0.132     1.690    U0/count[0]
    SLICE_X1Y33          LUT2 (Prop_lut2_I0_O)        0.045     1.735 r  U0/Q[5]_i_1__0/O
                         net (fo=2, routed)           0.181     1.916    U2/Q_reg[5]_0
    SLICE_X1Y36          FDSE                                         r  U2/Q_reg[7]/D
  -------------------------------------------------------------------    -------------------

                         (clock CLK rise edge)        0.000     0.000 r  
    M18                                               0.000     0.000 r  CLK (IN)
                         net (fo=0)                   0.000     0.000    CLK
    M18                  IBUF (Prop_ibuf_I_O)         0.356     0.356 r  CLK_IBUF_inst/O
                         net (fo=1, routed)           0.689     1.044    CLK_IBUF
    BUFGCTRL_X0Y0        BUFG (Prop_bufg_I_O)         0.029     1.073 r  CLK_IBUF_BUFG_inst/O
                         net (fo=20, routed)          0.861     1.934    U2/CLK_IBUF_BUFG
    SLICE_X1Y36          FDSE                                         r  U2/Q_reg[7]/C
                         clock pessimism             -0.501     1.433    
    SLICE_X1Y36          FDSE (Hold_fdse_C_D)         0.070     1.503    U2/Q_reg[7]
  -------------------------------------------------------------------
                         required time                         -1.503    
                         arrival time                           1.916    
  -------------------------------------------------------------------
                         slack                                  0.413    





Pulse Width Checks
--------------------------------------------------------------------------------------
Clock Name:         CLK
Waveform(ns):       { 0.000 5.000 }
Period(ns):         10.000
Sources:            { CLK }

Check Type        Corner  Lib Pin  Reference Pin  Required(ns)  Actual(ns)  Slack(ns)  Location       Pin
Min Period        n/a     BUFG/I   n/a            2.155         10.000      7.845      BUFGCTRL_X0Y0  CLK_IBUF_BUFG_inst/I
Min Period        n/a     FDRE/C   n/a            1.000         10.000      9.000      SLICE_X0Y33    U0/count_reg[0]/C
Min Period        n/a     FDRE/C   n/a            1.000         10.000      9.000      SLICE_X0Y33    U0/count_reg[1]/C
Min Period        n/a     FDRE/C   n/a            1.000         10.000      9.000      SLICE_X0Y33    U0/count_reg[2]/C
Min Period        n/a     FDSE/C   n/a            1.000         10.000      9.000      SLICE_X1Y32    U2/Q_reg[0]/C
Min Period        n/a     FDSE/C   n/a            1.000         10.000      9.000      SLICE_X1Y32    U2/Q_reg[1]/C
Min Period        n/a     FDSE/C   n/a            1.000         10.000      9.000      SLICE_X1Y27    U2/Q_reg[2]/C
Min Period        n/a     FDSE/C   n/a            1.000         10.000      9.000      SLICE_X1Y27    U2/Q_reg[3]/C
Min Period        n/a     FDSE/C   n/a            1.000         10.000      9.000      SLICE_X1Y32    U2/Q_reg[4]/C
Min Period        n/a     FDSE/C   n/a            1.000         10.000      9.000      SLICE_X2Y36    U2/Q_reg[5]/C
Low Pulse Width   Slow    FDRE/C   n/a            0.500         5.000       4.500      SLICE_X0Y33    U0/count_reg[0]/C
Low Pulse Width   Fast    FDRE/C   n/a            0.500         5.000       4.500      SLICE_X0Y33    U0/count_reg[0]/C
Low Pulse Width   Slow    FDRE/C   n/a            0.500         5.000       4.500      SLICE_X0Y33    U0/count_reg[1]/C
Low Pulse Width   Fast    FDRE/C   n/a            0.500         5.000       4.500      SLICE_X0Y33    U0/count_reg[1]/C
Low Pulse Width   Slow    FDRE/C   n/a            0.500         5.000       4.500      SLICE_X0Y33    U0/count_reg[2]/C
Low Pulse Width   Fast    FDRE/C   n/a            0.500         5.000       4.500      SLICE_X0Y33    U0/count_reg[2]/C
Low Pulse Width   Slow    FDSE/C   n/a            0.500         5.000       4.500      SLICE_X1Y32    U2/Q_reg[0]/C
Low Pulse Width   Fast    FDSE/C   n/a            0.500         5.000       4.500      SLICE_X1Y32    U2/Q_reg[0]/C
Low Pulse Width   Slow    FDSE/C   n/a            0.500         5.000       4.500      SLICE_X1Y32    U2/Q_reg[1]/C
Low Pulse Width   Fast    FDSE/C   n/a            0.500         5.000       4.500      SLICE_X1Y32    U2/Q_reg[1]/C
High Pulse Width  Slow    FDRE/C   n/a            0.500         5.000       4.500      SLICE_X0Y33    U0/count_reg[0]/C
High Pulse Width  Fast    FDRE/C   n/a            0.500         5.000       4.500      SLICE_X0Y33    U0/count_reg[0]/C
High Pulse Width  Slow    FDRE/C   n/a            0.500         5.000       4.500      SLICE_X0Y33    U0/count_reg[1]/C
High Pulse Width  Fast    FDRE/C   n/a            0.500         5.000       4.500      SLICE_X0Y33    U0/count_reg[1]/C
High Pulse Width  Slow    FDRE/C   n/a            0.500         5.000       4.500      SLICE_X0Y33    U0/count_reg[2]/C
High Pulse Width  Fast    FDRE/C   n/a            0.500         5.000       4.500      SLICE_X0Y33    U0/count_reg[2]/C
High Pulse Width  Slow    FDSE/C   n/a            0.500         5.000       4.500      SLICE_X1Y32    U2/Q_reg[0]/C
High Pulse Width  Fast    FDSE/C   n/a            0.500         5.000       4.500      SLICE_X1Y32    U2/Q_reg[0]/C
High Pulse Width  Slow    FDSE/C   n/a            0.500         5.000       4.500      SLICE_X1Y32    U2/Q_reg[1]/C
High Pulse Width  Fast    FDSE/C   n/a            0.500         5.000       4.500      SLICE_X1Y32    U2/Q_reg[1]/C



---------------------------------------------------------------------------------------------------
From Clock:  CE_1s
  To Clock:  CLK

Setup :            0  Failing Endpoints,  Worst Slack        8.343ns,  Total Violation        0.000ns
Hold  :            0  Failing Endpoints,  Worst Slack        0.180ns,  Total Violation        0.000ns
---------------------------------------------------------------------------------------------------


Max Delay Paths
--------------------------------------------------------------------------------------
Slack (MET) :             8.343ns  (required time - arrival time)
  Source:                 CE_1s
                            (clock source 'CE_1s'  {rise@0.000ns fall@500.000ns period=1000.000ns})
  Destination:            U3/Q_reg/D
                            (rising edge-triggered cell FDRE clocked by CLK  {rise@0.000ns fall@5.000ns period=10.000ns})
  Path Group:             CLK
  Path Type:              Setup (Max at Slow Process Corner)
  Requirement:            10.000ns  (CLK rise@10.000ns - CE_1s rise@0.000ns)
  Data Path Delay:        5.929ns  (logic 1.058ns (17.838%)  route 4.871ns (82.162%))
  Logic Levels:           2  (IBUF=1 LUT2=1)
  Clock Path Skew:        4.276ns (DCD - SCD + CPR)
    Destination Clock Delay (DCD):    4.276ns = ( 14.276 - 10.000 ) 
    Source Clock Delay      (SCD):    0.000ns
    Clock Pessimism Removal (CPR):    0.000ns
  Clock Uncertainty:      0.035ns  ((TSJ^2 + TIJ^2)^1/2 + DJ) / 2 + PE
    Total System Jitter     (TSJ):    0.071ns
    Total Input Jitter      (TIJ):    0.000ns
    Discrete Jitter          (DJ):    0.000ns
    Phase Error              (PE):    0.000ns
  Clock Domain Crossing:  Inter clock paths are considered valid unless explicitly excluded by timing constraints such as set_clock_groups or set_false_path.

    Location             Delay type                Incr(ns)  Path(ns)    Netlist Resource(s)
  -------------------------------------------------------------------    -------------------
                         (clock CE_1s rise edge)      0.000     0.000 r  
    L18                                               0.000     0.000 r  CE_1s (IN)
                         net (fo=0)                   0.000     0.000    CE_1s
    L18                  IBUF (Prop_ibuf_I_O)         0.934     0.934 r  CE_1s_IBUF_inst/O
                         net (fo=1, routed)           4.871     5.805    U3/CE_1s_IBUF
    SLICE_X0Y33          LUT2 (Prop_lut2_I0_O)        0.124     5.929 r  U3/Q_i_1/O
                         net (fo=1, routed)           0.000     5.929    U3/Q_i_1_n_0
    SLICE_X0Y33          FDRE                                         r  U3/Q_reg/D
  -------------------------------------------------------------------    -------------------

                         (clock CLK rise edge)       10.000    10.000 r  
    M18                                               0.000    10.000 r  CLK (IN)
                         net (fo=0)                   0.000    10.000    CLK
    M18                  IBUF (Prop_ibuf_I_O)         0.805    10.805 r  CLK_IBUF_inst/O
                         net (fo=1, routed)           1.868    12.673    CLK_IBUF
    BUFGCTRL_X0Y0        BUFG (Prop_bufg_I_O)         0.091    12.764 r  CLK_IBUF_BUFG_inst/O
                         net (fo=20, routed)          1.512    14.276    U3/CLK_IBUF_BUFG
    SLICE_X0Y33          FDRE                                         r  U3/Q_reg/C
                         clock pessimism              0.000    14.276    
                         clock uncertainty           -0.035    14.241    
    SLICE_X0Y33          FDRE (Setup_fdre_C_D)        0.031    14.272    U3/Q_reg
  -------------------------------------------------------------------
                         required time                         14.272    
                         arrival time                          -5.929    
  -------------------------------------------------------------------
                         slack                                  8.343    





Min Delay Paths
--------------------------------------------------------------------------------------
Slack (MET) :             0.180ns  (arrival time - required time)
  Source:                 CE_1s
                            (clock source 'CE_1s'  {rise@0.000ns fall@500.000ns period=1000.000ns})
  Destination:            U3/Q_reg/D
                            (rising edge-triggered cell FDRE clocked by CLK  {rise@0.000ns fall@5.000ns period=10.000ns})
  Path Group:             CLK
  Path Type:              Hold (Min at Slow Process Corner)
  Requirement:            0.000ns  (CLK rise@500.000ns - CE_1s fall@500.000ns)
  Data Path Delay:        5.121ns  (logic 0.900ns (17.579%)  route 4.221ns (82.421%))
  Logic Levels:           2  (IBUF=1 LUT2=1)
  Clock Path Skew:        4.636ns (DCD - SCD - CPR)
    Destination Clock Delay (DCD):    4.636ns = ( 504.636 - 500.000 ) 
    Source Clock Delay      (SCD):    0.000ns = ( 500.000 - 500.000 ) 
    Clock Pessimism Removal (CPR):    -0.000ns
  Clock Uncertainty:      0.035ns  ((TSJ^2 + TIJ^2)^1/2 + DJ) / 2 + PE
    Total System Jitter     (TSJ):    0.071ns
    Total Input Jitter      (TIJ):    0.000ns
    Discrete Jitter          (DJ):    0.000ns
    Phase Error              (PE):    0.000ns
  Clock Domain Crossing:  Inter clock paths are considered valid unless explicitly excluded by timing constraints such as set_clock_groups or set_false_path.

    Location             Delay type                Incr(ns)  Path(ns)    Netlist Resource(s)
  -------------------------------------------------------------------    -------------------
                         (clock CE_1s fall edge)    500.000   500.000 f  
    L18                                               0.000   500.000 f  CE_1s (IN)
                         net (fo=0)                   0.000   500.000    CE_1s
    L18                  IBUF (Prop_ibuf_I_O)         0.800   500.800 f  CE_1s_IBUF_inst/O
                         net (fo=1, routed)           4.221   505.022    U3/CE_1s_IBUF
    SLICE_X0Y33          LUT2 (Prop_lut2_I0_O)        0.100   505.122 r  U3/Q_i_1/O
                         net (fo=1, routed)           0.000   505.122    U3/Q_i_1_n_0
    SLICE_X0Y33          FDRE                                         r  U3/Q_reg/D
  -------------------------------------------------------------------    -------------------

                         (clock CLK rise edge)      500.000   500.000 r  
    M18                                               0.000   500.000 r  CLK (IN)
                         net (fo=0)                   0.000   500.000    CLK
    M18                  IBUF (Prop_ibuf_I_O)         0.938   500.938 r  CLK_IBUF_inst/O
                         net (fo=1, routed)           1.972   502.910    CLK_IBUF
    BUFGCTRL_X0Y0        BUFG (Prop_bufg_I_O)         0.096   503.006 r  CLK_IBUF_BUFG_inst/O
                         net (fo=20, routed)          1.630   504.636    U3/CLK_IBUF_BUFG
    SLICE_X0Y33          FDRE                                         r  U3/Q_reg/C
                         clock pessimism              0.000   504.636    
                         clock uncertainty            0.035   504.671    
    SLICE_X0Y33          FDRE (Hold_fdre_C_D)         0.270   504.941    U3/Q_reg
  -------------------------------------------------------------------
                         required time                       -504.941    
                         arrival time                         505.121    
  -------------------------------------------------------------------
                         slack                                  0.180    





--------------------------------------------------------------------------------------
Path Group:  (none)
From Clock:  CLK
  To Clock:  

Max Delay            16 Endpoints
Min Delay            16 Endpoints
--------------------------------------------------------------------------------------


Max Delay Paths
--------------------------------------------------------------------------------------
Slack:                    inf
  Source:                 U7/Q_reg[6]/C
                            (rising edge-triggered cell FDRE clocked by CLK  {rise@0.000ns fall@5.000ns period=10.000ns})
  Destination:            LEDS[6]
                            (output port)
  Path Group:             (none)
  Path Type:              Max at Slow Process Corner
  Data Path Delay:        7.955ns  (logic 4.125ns (51.863%)  route 3.829ns (48.137%))
  Logic Levels:           1  (OBUF=1)
  Clock Uncertainty:      0.025ns  ((TSJ^2 + TIJ^2)^1/2 + DJ) / 2 + PE
    Total System Jitter     (TSJ):    0.050ns
    Total Input Jitter      (TIJ):    0.000ns
    Discrete Jitter          (DJ):    0.000ns
    Phase Error              (PE):    0.000ns

    Location             Delay type                Incr(ns)  Path(ns)    Netlist Resource(s)
  -------------------------------------------------------------------    -------------------
                         (clock CLK rise edge)        0.000     0.000 r  
    M18                                               0.000     0.000 r  CLK (IN)
                         net (fo=0)                   0.000     0.000    CLK
    M18                  IBUF (Prop_ibuf_I_O)         0.938     0.938 r  CLK_IBUF_inst/O
                         net (fo=1, routed)           1.972     2.910    CLK_IBUF
    BUFGCTRL_X0Y0        BUFG (Prop_bufg_I_O)         0.096     3.006 r  CLK_IBUF_BUFG_inst/O
                         net (fo=20, routed)          1.624     4.630    U7/CLK_IBUF_BUFG
    SLICE_X3Y21          FDRE                                         r  U7/Q_reg[6]/C
  -------------------------------------------------------------------    -------------------
    SLICE_X3Y21          FDRE (Prop_fdre_C_Q)         0.419     5.049 r  U7/Q_reg[6]/Q
                         net (fo=1, routed)           3.829     8.878    LEDS_OBUF[6]
    U7                   OBUF (Prop_obuf_I_O)         3.706    12.585 r  LEDS_OBUF[6]_inst/O
                         net (fo=0)                   0.000    12.585    LEDS[6]
    U7                                                                r  LEDS[6] (OUT)
  -------------------------------------------------------------------    -------------------

Slack:                    inf
  Source:                 U2/Q_reg[7]/C
                            (rising edge-triggered cell FDSE clocked by CLK  {rise@0.000ns fall@5.000ns period=10.000ns})
  Destination:            AN[7]
                            (output port)
  Path Group:             (none)
  Path Type:              Max at Slow Process Corner
  Data Path Delay:        7.822ns  (logic 3.059ns (39.104%)  route 4.763ns (60.896%))
  Logic Levels:           1  (OBUF=1)
  Clock Uncertainty:      0.025ns  ((TSJ^2 + TIJ^2)^1/2 + DJ) / 2 + PE
    Total System Jitter     (TSJ):    0.050ns
    Total Input Jitter      (TIJ):    0.000ns
    Discrete Jitter          (DJ):    0.000ns
    Phase Error              (PE):    0.000ns

    Location             Delay type                Incr(ns)  Path(ns)    Netlist Resource(s)
  -------------------------------------------------------------------    -------------------
                         (clock CLK rise edge)        0.000     0.000 r  
    M18                                               0.000     0.000 r  CLK (IN)
                         net (fo=0)                   0.000     0.000    CLK
    M18                  IBUF (Prop_ibuf_I_O)         0.938     0.938 r  CLK_IBUF_inst/O
                         net (fo=1, routed)           1.972     2.910    CLK_IBUF
    BUFGCTRL_X0Y0        BUFG (Prop_bufg_I_O)         0.096     3.006 r  CLK_IBUF_BUFG_inst/O
                         net (fo=20, routed)          1.633     4.639    U2/CLK_IBUF_BUFG
    SLICE_X1Y36          FDSE                                         r  U2/Q_reg[7]/C
  -------------------------------------------------------------------    -------------------
    SLICE_X1Y36          FDSE (Prop_fdse_C_Q)         0.456     5.095 r  U2/Q_reg[7]/Q
                         net (fo=1, routed)           4.763     9.858    AN_OBUF[7]
    N1                   OBUF (Prop_obuf_I_O)         2.603    12.461 r  AN_OBUF[7]_inst/O
                         net (fo=0)                   0.000    12.461    AN[7]
    N1                                                                r  AN[7] (OUT)
  -------------------------------------------------------------------    -------------------

Slack:                    inf
  Source:                 U2/Q_reg[5]/C
                            (rising edge-triggered cell FDSE clocked by CLK  {rise@0.000ns fall@5.000ns period=10.000ns})
  Destination:            AN[5]
                            (output port)
  Path Group:             (none)
  Path Type:              Max at Slow Process Corner
  Data Path Delay:        7.759ns  (logic 3.129ns (40.327%)  route 4.630ns (59.673%))
  Logic Levels:           1  (OBUF=1)
  Clock Uncertainty:      0.025ns  ((TSJ^2 + TIJ^2)^1/2 + DJ) / 2 + PE
    Total System Jitter     (TSJ):    0.050ns
    Total Input Jitter      (TIJ):    0.000ns
    Discrete Jitter          (DJ):    0.000ns
    Phase Error              (PE):    0.000ns

    Location             Delay type                Incr(ns)  Path(ns)    Netlist Resource(s)
  -------------------------------------------------------------------    -------------------
                         (clock CLK rise edge)        0.000     0.000 r  
    M18                                               0.000     0.000 r  CLK (IN)
                         net (fo=0)                   0.000     0.000    CLK
    M18                  IBUF (Prop_ibuf_I_O)         0.938     0.938 r  CLK_IBUF_inst/O
                         net (fo=1, routed)           1.972     2.910    CLK_IBUF
    BUFGCTRL_X0Y0        BUFG (Prop_bufg_I_O)         0.096     3.006 r  CLK_IBUF_BUFG_inst/O
                         net (fo=20, routed)          1.633     4.639    U2/CLK_IBUF_BUFG
    SLICE_X2Y36          FDSE                                         r  U2/Q_reg[5]/C
  -------------------------------------------------------------------    -------------------
    SLICE_X2Y36          FDSE (Prop_fdse_C_Q)         0.518     5.157 r  U2/Q_reg[5]/Q
                         net (fo=1, routed)           4.630     9.787    AN_OBUF[5]
    P3                   OBUF (Prop_obuf_I_O)         2.611    12.398 r  AN_OBUF[5]_inst/O
                         net (fo=0)                   0.000    12.398    AN[5]
    P3                                                                r  AN[5] (OUT)
  -------------------------------------------------------------------    -------------------

Slack:                    inf
  Source:                 U2/Q_reg[3]/C
                            (rising edge-triggered cell FDSE clocked by CLK  {rise@0.000ns fall@5.000ns period=10.000ns})
  Destination:            AN[3]
                            (output port)
  Path Group:             (none)
  Path Type:              Max at Slow Process Corner
  Data Path Delay:        7.705ns  (logic 4.104ns (53.271%)  route 3.600ns (46.729%))
  Logic Levels:           1  (OBUF=1)
  Clock Uncertainty:      0.025ns  ((TSJ^2 + TIJ^2)^1/2 + DJ) / 2 + PE
    Total System Jitter     (TSJ):    0.050ns
    Total Input Jitter      (TIJ):    0.000ns
    Discrete Jitter          (DJ):    0.000ns
    Phase Error              (PE):    0.000ns

    Location             Delay type                Incr(ns)  Path(ns)    Netlist Resource(s)
  -------------------------------------------------------------------    -------------------
                         (clock CLK rise edge)        0.000     0.000 r  
    M18                                               0.000     0.000 r  CLK (IN)
                         net (fo=0)                   0.000     0.000    CLK
    M18                  IBUF (Prop_ibuf_I_O)         0.938     0.938 r  CLK_IBUF_inst/O
                         net (fo=1, routed)           1.972     2.910    CLK_IBUF
    BUFGCTRL_X0Y0        BUFG (Prop_bufg_I_O)         0.096     3.006 r  CLK_IBUF_BUFG_inst/O
                         net (fo=20, routed)          1.621     4.627    U2/CLK_IBUF_BUFG
    SLICE_X1Y27          FDSE                                         r  U2/Q_reg[3]/C
  -------------------------------------------------------------------    -------------------
    SLICE_X1Y27          FDSE (Prop_fdse_C_Q)         0.419     5.046 r  U2/Q_reg[3]/Q
                         net (fo=1, routed)           3.600     8.646    AN_OBUF[3]
    W4                   OBUF (Prop_obuf_I_O)         3.685    12.332 r  AN_OBUF[3]_inst/O
                         net (fo=0)                   0.000    12.332    AN[3]
    W4                                                                r  AN[3] (OUT)
  -------------------------------------------------------------------    -------------------

Slack:                    inf
  Source:                 U2/Q_reg[6]/C
                            (rising edge-triggered cell FDSE clocked by CLK  {rise@0.000ns fall@5.000ns period=10.000ns})
  Destination:            AN[6]
                            (output port)
  Path Group:             (none)
  Path Type:              Max at Slow Process Corner
  Data Path Delay:        7.667ns  (logic 3.056ns (39.863%)  route 4.611ns (60.137%))
  Logic Levels:           1  (OBUF=1)
  Clock Uncertainty:      0.025ns  ((TSJ^2 + TIJ^2)^1/2 + DJ) / 2 + PE
    Total System Jitter     (TSJ):    0.050ns
    Total Input Jitter      (TIJ):    0.000ns
    Discrete Jitter          (DJ):    0.000ns
    Phase Error              (PE):    0.000ns

    Location             Delay type                Incr(ns)  Path(ns)    Netlist Resource(s)
  -------------------------------------------------------------------    -------------------
                         (clock CLK rise edge)        0.000     0.000 r  
    M18                                               0.000     0.000 r  CLK (IN)
                         net (fo=0)                   0.000     0.000    CLK
    M18                  IBUF (Prop_ibuf_I_O)         0.938     0.938 r  CLK_IBUF_inst/O
                         net (fo=1, routed)           1.972     2.910    CLK_IBUF
    BUFGCTRL_X0Y0        BUFG (Prop_bufg_I_O)         0.096     3.006 r  CLK_IBUF_BUFG_inst/O
                         net (fo=20, routed)          1.630     4.636    U2/CLK_IBUF_BUFG
    SLICE_X1Y33          FDSE                                         r  U2/Q_reg[6]/C
  -------------------------------------------------------------------    -------------------
    SLICE_X1Y33          FDSE (Prop_fdse_C_Q)         0.456     5.092 r  U2/Q_reg[6]/Q
                         net (fo=1, routed)           4.611     9.703    AN_OBUF[6]
    N3                   OBUF (Prop_obuf_I_O)         2.600    12.303 r  AN_OBUF[6]_inst/O
                         net (fo=0)                   0.000    12.303    AN[6]
    N3                                                                r  AN[6] (OUT)
  -------------------------------------------------------------------    -------------------

Slack:                    inf
  Source:                 U7/Q_reg[0]/C
                            (rising edge-triggered cell FDRE clocked by CLK  {rise@0.000ns fall@5.000ns period=10.000ns})
  Destination:            LEDS[0]
                            (output port)
  Path Group:             (none)
  Path Type:              Max at Slow Process Corner
  Data Path Delay:        7.652ns  (logic 4.029ns (52.648%)  route 3.623ns (47.352%))
  Logic Levels:           1  (OBUF=1)
  Clock Uncertainty:      0.025ns  ((TSJ^2 + TIJ^2)^1/2 + DJ) / 2 + PE
    Total System Jitter     (TSJ):    0.050ns
    Total Input Jitter      (TIJ):    0.000ns
    Discrete Jitter          (DJ):    0.000ns
    Phase Error              (PE):    0.000ns

    Location             Delay type                Incr(ns)  Path(ns)    Netlist Resource(s)
  -------------------------------------------------------------------    -------------------
                         (clock CLK rise edge)        0.000     0.000 r  
    M18                                               0.000     0.000 r  CLK (IN)
                         net (fo=0)                   0.000     0.000    CLK
    M18                  IBUF (Prop_ibuf_I_O)         0.938     0.938 r  CLK_IBUF_inst/O
                         net (fo=1, routed)           1.972     2.910    CLK_IBUF
    BUFGCTRL_X0Y0        BUFG (Prop_bufg_I_O)         0.096     3.006 r  CLK_IBUF_BUFG_inst/O
                         net (fo=20, routed)          1.625     4.631    U7/CLK_IBUF_BUFG
    SLICE_X2Y20          FDRE                                         r  U7/Q_reg[0]/C
  -------------------------------------------------------------------    -------------------
    SLICE_X2Y20          FDRE (Prop_fdre_C_Q)         0.518     5.149 r  U7/Q_reg[0]/Q
                         net (fo=1, routed)           3.623     8.772    LEDS_OBUF[0]
    W7                   OBUF (Prop_obuf_I_O)         3.511    12.283 r  LEDS_OBUF[0]_inst/O
                         net (fo=0)                   0.000    12.283    LEDS[0]
    W7                                                                r  LEDS[0] (OUT)
  -------------------------------------------------------------------    -------------------

Slack:                    inf
  Source:                 U7/Q_reg[2]/C
                            (rising edge-triggered cell FDRE clocked by CLK  {rise@0.000ns fall@5.000ns period=10.000ns})
  Destination:            LEDS[2]
                            (output port)
  Path Group:             (none)
  Path Type:              Max at Slow Process Corner
  Data Path Delay:        7.603ns  (logic 4.129ns (54.312%)  route 3.473ns (45.688%))
  Logic Levels:           1  (OBUF=1)
  Clock Uncertainty:      0.025ns  ((TSJ^2 + TIJ^2)^1/2 + DJ) / 2 + PE
    Total System Jitter     (TSJ):    0.050ns
    Total Input Jitter      (TIJ):    0.000ns
    Discrete Jitter          (DJ):    0.000ns
    Phase Error              (PE):    0.000ns

    Location             Delay type                Incr(ns)  Path(ns)    Netlist Resource(s)
  -------------------------------------------------------------------    -------------------
                         (clock CLK rise edge)        0.000     0.000 r  
    M18                                               0.000     0.000 r  CLK (IN)
                         net (fo=0)                   0.000     0.000    CLK
    M18                  IBUF (Prop_ibuf_I_O)         0.938     0.938 r  CLK_IBUF_inst/O
                         net (fo=1, routed)           1.972     2.910    CLK_IBUF
    BUFGCTRL_X0Y0        BUFG (Prop_bufg_I_O)         0.096     3.006 r  CLK_IBUF_BUFG_inst/O
                         net (fo=20, routed)          1.621     4.627    U7/CLK_IBUF_BUFG
    SLICE_X4Y21          FDRE                                         r  U7/Q_reg[2]/C
  -------------------------------------------------------------------    -------------------
    SLICE_X4Y21          FDRE (Prop_fdre_C_Q)         0.419     5.046 r  U7/Q_reg[2]/Q
                         net (fo=1, routed)           3.473     8.519    LEDS_OBUF[2]
    U8                   OBUF (Prop_obuf_I_O)         3.710    12.230 r  LEDS_OBUF[2]_inst/O
                         net (fo=0)                   0.000    12.230    LEDS[2]
    U8                                                                r  LEDS[2] (OUT)
  -------------------------------------------------------------------    -------------------

Slack:                    inf
  Source:                 U7/Q_reg[3]/C
                            (rising edge-triggered cell FDRE clocked by CLK  {rise@0.000ns fall@5.000ns period=10.000ns})
  Destination:            LEDS[3]
                            (output port)
  Path Group:             (none)
  Path Type:              Max at Slow Process Corner
  Data Path Delay:        7.595ns  (logic 3.992ns (52.558%)  route 3.603ns (47.442%))
  Logic Levels:           1  (OBUF=1)
  Clock Uncertainty:      0.025ns  ((TSJ^2 + TIJ^2)^1/2 + DJ) / 2 + PE
    Total System Jitter     (TSJ):    0.050ns
    Total Input Jitter      (TIJ):    0.000ns
    Discrete Jitter          (DJ):    0.000ns
    Phase Error              (PE):    0.000ns

    Location             Delay type                Incr(ns)  Path(ns)    Netlist Resource(s)
  -------------------------------------------------------------------    -------------------
                         (clock CLK rise edge)        0.000     0.000 r  
    M18                                               0.000     0.000 r  CLK (IN)
                         net (fo=0)                   0.000     0.000    CLK
    M18                  IBUF (Prop_ibuf_I_O)         0.938     0.938 r  CLK_IBUF_inst/O
                         net (fo=1, routed)           1.972     2.910    CLK_IBUF
    BUFGCTRL_X0Y0        BUFG (Prop_bufg_I_O)         0.096     3.006 r  CLK_IBUF_BUFG_inst/O
                         net (fo=20, routed)          1.624     4.630    U7/CLK_IBUF_BUFG
    SLICE_X3Y21          FDRE                                         r  U7/Q_reg[3]/C
  -------------------------------------------------------------------    -------------------
    SLICE_X3Y21          FDRE (Prop_fdre_C_Q)         0.456     5.086 r  U7/Q_reg[3]/Q
                         net (fo=1, routed)           3.603     8.689    LEDS_OBUF[3]
    V8                   OBUF (Prop_obuf_I_O)         3.536    12.225 r  LEDS_OBUF[3]_inst/O
                         net (fo=0)                   0.000    12.225    LEDS[3]
    V8                                                                r  LEDS[3] (OUT)
  -------------------------------------------------------------------    -------------------

Slack:                    inf
  Source:                 U7/Q_reg[1]/C
                            (rising edge-triggered cell FDRE clocked by CLK  {rise@0.000ns fall@5.000ns period=10.000ns})
  Destination:            LEDS[1]
                            (output port)
  Path Group:             (none)
  Path Type:              Max at Slow Process Corner
  Data Path Delay:        7.576ns  (logic 3.985ns (52.602%)  route 3.591ns (47.398%))
  Logic Levels:           1  (OBUF=1)
  Clock Uncertainty:      0.025ns  ((TSJ^2 + TIJ^2)^1/2 + DJ) / 2 + PE
    Total System Jitter     (TSJ):    0.050ns
    Total Input Jitter      (TIJ):    0.000ns
    Discrete Jitter          (DJ):    0.000ns
    Phase Error              (PE):    0.000ns

    Location             Delay type                Incr(ns)  Path(ns)    Netlist Resource(s)
  -------------------------------------------------------------------    -------------------
                         (clock CLK rise edge)        0.000     0.000 r  
    M18                                               0.000     0.000 r  CLK (IN)
                         net (fo=0)                   0.000     0.000    CLK
    M18                  IBUF (Prop_ibuf_I_O)         0.938     0.938 r  CLK_IBUF_inst/O
                         net (fo=1, routed)           1.972     2.910    CLK_IBUF
    BUFGCTRL_X0Y0        BUFG (Prop_bufg_I_O)         0.096     3.006 r  CLK_IBUF_BUFG_inst/O
                         net (fo=20, routed)          1.621     4.627    U7/CLK_IBUF_BUFG
    SLICE_X4Y21          FDRE                                         r  U7/Q_reg[1]/C
  -------------------------------------------------------------------    -------------------
    SLICE_X4Y21          FDRE (Prop_fdre_C_Q)         0.456     5.083 r  U7/Q_reg[1]/Q
                         net (fo=1, routed)           3.591     8.674    LEDS_OBUF[1]
    W6                   OBUF (Prop_obuf_I_O)         3.529    12.203 r  LEDS_OBUF[1]_inst/O
                         net (fo=0)                   0.000    12.203    LEDS[1]
    W6                                                                r  LEDS[1] (OUT)
  -------------------------------------------------------------------    -------------------

Slack:                    inf
  Source:                 U7/Q_reg[5]/C
                            (rising edge-triggered cell FDRE clocked by CLK  {rise@0.000ns fall@5.000ns period=10.000ns})
  Destination:            LEDS[5]
                            (output port)
  Path Group:             (none)
  Path Type:              Max at Slow Process Corner
  Data Path Delay:        7.569ns  (logic 3.960ns (52.321%)  route 3.609ns (47.679%))
  Logic Levels:           1  (OBUF=1)
  Clock Uncertainty:      0.025ns  ((TSJ^2 + TIJ^2)^1/2 + DJ) / 2 + PE
    Total System Jitter     (TSJ):    0.050ns
    Total Input Jitter      (TIJ):    0.000ns
    Discrete Jitter          (DJ):    0.000ns
    Phase Error              (PE):    0.000ns

    Location             Delay type                Incr(ns)  Path(ns)    Netlist Resource(s)
  -------------------------------------------------------------------    -------------------
                         (clock CLK rise edge)        0.000     0.000 r  
    M18                                               0.000     0.000 r  CLK (IN)
                         net (fo=0)                   0.000     0.000    CLK
    M18                  IBUF (Prop_ibuf_I_O)         0.938     0.938 r  CLK_IBUF_inst/O
                         net (fo=1, routed)           1.972     2.910    CLK_IBUF
    BUFGCTRL_X0Y0        BUFG (Prop_bufg_I_O)         0.096     3.006 r  CLK_IBUF_BUFG_inst/O
                         net (fo=20, routed)          1.622     4.628    U7/CLK_IBUF_BUFG
    SLICE_X4Y20          FDRE                                         r  U7/Q_reg[5]/C
  -------------------------------------------------------------------    -------------------
    SLICE_X4Y20          FDRE (Prop_fdre_C_Q)         0.456     5.084 r  U7/Q_reg[5]/Q
                         net (fo=1, routed)           3.609     8.693    LEDS_OBUF[5]
    V5                   OBUF (Prop_obuf_I_O)         3.504    12.197 r  LEDS_OBUF[5]_inst/O
                         net (fo=0)                   0.000    12.197    LEDS[5]
    V5                                                                r  LEDS[5] (OUT)
  -------------------------------------------------------------------    -------------------





Min Delay Paths
--------------------------------------------------------------------------------------
Slack:                    inf
  Source:                 U7/Q_reg[4]/C
                            (rising edge-triggered cell FDRE clocked by CLK  {rise@0.000ns fall@5.000ns period=10.000ns})
  Destination:            LEDS[4]
                            (output port)
  Path Group:             (none)
  Path Type:              Min at Fast Process Corner
  Data Path Delay:        2.511ns  (logic 1.362ns (54.230%)  route 1.149ns (45.770%))
  Logic Levels:           1  (OBUF=1)
  Clock Uncertainty:      0.025ns  ((TSJ^2 + TIJ^2)^1/2 + DJ) / 2 + PE
    Total System Jitter     (TSJ):    0.050ns
    Total Input Jitter      (TIJ):    0.000ns
    Discrete Jitter          (DJ):    0.000ns
    Phase Error              (PE):    0.000ns

    Location             Delay type                Incr(ns)  Path(ns)    Netlist Resource(s)
  -------------------------------------------------------------------    -------------------
                         (clock CLK rise edge)        0.000     0.000 r  
    M18                                               0.000     0.000 r  CLK (IN)
                         net (fo=0)                   0.000     0.000    CLK
    M18                  IBUF (Prop_ibuf_I_O)         0.167     0.167 r  CLK_IBUF_inst/O
                         net (fo=1, routed)           0.634     0.801    CLK_IBUF
    BUFGCTRL_X0Y0        BUFG (Prop_bufg_I_O)         0.026     0.827 r  CLK_IBUF_BUFG_inst/O
                         net (fo=20, routed)          0.586     1.413    U7/CLK_IBUF_BUFG
    SLICE_X1Y20          FDRE                                         r  U7/Q_reg[4]/C
  -------------------------------------------------------------------    -------------------
    SLICE_X1Y20          FDRE (Prop_fdre_C_Q)         0.141     1.554 r  U7/Q_reg[4]/Q
                         net (fo=1, routed)           1.149     2.703    LEDS_OBUF[4]
    U5                   OBUF (Prop_obuf_I_O)         1.221     3.924 r  LEDS_OBUF[4]_inst/O
                         net (fo=0)                   0.000     3.924    LEDS[4]
    U5                                                                r  LEDS[4] (OUT)
  -------------------------------------------------------------------    -------------------

Slack:                    inf
  Source:                 U7/Q_reg[7]/C
                            (rising edge-triggered cell FDRE clocked by CLK  {rise@0.000ns fall@5.000ns period=10.000ns})
  Destination:            LEDS[7]
                            (output port)
  Path Group:             (none)
  Path Type:              Min at Fast Process Corner
  Data Path Delay:        2.529ns  (logic 1.380ns (54.566%)  route 1.149ns (45.434%))
  Logic Levels:           1  (OBUF=1)
  Clock Uncertainty:      0.025ns  ((TSJ^2 + TIJ^2)^1/2 + DJ) / 2 + PE
    Total System Jitter     (TSJ):    0.050ns
    Total Input Jitter      (TIJ):    0.000ns
    Discrete Jitter          (DJ):    0.000ns
    Phase Error              (PE):    0.000ns

    Location             Delay type                Incr(ns)  Path(ns)    Netlist Resource(s)
  -------------------------------------------------------------------    -------------------
                         (clock CLK rise edge)        0.000     0.000 r  
    M18                                               0.000     0.000 r  CLK (IN)
                         net (fo=0)                   0.000     0.000    CLK
    M18                  IBUF (Prop_ibuf_I_O)         0.167     0.167 r  CLK_IBUF_inst/O
                         net (fo=1, routed)           0.634     0.801    CLK_IBUF
    BUFGCTRL_X0Y0        BUFG (Prop_bufg_I_O)         0.026     0.827 r  CLK_IBUF_BUFG_inst/O
                         net (fo=20, routed)          0.590     1.417    U7/CLK_IBUF_BUFG
    SLICE_X0Y33          FDRE                                         r  U7/Q_reg[7]/C
  -------------------------------------------------------------------    -------------------
    SLICE_X0Y33          FDRE (Prop_fdre_C_Q)         0.128     1.545 r  U7/Q_reg[7]/Q
                         net (fo=1, routed)           1.149     2.694    LEDS_OBUF[7]
    V7                   OBUF (Prop_obuf_I_O)         1.252     3.945 r  LEDS_OBUF[7]_inst/O
                         net (fo=0)                   0.000     3.945    LEDS[7]
    V7                                                                r  LEDS[7] (OUT)
  -------------------------------------------------------------------    -------------------

Slack:                    inf
  Source:                 U2/Q_reg[0]/C
                            (rising edge-triggered cell FDSE clocked by CLK  {rise@0.000ns fall@5.000ns period=10.000ns})
  Destination:            AN[0]
                            (output port)
  Path Group:             (none)
  Path Type:              Min at Fast Process Corner
  Data Path Delay:        2.589ns  (logic 1.345ns (51.946%)  route 1.244ns (48.054%))
  Logic Levels:           1  (OBUF=1)
  Clock Uncertainty:      0.025ns  ((TSJ^2 + TIJ^2)^1/2 + DJ) / 2 + PE
    Total System Jitter     (TSJ):    0.050ns
    Total Input Jitter      (TIJ):    0.000ns
    Discrete Jitter          (DJ):    0.000ns
    Phase Error              (PE):    0.000ns

    Location             Delay type                Incr(ns)  Path(ns)    Netlist Resource(s)
  -------------------------------------------------------------------    -------------------
                         (clock CLK rise edge)        0.000     0.000 r  
    M18                                               0.000     0.000 r  CLK (IN)
                         net (fo=0)                   0.000     0.000    CLK
    M18                  IBUF (Prop_ibuf_I_O)         0.167     0.167 r  CLK_IBUF_inst/O
                         net (fo=1, routed)           0.634     0.801    CLK_IBUF
    BUFGCTRL_X0Y0        BUFG (Prop_bufg_I_O)         0.026     0.827 r  CLK_IBUF_BUFG_inst/O
                         net (fo=20, routed)          0.589     1.416    U2/CLK_IBUF_BUFG
    SLICE_X1Y32          FDSE                                         r  U2/Q_reg[0]/C
  -------------------------------------------------------------------    -------------------
    SLICE_X1Y32          FDSE (Prop_fdse_C_Q)         0.141     1.557 r  U2/Q_reg[0]/Q
                         net (fo=1, routed)           1.244     2.801    AN_OBUF[0]
    U2                   OBUF (Prop_obuf_I_O)         1.204     4.005 r  AN_OBUF[0]_inst/O
                         net (fo=0)                   0.000     4.005    AN[0]
    U2                                                                r  AN[0] (OUT)
  -------------------------------------------------------------------    -------------------

Slack:                    inf
  Source:                 U2/Q_reg[2]/C
                            (rising edge-triggered cell FDSE clocked by CLK  {rise@0.000ns fall@5.000ns period=10.000ns})
  Destination:            AN[2]
                            (output port)
  Path Group:             (none)
  Path Type:              Min at Fast Process Corner
  Data Path Delay:        2.612ns  (logic 1.365ns (52.258%)  route 1.247ns (47.742%))
  Logic Levels:           1  (OBUF=1)
  Clock Uncertainty:      0.025ns  ((TSJ^2 + TIJ^2)^1/2 + DJ) / 2 + PE
    Total System Jitter     (TSJ):    0.050ns
    Total Input Jitter      (TIJ):    0.000ns
    Discrete Jitter          (DJ):    0.000ns
    Phase Error              (PE):    0.000ns

    Location             Delay type                Incr(ns)  Path(ns)    Netlist Resource(s)
  -------------------------------------------------------------------    -------------------
                         (clock CLK rise edge)        0.000     0.000 r  
    M18                                               0.000     0.000 r  CLK (IN)
                         net (fo=0)                   0.000     0.000    CLK
    M18                  IBUF (Prop_ibuf_I_O)         0.167     0.167 r  CLK_IBUF_inst/O
                         net (fo=1, routed)           0.634     0.801    CLK_IBUF
    BUFGCTRL_X0Y0        BUFG (Prop_bufg_I_O)         0.026     0.827 r  CLK_IBUF_BUFG_inst/O
                         net (fo=20, routed)          0.585     1.412    U2/CLK_IBUF_BUFG
    SLICE_X1Y27          FDSE                                         r  U2/Q_reg[2]/C
  -------------------------------------------------------------------    -------------------
    SLICE_X1Y27          FDSE (Prop_fdse_C_Q)         0.141     1.553 r  U2/Q_reg[2]/Q
                         net (fo=1, routed)           1.247     2.800    AN_OBUF[2]
    V4                   OBUF (Prop_obuf_I_O)         1.224     4.024 r  AN_OBUF[2]_inst/O
                         net (fo=0)                   0.000     4.024    AN[2]
    V4                                                                r  AN[2] (OUT)
  -------------------------------------------------------------------    -------------------

Slack:                    inf
  Source:                 U2/Q_reg[1]/C
                            (rising edge-triggered cell FDSE clocked by CLK  {rise@0.000ns fall@5.000ns period=10.000ns})
  Destination:            AN[1]
                            (output port)
  Path Group:             (none)
  Path Type:              Min at Fast Process Corner
  Data Path Delay:        2.620ns  (logic 1.341ns (51.185%)  route 1.279ns (48.815%))
  Logic Levels:           1  (OBUF=1)
  Clock Uncertainty:      0.025ns  ((TSJ^2 + TIJ^2)^1/2 + DJ) / 2 + PE
    Total System Jitter     (TSJ):    0.050ns
    Total Input Jitter      (TIJ):    0.000ns
    Discrete Jitter          (DJ):    0.000ns
    Phase Error              (PE):    0.000ns

    Location             Delay type                Incr(ns)  Path(ns)    Netlist Resource(s)
  -------------------------------------------------------------------    -------------------
                         (clock CLK rise edge)        0.000     0.000 r  
    M18                                               0.000     0.000 r  CLK (IN)
                         net (fo=0)                   0.000     0.000    CLK
    M18                  IBUF (Prop_ibuf_I_O)         0.167     0.167 r  CLK_IBUF_inst/O
                         net (fo=1, routed)           0.634     0.801    CLK_IBUF
    BUFGCTRL_X0Y0        BUFG (Prop_bufg_I_O)         0.026     0.827 r  CLK_IBUF_BUFG_inst/O
                         net (fo=20, routed)          0.589     1.416    U2/CLK_IBUF_BUFG
    SLICE_X1Y32          FDSE                                         r  U2/Q_reg[1]/C
  -------------------------------------------------------------------    -------------------
    SLICE_X1Y32          FDSE (Prop_fdse_C_Q)         0.141     1.557 r  U2/Q_reg[1]/Q
                         net (fo=1, routed)           1.279     2.836    AN_OBUF[1]
    U4                   OBUF (Prop_obuf_I_O)         1.200     4.036 r  AN_OBUF[1]_inst/O
                         net (fo=0)                   0.000     4.036    AN[1]
    U4                                                                r  AN[1] (OUT)
  -------------------------------------------------------------------    -------------------

Slack:                    inf
  Source:                 U7/Q_reg[5]/C
                            (rising edge-triggered cell FDRE clocked by CLK  {rise@0.000ns fall@5.000ns period=10.000ns})
  Destination:            LEDS[5]
                            (output port)
  Path Group:             (none)
  Path Type:              Min at Fast Process Corner
  Data Path Delay:        2.667ns  (logic 1.347ns (50.498%)  route 1.320ns (49.502%))
  Logic Levels:           1  (OBUF=1)
  Clock Uncertainty:      0.025ns  ((TSJ^2 + TIJ^2)^1/2 + DJ) / 2 + PE
    Total System Jitter     (TSJ):    0.050ns
    Total Input Jitter      (TIJ):    0.000ns
    Discrete Jitter          (DJ):    0.000ns
    Phase Error              (PE):    0.000ns

    Location             Delay type                Incr(ns)  Path(ns)    Netlist Resource(s)
  -------------------------------------------------------------------    -------------------
                         (clock CLK rise edge)        0.000     0.000 r  
    M18                                               0.000     0.000 r  CLK (IN)
                         net (fo=0)                   0.000     0.000    CLK
    M18                  IBUF (Prop_ibuf_I_O)         0.167     0.167 r  CLK_IBUF_inst/O
                         net (fo=1, routed)           0.634     0.801    CLK_IBUF
    BUFGCTRL_X0Y0        BUFG (Prop_bufg_I_O)         0.026     0.827 r  CLK_IBUF_BUFG_inst/O
                         net (fo=20, routed)          0.584     1.411    U7/CLK_IBUF_BUFG
    SLICE_X4Y20          FDRE                                         r  U7/Q_reg[5]/C
  -------------------------------------------------------------------    -------------------
    SLICE_X4Y20          FDRE (Prop_fdre_C_Q)         0.141     1.552 r  U7/Q_reg[5]/Q
                         net (fo=1, routed)           1.320     2.872    LEDS_OBUF[5]
    V5                   OBUF (Prop_obuf_I_O)         1.206     4.077 r  LEDS_OBUF[5]_inst/O
                         net (fo=0)                   0.000     4.077    LEDS[5]
    V5                                                                r  LEDS[5] (OUT)
  -------------------------------------------------------------------    -------------------

Slack:                    inf
  Source:                 U7/Q_reg[1]/C
                            (rising edge-triggered cell FDRE clocked by CLK  {rise@0.000ns fall@5.000ns period=10.000ns})
  Destination:            LEDS[1]
                            (output port)
  Path Group:             (none)
  Path Type:              Min at Fast Process Corner
  Data Path Delay:        2.671ns  (logic 1.371ns (51.331%)  route 1.300ns (48.669%))
  Logic Levels:           1  (OBUF=1)
  Clock Uncertainty:      0.025ns  ((TSJ^2 + TIJ^2)^1/2 + DJ) / 2 + PE
    Total System Jitter     (TSJ):    0.050ns
    Total Input Jitter      (TIJ):    0.000ns
    Discrete Jitter          (DJ):    0.000ns
    Phase Error              (PE):    0.000ns

    Location             Delay type                Incr(ns)  Path(ns)    Netlist Resource(s)
  -------------------------------------------------------------------    -------------------
                         (clock CLK rise edge)        0.000     0.000 r  
    M18                                               0.000     0.000 r  CLK (IN)
                         net (fo=0)                   0.000     0.000    CLK
    M18                  IBUF (Prop_ibuf_I_O)         0.167     0.167 r  CLK_IBUF_inst/O
                         net (fo=1, routed)           0.634     0.801    CLK_IBUF
    BUFGCTRL_X0Y0        BUFG (Prop_bufg_I_O)         0.026     0.827 r  CLK_IBUF_BUFG_inst/O
                         net (fo=20, routed)          0.583     1.410    U7/CLK_IBUF_BUFG
    SLICE_X4Y21          FDRE                                         r  U7/Q_reg[1]/C
  -------------------------------------------------------------------    -------------------
    SLICE_X4Y21          FDRE (Prop_fdre_C_Q)         0.141     1.551 r  U7/Q_reg[1]/Q
                         net (fo=1, routed)           1.300     2.851    LEDS_OBUF[1]
    W6                   OBUF (Prop_obuf_I_O)         1.230     4.081 r  LEDS_OBUF[1]_inst/O
                         net (fo=0)                   0.000     4.081    LEDS[1]
    W6                                                                r  LEDS[1] (OUT)
  -------------------------------------------------------------------    -------------------

Slack:                    inf
  Source:                 U7/Q_reg[2]/C
                            (rising edge-triggered cell FDRE clocked by CLK  {rise@0.000ns fall@5.000ns period=10.000ns})
  Destination:            LEDS[2]
                            (output port)
  Path Group:             (none)
  Path Type:              Min at Fast Process Corner
  Data Path Delay:        2.677ns  (logic 1.418ns (52.960%)  route 1.259ns (47.040%))
  Logic Levels:           1  (OBUF=1)
  Clock Uncertainty:      0.025ns  ((TSJ^2 + TIJ^2)^1/2 + DJ) / 2 + PE
    Total System Jitter     (TSJ):    0.050ns
    Total Input Jitter      (TIJ):    0.000ns
    Discrete Jitter          (DJ):    0.000ns
    Phase Error              (PE):    0.000ns

    Location             Delay type                Incr(ns)  Path(ns)    Netlist Resource(s)
  -------------------------------------------------------------------    -------------------
                         (clock CLK rise edge)        0.000     0.000 r  
    M18                                               0.000     0.000 r  CLK (IN)
                         net (fo=0)                   0.000     0.000    CLK
    M18                  IBUF (Prop_ibuf_I_O)         0.167     0.167 r  CLK_IBUF_inst/O
                         net (fo=1, routed)           0.634     0.801    CLK_IBUF
    BUFGCTRL_X0Y0        BUFG (Prop_bufg_I_O)         0.026     0.827 r  CLK_IBUF_BUFG_inst/O
                         net (fo=20, routed)          0.583     1.410    U7/CLK_IBUF_BUFG
    SLICE_X4Y21          FDRE                                         r  U7/Q_reg[2]/C
  -------------------------------------------------------------------    -------------------
    SLICE_X4Y21          FDRE (Prop_fdre_C_Q)         0.128     1.538 r  U7/Q_reg[2]/Q
                         net (fo=1, routed)           1.259     2.797    LEDS_OBUF[2]
    U8                   OBUF (Prop_obuf_I_O)         1.290     4.087 r  LEDS_OBUF[2]_inst/O
                         net (fo=0)                   0.000     4.087    LEDS[2]
    U8                                                                r  LEDS[2] (OUT)
  -------------------------------------------------------------------    -------------------

Slack:                    inf
  Source:                 U7/Q_reg[0]/C
                            (rising edge-triggered cell FDRE clocked by CLK  {rise@0.000ns fall@5.000ns period=10.000ns})
  Destination:            LEDS[0]
                            (output port)
  Path Group:             (none)
  Path Type:              Min at Fast Process Corner
  Data Path Delay:        2.707ns  (logic 1.376ns (50.820%)  route 1.331ns (49.180%))
  Logic Levels:           1  (OBUF=1)
  Clock Uncertainty:      0.025ns  ((TSJ^2 + TIJ^2)^1/2 + DJ) / 2 + PE
    Total System Jitter     (TSJ):    0.050ns
    Total Input Jitter      (TIJ):    0.000ns
    Discrete Jitter          (DJ):    0.000ns
    Phase Error              (PE):    0.000ns

    Location             Delay type                Incr(ns)  Path(ns)    Netlist Resource(s)
  -------------------------------------------------------------------    -------------------
                         (clock CLK rise edge)        0.000     0.000 r  
    M18                                               0.000     0.000 r  CLK (IN)
                         net (fo=0)                   0.000     0.000    CLK
    M18                  IBUF (Prop_ibuf_I_O)         0.167     0.167 r  CLK_IBUF_inst/O
                         net (fo=1, routed)           0.634     0.801    CLK_IBUF
    BUFGCTRL_X0Y0        BUFG (Prop_bufg_I_O)         0.026     0.827 r  CLK_IBUF_BUFG_inst/O
                         net (fo=20, routed)          0.586     1.413    U7/CLK_IBUF_BUFG
    SLICE_X2Y20          FDRE                                         r  U7/Q_reg[0]/C
  -------------------------------------------------------------------    -------------------
    SLICE_X2Y20          FDRE (Prop_fdre_C_Q)         0.164     1.577 r  U7/Q_reg[0]/Q
                         net (fo=1, routed)           1.331     2.908    LEDS_OBUF[0]
    W7                   OBUF (Prop_obuf_I_O)         1.212     4.120 r  LEDS_OBUF[0]_inst/O
                         net (fo=0)                   0.000     4.120    LEDS[0]
    W7                                                                r  LEDS[0] (OUT)
  -------------------------------------------------------------------    -------------------

Slack:                    inf
  Source:                 U2/Q_reg[3]/C
                            (rising edge-triggered cell FDSE clocked by CLK  {rise@0.000ns fall@5.000ns period=10.000ns})
  Destination:            AN[3]
                            (output port)
  Path Group:             (none)
  Path Type:              Min at Fast Process Corner
  Data Path Delay:        2.712ns  (logic 1.393ns (51.385%)  route 1.318ns (48.615%))
  Logic Levels:           1  (OBUF=1)
  Clock Uncertainty:      0.025ns  ((TSJ^2 + TIJ^2)^1/2 + DJ) / 2 + PE
    Total System Jitter     (TSJ):    0.050ns
    Total Input Jitter      (TIJ):    0.000ns
    Discrete Jitter          (DJ):    0.000ns
    Phase Error              (PE):    0.000ns

    Location             Delay type                Incr(ns)  Path(ns)    Netlist Resource(s)
  -------------------------------------------------------------------    -------------------
                         (clock CLK rise edge)        0.000     0.000 r  
    M18                                               0.000     0.000 r  CLK (IN)
                         net (fo=0)                   0.000     0.000    CLK
    M18                  IBUF (Prop_ibuf_I_O)         0.167     0.167 r  CLK_IBUF_inst/O
                         net (fo=1, routed)           0.634     0.801    CLK_IBUF
    BUFGCTRL_X0Y0        BUFG (Prop_bufg_I_O)         0.026     0.827 r  CLK_IBUF_BUFG_inst/O
                         net (fo=20, routed)          0.585     1.412    U2/CLK_IBUF_BUFG
    SLICE_X1Y27          FDSE                                         r  U2/Q_reg[3]/C
  -------------------------------------------------------------------    -------------------
    SLICE_X1Y27          FDSE (Prop_fdse_C_Q)         0.128     1.540 r  U2/Q_reg[3]/Q
                         net (fo=1, routed)           1.318     2.858    AN_OBUF[3]
    W4                   OBUF (Prop_obuf_I_O)         1.265     4.124 r  AN_OBUF[3]_inst/O
                         net (fo=0)                   0.000     4.124    AN[3]
    W4                                                                r  AN[3] (OUT)
  -------------------------------------------------------------------    -------------------





--------------------------------------------------------------------------------------
Path Group:  (none)
From Clock:  
  To Clock:  CLK

Max Delay            14 Endpoints
Min Delay            14 Endpoints
--------------------------------------------------------------------------------------


Max Delay Paths
--------------------------------------------------------------------------------------
Slack:                    inf
  Source:                 data_disp1_L0[3]
                            (input port)
  Destination:            U7/Q_reg[4]/D
                            (rising edge-triggered cell FDRE clocked by CLK  {rise@0.000ns fall@5.000ns period=10.000ns})
  Path Group:             (none)
  Path Type:              Setup (Max at Slow Process Corner)
  Data Path Delay:        4.966ns  (logic 1.617ns (32.563%)  route 3.349ns (67.437%))
  Logic Levels:           4  (IBUF=1 LUT4=1 LUT6=1 MUXF7=1)
  Clock Path Skew:        4.272ns (DCD - SCD + CPR)
    Destination Clock Delay (DCD):    4.272ns
    Source Clock Delay      (SCD):    0.000ns
    Clock Pessimism Removal (CPR):    0.000ns
  Clock Uncertainty:      0.025ns  ((TSJ^2 + TIJ^2)^1/2 + DJ) / 2 + PE
    Total System Jitter     (TSJ):    0.050ns
    Total Input Jitter      (TIJ):    0.000ns
    Discrete Jitter          (DJ):    0.000ns
    Phase Error              (PE):    0.000ns

    Location             Delay type                Incr(ns)  Path(ns)    Netlist Resource(s)
  -------------------------------------------------------------------    -------------------
    U16                                               0.000     0.000 f  data_disp1_L0[3] (IN)
                         net (fo=0)                   0.000     0.000    data_disp1_L0[3]
    U16                  IBUF (Prop_ibuf_I_O)         0.935     0.935 f  data_disp1_L0_IBUF[3]_inst/O
                         net (fo=1, routed)           1.867     2.802    U0/data_disp1_L0_IBUF[3]
    SLICE_X0Y19          LUT6 (Prop_lut6_I1_O)        0.124     2.926 f  U0/Q[6]_i_3/O
                         net (fo=1, routed)           0.000     2.926    U0/Q[6]_i_3_n_0
    SLICE_X0Y19          MUXF7 (Prop_muxf7_I0_O)      0.238     3.164 f  U0/Q_reg[6]_i_1/O
                         net (fo=7, routed)           0.966     4.130    U0/count_reg[2]_3[0]
    SLICE_X2Y20          LUT4 (Prop_lut4_I0_O)        0.320     4.450 r  U0/Q[4]_i_1/O
                         net (fo=1, routed)           0.516     4.966    U7/D[2]
    SLICE_X1Y20          FDRE                                         r  U7/Q_reg[4]/D
  -------------------------------------------------------------------    -------------------

                         (clock CLK rise edge)        0.000     0.000 r  
    M18                                               0.000     0.000 r  CLK (IN)
                         net (fo=0)                   0.000     0.000    CLK
    M18                  IBUF (Prop_ibuf_I_O)         0.805     0.805 r  CLK_IBUF_inst/O
                         net (fo=1, routed)           1.868     2.673    CLK_IBUF
    BUFGCTRL_X0Y0        BUFG (Prop_bufg_I_O)         0.091     2.764 r  CLK_IBUF_BUFG_inst/O
                         net (fo=20, routed)          1.508     4.272    U7/CLK_IBUF_BUFG
    SLICE_X1Y20          FDRE                                         r  U7/Q_reg[4]/C

Slack:                    inf
  Source:                 data_disp1_L0[2]
                            (input port)
  Destination:            U7/Q_reg[2]/D
                            (rising edge-triggered cell FDRE clocked by CLK  {rise@0.000ns fall@5.000ns period=10.000ns})
  Path Group:             (none)
  Path Type:              Setup (Max at Slow Process Corner)
  Data Path Delay:        4.553ns  (logic 1.622ns (35.628%)  route 2.931ns (64.372%))
  Logic Levels:           4  (IBUF=1 LUT4=1 LUT6=1 MUXF7=1)
  Clock Path Skew:        4.269ns (DCD - SCD + CPR)
    Destination Clock Delay (DCD):    4.269ns
    Source Clock Delay      (SCD):    0.000ns
    Clock Pessimism Removal (CPR):    0.000ns
  Clock Uncertainty:      0.025ns  ((TSJ^2 + TIJ^2)^1/2 + DJ) / 2 + PE
    Total System Jitter     (TSJ):    0.050ns
    Total Input Jitter      (TIJ):    0.000ns
    Discrete Jitter          (DJ):    0.000ns
    Phase Error              (PE):    0.000ns

    Location             Delay type                Incr(ns)  Path(ns)    Netlist Resource(s)
  -------------------------------------------------------------------    -------------------
    V13                                               0.000     0.000 r  data_disp1_L0[2] (IN)
                         net (fo=0)                   0.000     0.000    data_disp1_L0[2]
    V13                  IBUF (Prop_ibuf_I_O)         0.934     0.934 r  data_disp1_L0_IBUF[2]_inst/O
                         net (fo=1, routed)           1.788     2.723    U0/data_disp1_L0_IBUF[2]
    SLICE_X0Y20          LUT6 (Prop_lut6_I1_O)        0.124     2.847 r  U0/Q[4]_i_7/O
                         net (fo=1, routed)           0.000     2.847    U0/Q[4]_i_7_n_0
    SLICE_X0Y20          MUXF7 (Prop_muxf7_I0_O)      0.238     3.085 r  U0/Q_reg[4]_i_3/O
                         net (fo=7, routed)           1.143     4.227    U0/mux_4b_sig[2]
    SLICE_X4Y21          LUT4 (Prop_lut4_I2_O)        0.326     4.553 r  U0/Q[2]_i_1/O
                         net (fo=1, routed)           0.000     4.553    U7/D[1]
    SLICE_X4Y21          FDRE                                         r  U7/Q_reg[2]/D
  -------------------------------------------------------------------    -------------------

                         (clock CLK rise edge)        0.000     0.000 r  
    M18                                               0.000     0.000 r  CLK (IN)
                         net (fo=0)                   0.000     0.000    CLK
    M18                  IBUF (Prop_ibuf_I_O)         0.805     0.805 r  CLK_IBUF_inst/O
                         net (fo=1, routed)           1.868     2.673    CLK_IBUF
    BUFGCTRL_X0Y0        BUFG (Prop_bufg_I_O)         0.091     2.764 r  CLK_IBUF_BUFG_inst/O
                         net (fo=20, routed)          1.505     4.269    U7/CLK_IBUF_BUFG
    SLICE_X4Y21          FDRE                                         r  U7/Q_reg[2]/C

Slack:                    inf
  Source:                 data_disp1_L0[2]
                            (input port)
  Destination:            U7/Q_reg[1]/D
                            (rising edge-triggered cell FDRE clocked by CLK  {rise@0.000ns fall@5.000ns period=10.000ns})
  Path Group:             (none)
  Path Type:              Setup (Max at Slow Process Corner)
  Data Path Delay:        4.525ns  (logic 1.594ns (35.229%)  route 2.931ns (64.771%))
  Logic Levels:           4  (IBUF=1 LUT4=1 LUT6=1 MUXF7=1)
  Clock Path Skew:        4.269ns (DCD - SCD + CPR)
    Destination Clock Delay (DCD):    4.269ns
    Source Clock Delay      (SCD):    0.000ns
    Clock Pessimism Removal (CPR):    0.000ns
  Clock Uncertainty:      0.025ns  ((TSJ^2 + TIJ^2)^1/2 + DJ) / 2 + PE
    Total System Jitter     (TSJ):    0.050ns
    Total Input Jitter      (TIJ):    0.000ns
    Discrete Jitter          (DJ):    0.000ns
    Phase Error              (PE):    0.000ns

    Location             Delay type                Incr(ns)  Path(ns)    Netlist Resource(s)
  -------------------------------------------------------------------    -------------------
    V13                                               0.000     0.000 r  data_disp1_L0[2] (IN)
                         net (fo=0)                   0.000     0.000    data_disp1_L0[2]
    V13                  IBUF (Prop_ibuf_I_O)         0.934     0.934 r  data_disp1_L0_IBUF[2]_inst/O
                         net (fo=1, routed)           1.788     2.723    U0/data_disp1_L0_IBUF[2]
    SLICE_X0Y20          LUT6 (Prop_lut6_I1_O)        0.124     2.847 r  U0/Q[4]_i_7/O
                         net (fo=1, routed)           0.000     2.847    U0/Q[4]_i_7_n_0
    SLICE_X0Y20          MUXF7 (Prop_muxf7_I0_O)      0.238     3.085 r  U0/Q_reg[4]_i_3/O
                         net (fo=7, routed)           1.143     4.227    U0/mux_4b_sig[2]
    SLICE_X4Y21          LUT4 (Prop_lut4_I1_O)        0.298     4.525 r  U0/Q[1]_i_1/O
                         net (fo=1, routed)           0.000     4.525    U7/D[0]
    SLICE_X4Y21          FDRE                                         r  U7/Q_reg[1]/D
  -------------------------------------------------------------------    -------------------

                         (clock CLK rise edge)        0.000     0.000 r  
    M18                                               0.000     0.000 r  CLK (IN)
                         net (fo=0)                   0.000     0.000    CLK
    M18                  IBUF (Prop_ibuf_I_O)         0.805     0.805 r  CLK_IBUF_inst/O
                         net (fo=1, routed)           1.868     2.673    CLK_IBUF
    BUFGCTRL_X0Y0        BUFG (Prop_bufg_I_O)         0.091     2.764 r  CLK_IBUF_BUFG_inst/O
                         net (fo=20, routed)          1.505     4.269    U7/CLK_IBUF_BUFG
    SLICE_X4Y21          FDRE                                         r  U7/Q_reg[1]/C

Slack:                    inf
  Source:                 data_disp1_L0[0]
                            (input port)
  Destination:            U7/Q_reg[6]/D
                            (rising edge-triggered cell FDRE clocked by CLK  {rise@0.000ns fall@5.000ns period=10.000ns})
  Path Group:             (none)
  Path Type:              Setup (Max at Slow Process Corner)
  Data Path Delay:        4.371ns  (logic 1.597ns (36.549%)  route 2.773ns (63.451%))
  Logic Levels:           4  (IBUF=1 LUT3=1 LUT6=1 MUXF7=1)
  Clock Path Skew:        4.271ns (DCD - SCD + CPR)
    Destination Clock Delay (DCD):    4.271ns
    Source Clock Delay      (SCD):    0.000ns
    Clock Pessimism Removal (CPR):    0.000ns
  Clock Uncertainty:      0.025ns  ((TSJ^2 + TIJ^2)^1/2 + DJ) / 2 + PE
    Total System Jitter     (TSJ):    0.050ns
    Total Input Jitter      (TIJ):    0.000ns
    Discrete Jitter          (DJ):    0.000ns
    Phase Error              (PE):    0.000ns

    Location             Delay type                Incr(ns)  Path(ns)    Netlist Resource(s)
  -------------------------------------------------------------------    -------------------
    U14                                               0.000     0.000 r  data_disp1_L0[0] (IN)
                         net (fo=0)                   0.000     0.000    data_disp1_L0[0]
    U14                  IBUF (Prop_ibuf_I_O)         0.936     0.936 r  data_disp1_L0_IBUF[0]_inst/O
                         net (fo=1, routed)           2.026     2.962    U0/data_disp1_L0_IBUF[0]
    SLICE_X0Y20          LUT6 (Prop_lut6_I1_O)        0.124     3.086 r  U0/Q[4]_i_5/O
                         net (fo=1, routed)           0.000     3.086    U0/Q[4]_i_5_n_0
    SLICE_X0Y20          MUXF7 (Prop_muxf7_I0_O)      0.212     3.298 r  U0/Q_reg[4]_i_2/O
                         net (fo=7, routed)           0.747     4.046    U0/mux_4b_sig[0]
    SLICE_X3Y21          LUT3 (Prop_lut3_I0_O)        0.325     4.371 r  U0/Q[6]_i_2/O
                         net (fo=1, routed)           0.000     4.371    U7/Q_reg[6]_1
    SLICE_X3Y21          FDRE                                         r  U7/Q_reg[6]/D
  -------------------------------------------------------------------    -------------------

                         (clock CLK rise edge)        0.000     0.000 r  
    M18                                               0.000     0.000 r  CLK (IN)
                         net (fo=0)                   0.000     0.000    CLK
    M18                  IBUF (Prop_ibuf_I_O)         0.805     0.805 r  CLK_IBUF_inst/O
                         net (fo=1, routed)           1.868     2.673    CLK_IBUF
    BUFGCTRL_X0Y0        BUFG (Prop_bufg_I_O)         0.091     2.764 r  CLK_IBUF_BUFG_inst/O
                         net (fo=20, routed)          1.507     4.271    U7/CLK_IBUF_BUFG
    SLICE_X3Y21          FDRE                                         r  U7/Q_reg[6]/C

Slack:                    inf
  Source:                 data_disp1_L0[0]
                            (input port)
  Destination:            U7/Q_reg[3]/D
                            (rising edge-triggered cell FDRE clocked by CLK  {rise@0.000ns fall@5.000ns period=10.000ns})
  Path Group:             (none)
  Path Type:              Setup (Max at Slow Process Corner)
  Data Path Delay:        4.345ns  (logic 1.571ns (36.169%)  route 2.773ns (63.831%))
  Logic Levels:           4  (IBUF=1 LUT3=1 LUT6=1 MUXF7=1)
  Clock Path Skew:        4.271ns (DCD - SCD + CPR)
    Destination Clock Delay (DCD):    4.271ns
    Source Clock Delay      (SCD):    0.000ns
    Clock Pessimism Removal (CPR):    0.000ns
  Clock Uncertainty:      0.025ns  ((TSJ^2 + TIJ^2)^1/2 + DJ) / 2 + PE
    Total System Jitter     (TSJ):    0.050ns
    Total Input Jitter      (TIJ):    0.000ns
    Discrete Jitter          (DJ):    0.000ns
    Phase Error              (PE):    0.000ns

    Location             Delay type                Incr(ns)  Path(ns)    Netlist Resource(s)
  -------------------------------------------------------------------    -------------------
    U14                                               0.000     0.000 r  data_disp1_L0[0] (IN)
                         net (fo=0)                   0.000     0.000    data_disp1_L0[0]
    U14                  IBUF (Prop_ibuf_I_O)         0.936     0.936 r  data_disp1_L0_IBUF[0]_inst/O
                         net (fo=1, routed)           2.026     2.962    U0/data_disp1_L0_IBUF[0]
    SLICE_X0Y20          LUT6 (Prop_lut6_I1_O)        0.124     3.086 r  U0/Q[4]_i_5/O
                         net (fo=1, routed)           0.000     3.086    U0/Q[4]_i_5_n_0
    SLICE_X0Y20          MUXF7 (Prop_muxf7_I0_O)      0.212     3.298 r  U0/Q_reg[4]_i_2/O
                         net (fo=7, routed)           0.747     4.046    U0/mux_4b_sig[0]
    SLICE_X3Y21          LUT3 (Prop_lut3_I0_O)        0.299     4.345 r  U0/Q[3]_i_1/O
                         net (fo=1, routed)           0.000     4.345    U7/Q_reg[3]_0
    SLICE_X3Y21          FDRE                                         r  U7/Q_reg[3]/D
  -------------------------------------------------------------------    -------------------

                         (clock CLK rise edge)        0.000     0.000 r  
    M18                                               0.000     0.000 r  CLK (IN)
                         net (fo=0)                   0.000     0.000    CLK
    M18                  IBUF (Prop_ibuf_I_O)         0.805     0.805 r  CLK_IBUF_inst/O
                         net (fo=1, routed)           1.868     2.673    CLK_IBUF
    BUFGCTRL_X0Y0        BUFG (Prop_bufg_I_O)         0.091     2.764 r  CLK_IBUF_BUFG_inst/O
                         net (fo=20, routed)          1.507     4.271    U7/CLK_IBUF_BUFG
    SLICE_X3Y21          FDRE                                         r  U7/Q_reg[3]/C

Slack:                    inf
  Source:                 data_disp1_L0[2]
                            (input port)
  Destination:            U7/Q_reg[0]/D
                            (rising edge-triggered cell FDRE clocked by CLK  {rise@0.000ns fall@5.000ns period=10.000ns})
  Path Group:             (none)
  Path Type:              Setup (Max at Slow Process Corner)
  Data Path Delay:        4.227ns  (logic 1.594ns (37.713%)  route 2.633ns (62.287%))
  Logic Levels:           4  (IBUF=1 LUT3=1 LUT6=1 MUXF7=1)
  Clock Path Skew:        4.272ns (DCD - SCD + CPR)
    Destination Clock Delay (DCD):    4.272ns
    Source Clock Delay      (SCD):    0.000ns
    Clock Pessimism Removal (CPR):    0.000ns
  Clock Uncertainty:      0.025ns  ((TSJ^2 + TIJ^2)^1/2 + DJ) / 2 + PE
    Total System Jitter     (TSJ):    0.050ns
    Total Input Jitter      (TIJ):    0.000ns
    Discrete Jitter          (DJ):    0.000ns
    Phase Error              (PE):    0.000ns

    Location             Delay type                Incr(ns)  Path(ns)    Netlist Resource(s)
  -------------------------------------------------------------------    -------------------
    V13                                               0.000     0.000 r  data_disp1_L0[2] (IN)
                         net (fo=0)                   0.000     0.000    data_disp1_L0[2]
    V13                  IBUF (Prop_ibuf_I_O)         0.934     0.934 r  data_disp1_L0_IBUF[2]_inst/O
                         net (fo=1, routed)           1.788     2.723    U0/data_disp1_L0_IBUF[2]
    SLICE_X0Y20          LUT6 (Prop_lut6_I1_O)        0.124     2.847 r  U0/Q[4]_i_7/O
                         net (fo=1, routed)           0.000     2.847    U0/Q[4]_i_7_n_0
    SLICE_X0Y20          MUXF7 (Prop_muxf7_I0_O)      0.238     3.085 r  U0/Q_reg[4]_i_3/O
                         net (fo=7, routed)           0.845     3.929    U0/mux_4b_sig[2]
    SLICE_X2Y20          LUT3 (Prop_lut3_I0_O)        0.298     4.227 r  U0/Q[0]_i_1__0/O
                         net (fo=1, routed)           0.000     4.227    U7/Q_reg[0]_0
    SLICE_X2Y20          FDRE                                         r  U7/Q_reg[0]/D
  -------------------------------------------------------------------    -------------------

                         (clock CLK rise edge)        0.000     0.000 r  
    M18                                               0.000     0.000 r  CLK (IN)
                         net (fo=0)                   0.000     0.000    CLK
    M18                  IBUF (Prop_ibuf_I_O)         0.805     0.805 r  CLK_IBUF_inst/O
                         net (fo=1, routed)           1.868     2.673    CLK_IBUF
    BUFGCTRL_X0Y0        BUFG (Prop_bufg_I_O)         0.091     2.764 r  CLK_IBUF_BUFG_inst/O
                         net (fo=20, routed)          1.508     4.272    U7/CLK_IBUF_BUFG
    SLICE_X2Y20          FDRE                                         r  U7/Q_reg[0]/C

Slack:                    inf
  Source:                 data_disp1_L1[1]
                            (input port)
  Destination:            U7/Q_reg[5]/D
                            (rising edge-triggered cell FDRE clocked by CLK  {rise@0.000ns fall@5.000ns period=10.000ns})
  Path Group:             (none)
  Path Type:              Setup (Max at Slow Process Corner)
  Data Path Delay:        4.182ns  (logic 1.570ns (37.536%)  route 2.612ns (62.464%))
  Logic Levels:           4  (IBUF=1 LUT3=1 LUT6=1 MUXF7=1)
  Clock Path Skew:        4.270ns (DCD - SCD + CPR)
    Destination Clock Delay (DCD):    4.270ns
    Source Clock Delay      (SCD):    0.000ns
    Clock Pessimism Removal (CPR):    0.000ns
  Clock Uncertainty:      0.025ns  ((TSJ^2 + TIJ^2)^1/2 + DJ) / 2 + PE
    Total System Jitter     (TSJ):    0.050ns
    Total Input Jitter      (TIJ):    0.000ns
    Discrete Jitter          (DJ):    0.000ns
    Phase Error              (PE):    0.000ns

    Location             Delay type                Incr(ns)  Path(ns)    Netlist Resource(s)
  -------------------------------------------------------------------    -------------------
    W14                                               0.000     0.000 r  data_disp1_L1[1] (IN)
                         net (fo=0)                   0.000     0.000    data_disp1_L1[1]
    W14                  IBUF (Prop_ibuf_I_O)         0.935     0.935 r  data_disp1_L1_IBUF[1]_inst/O
                         net (fo=1, routed)           1.797     2.732    U0/data_disp1_L1_IBUF[1]
    SLICE_X0Y19          LUT6 (Prop_lut6_I0_O)        0.124     2.856 r  U0/Q[4]_i_9/O
                         net (fo=1, routed)           0.000     2.856    U0/Q[4]_i_9_n_0
    SLICE_X0Y19          MUXF7 (Prop_muxf7_I0_O)      0.212     3.068 r  U0/Q_reg[4]_i_4/O
                         net (fo=7, routed)           0.815     3.883    U0/mux_4b_sig[1]
    SLICE_X4Y20          LUT3 (Prop_lut3_I0_O)        0.299     4.182 r  U0/Q[5]_i_1/O
                         net (fo=1, routed)           0.000     4.182    U7/Q_reg[5]_0
    SLICE_X4Y20          FDRE                                         r  U7/Q_reg[5]/D
  -------------------------------------------------------------------    -------------------

                         (clock CLK rise edge)        0.000     0.000 r  
    M18                                               0.000     0.000 r  CLK (IN)
                         net (fo=0)                   0.000     0.000    CLK
    M18                  IBUF (Prop_ibuf_I_O)         0.805     0.805 r  CLK_IBUF_inst/O
                         net (fo=1, routed)           1.868     2.673    CLK_IBUF
    BUFGCTRL_X0Y0        BUFG (Prop_bufg_I_O)         0.091     2.764 r  CLK_IBUF_BUFG_inst/O
                         net (fo=20, routed)          1.506     4.270    U7/CLK_IBUF_BUFG
    SLICE_X4Y20          FDRE                                         r  U7/Q_reg[5]/C

Slack:                    inf
  Source:                 data_disp1_L0[3]
                            (input port)
  Destination:            U7/Q_reg[3]/R
                            (rising edge-triggered cell FDRE clocked by CLK  {rise@0.000ns fall@5.000ns period=10.000ns})
  Path Group:             (none)
  Path Type:              Setup (Max at Slow Process Corner)
  Data Path Delay:        4.043ns  (logic 1.297ns (32.077%)  route 2.746ns (67.923%))
  Logic Levels:           3  (IBUF=1 LUT6=1 MUXF7=1)
  Clock Path Skew:        4.271ns (DCD - SCD + CPR)
    Destination Clock Delay (DCD):    4.271ns
    Source Clock Delay      (SCD):    0.000ns
    Clock Pessimism Removal (CPR):    0.000ns
  Clock Uncertainty:      0.025ns  ((TSJ^2 + TIJ^2)^1/2 + DJ) / 2 + PE
    Total System Jitter     (TSJ):    0.050ns
    Total Input Jitter      (TIJ):    0.000ns
    Discrete Jitter          (DJ):    0.000ns
    Phase Error              (PE):    0.000ns

    Location             Delay type                Incr(ns)  Path(ns)    Netlist Resource(s)
  -------------------------------------------------------------------    -------------------
    U16                                               0.000     0.000 r  data_disp1_L0[3] (IN)
                         net (fo=0)                   0.000     0.000    data_disp1_L0[3]
    U16                  IBUF (Prop_ibuf_I_O)         0.935     0.935 r  data_disp1_L0_IBUF[3]_inst/O
                         net (fo=1, routed)           1.867     2.802    U0/data_disp1_L0_IBUF[3]
    SLICE_X0Y19          LUT6 (Prop_lut6_I1_O)        0.124     2.926 r  U0/Q[6]_i_3/O
                         net (fo=1, routed)           0.000     2.926    U0/Q[6]_i_3_n_0
    SLICE_X0Y19          MUXF7 (Prop_muxf7_I0_O)      0.238     3.164 r  U0/Q_reg[6]_i_1/O
                         net (fo=7, routed)           0.879     4.043    U7/Q_reg[6]_0[0]
    SLICE_X3Y21          FDRE                                         r  U7/Q_reg[3]/R
  -------------------------------------------------------------------    -------------------

                         (clock CLK rise edge)        0.000     0.000 r  
    M18                                               0.000     0.000 r  CLK (IN)
                         net (fo=0)                   0.000     0.000    CLK
    M18                  IBUF (Prop_ibuf_I_O)         0.805     0.805 r  CLK_IBUF_inst/O
                         net (fo=1, routed)           1.868     2.673    CLK_IBUF
    BUFGCTRL_X0Y0        BUFG (Prop_bufg_I_O)         0.091     2.764 r  CLK_IBUF_BUFG_inst/O
                         net (fo=20, routed)          1.507     4.271    U7/CLK_IBUF_BUFG
    SLICE_X3Y21          FDRE                                         r  U7/Q_reg[3]/C

Slack:                    inf
  Source:                 data_disp1_L0[3]
                            (input port)
  Destination:            U7/Q_reg[6]/R
                            (rising edge-triggered cell FDRE clocked by CLK  {rise@0.000ns fall@5.000ns period=10.000ns})
  Path Group:             (none)
  Path Type:              Setup (Max at Slow Process Corner)
  Data Path Delay:        4.043ns  (logic 1.297ns (32.077%)  route 2.746ns (67.923%))
  Logic Levels:           3  (IBUF=1 LUT6=1 MUXF7=1)
  Clock Path Skew:        4.271ns (DCD - SCD + CPR)
    Destination Clock Delay (DCD):    4.271ns
    Source Clock Delay      (SCD):    0.000ns
    Clock Pessimism Removal (CPR):    0.000ns
  Clock Uncertainty:      0.025ns  ((TSJ^2 + TIJ^2)^1/2 + DJ) / 2 + PE
    Total System Jitter     (TSJ):    0.050ns
    Total Input Jitter      (TIJ):    0.000ns
    Discrete Jitter          (DJ):    0.000ns
    Phase Error              (PE):    0.000ns

    Location             Delay type                Incr(ns)  Path(ns)    Netlist Resource(s)
  -------------------------------------------------------------------    -------------------
    U16                                               0.000     0.000 r  data_disp1_L0[3] (IN)
                         net (fo=0)                   0.000     0.000    data_disp1_L0[3]
    U16                  IBUF (Prop_ibuf_I_O)         0.935     0.935 r  data_disp1_L0_IBUF[3]_inst/O
                         net (fo=1, routed)           1.867     2.802    U0/data_disp1_L0_IBUF[3]
    SLICE_X0Y19          LUT6 (Prop_lut6_I1_O)        0.124     2.926 r  U0/Q[6]_i_3/O
                         net (fo=1, routed)           0.000     2.926    U0/Q[6]_i_3_n_0
    SLICE_X0Y19          MUXF7 (Prop_muxf7_I0_O)      0.238     3.164 r  U0/Q_reg[6]_i_1/O
                         net (fo=7, routed)           0.879     4.043    U7/Q_reg[6]_0[0]
    SLICE_X3Y21          FDRE                                         r  U7/Q_reg[6]/R
  -------------------------------------------------------------------    -------------------

                         (clock CLK rise edge)        0.000     0.000 r  
    M18                                               0.000     0.000 r  CLK (IN)
                         net (fo=0)                   0.000     0.000    CLK
    M18                  IBUF (Prop_ibuf_I_O)         0.805     0.805 r  CLK_IBUF_inst/O
                         net (fo=1, routed)           1.868     2.673    CLK_IBUF
    BUFGCTRL_X0Y0        BUFG (Prop_bufg_I_O)         0.091     2.764 r  CLK_IBUF_BUFG_inst/O
                         net (fo=20, routed)          1.507     4.271    U7/CLK_IBUF_BUFG
    SLICE_X3Y21          FDRE                                         r  U7/Q_reg[6]/C

Slack:                    inf
  Source:                 data_disp1_L0[3]
                            (input port)
  Destination:            U7/Q_reg[0]/R
                            (rising edge-triggered cell FDRE clocked by CLK  {rise@0.000ns fall@5.000ns period=10.000ns})
  Path Group:             (none)
  Path Type:              Setup (Max at Slow Process Corner)
  Data Path Delay:        3.866ns  (logic 1.297ns (33.552%)  route 2.569ns (66.448%))
  Logic Levels:           3  (IBUF=1 LUT6=1 MUXF7=1)
  Clock Path Skew:        4.272ns (DCD - SCD + CPR)
    Destination Clock Delay (DCD):    4.272ns
    Source Clock Delay      (SCD):    0.000ns
    Clock Pessimism Removal (CPR):    0.000ns
  Clock Uncertainty:      0.025ns  ((TSJ^2 + TIJ^2)^1/2 + DJ) / 2 + PE
    Total System Jitter     (TSJ):    0.050ns
    Total Input Jitter      (TIJ):    0.000ns
    Discrete Jitter          (DJ):    0.000ns
    Phase Error              (PE):    0.000ns

    Location             Delay type                Incr(ns)  Path(ns)    Netlist Resource(s)
  -------------------------------------------------------------------    -------------------
    U16                                               0.000     0.000 r  data_disp1_L0[3] (IN)
                         net (fo=0)                   0.000     0.000    data_disp1_L0[3]
    U16                  IBUF (Prop_ibuf_I_O)         0.935     0.935 r  data_disp1_L0_IBUF[3]_inst/O
                         net (fo=1, routed)           1.867     2.802    U0/data_disp1_L0_IBUF[3]
    SLICE_X0Y19          LUT6 (Prop_lut6_I1_O)        0.124     2.926 r  U0/Q[6]_i_3/O
                         net (fo=1, routed)           0.000     2.926    U0/Q[6]_i_3_n_0
    SLICE_X0Y19          MUXF7 (Prop_muxf7_I0_O)      0.238     3.164 r  U0/Q_reg[6]_i_1/O
                         net (fo=7, routed)           0.702     3.866    U7/Q_reg[6]_0[0]
    SLICE_X2Y20          FDRE                                         r  U7/Q_reg[0]/R
  -------------------------------------------------------------------    -------------------

                         (clock CLK rise edge)        0.000     0.000 r  
    M18                                               0.000     0.000 r  CLK (IN)
                         net (fo=0)                   0.000     0.000    CLK
    M18                  IBUF (Prop_ibuf_I_O)         0.805     0.805 r  CLK_IBUF_inst/O
                         net (fo=1, routed)           1.868     2.673    CLK_IBUF
    BUFGCTRL_X0Y0        BUFG (Prop_bufg_I_O)         0.091     2.764 r  CLK_IBUF_BUFG_inst/O
                         net (fo=20, routed)          1.508     4.272    U7/CLK_IBUF_BUFG
    SLICE_X2Y20          FDRE                                         r  U7/Q_reg[0]/C





Min Delay Paths
--------------------------------------------------------------------------------------
Slack:                    inf
  Source:                 CE_1ms
                            (input port)
  Destination:            U0/count_reg[0]/D
                            (rising edge-triggered cell FDRE clocked by CLK  {rise@0.000ns fall@5.000ns period=10.000ns})
  Path Group:             (none)
  Path Type:              Hold (Min at Fast Process Corner)
  Data Path Delay:        0.570ns  (logic 0.223ns (39.095%)  route 0.347ns (60.905%))
  Logic Levels:           2  (IBUF=1 LUT2=1)
  Clock Path Skew:        1.932ns (DCD - SCD - CPR)
    Destination Clock Delay (DCD):    1.932ns
    Source Clock Delay      (SCD):    0.000ns
    Clock Pessimism Removal (CPR):    -0.000ns

    Location             Delay type                Incr(ns)  Path(ns)    Netlist Resource(s)
  -------------------------------------------------------------------    -------------------
    K18                                               0.000     0.000 r  CE_1ms (IN)
                         net (fo=0)                   0.000     0.000    CE_1ms
    K18                  IBUF (Prop_ibuf_I_O)         0.178     0.178 r  CE_1ms_IBUF_inst/O
                         net (fo=3, routed)           0.347     0.525    U0/CE_1ms_IBUF
    SLICE_X0Y33          LUT2 (Prop_lut2_I0_O)        0.045     0.570 r  U0/count[0]_i_1/O
                         net (fo=1, routed)           0.000     0.570    U0/count[0]_i_1_n_0
    SLICE_X0Y33          FDRE                                         r  U0/count_reg[0]/D
  -------------------------------------------------------------------    -------------------

                         (clock CLK rise edge)        0.000     0.000 r  
    M18                                               0.000     0.000 r  CLK (IN)
                         net (fo=0)                   0.000     0.000    CLK
    M18                  IBUF (Prop_ibuf_I_O)         0.356     0.356 r  CLK_IBUF_inst/O
                         net (fo=1, routed)           0.689     1.044    CLK_IBUF
    BUFGCTRL_X0Y0        BUFG (Prop_bufg_I_O)         0.029     1.073 r  CLK_IBUF_BUFG_inst/O
                         net (fo=20, routed)          0.859     1.932    U0/CLK_IBUF_BUFG
    SLICE_X0Y33          FDRE                                         r  U0/count_reg[0]/C

Slack:                    inf
  Source:                 CE_1ms
                            (input port)
  Destination:            U0/count_reg[2]/D
                            (rising edge-triggered cell FDRE clocked by CLK  {rise@0.000ns fall@5.000ns period=10.000ns})
  Path Group:             (none)
  Path Type:              Hold (Min at Fast Process Corner)
  Data Path Delay:        0.571ns  (logic 0.223ns (39.026%)  route 0.348ns (60.974%))
  Logic Levels:           2  (IBUF=1 LUT4=1)
  Clock Path Skew:        1.932ns (DCD - SCD - CPR)
    Destination Clock Delay (DCD):    1.932ns
    Source Clock Delay      (SCD):    0.000ns
    Clock Pessimism Removal (CPR):    -0.000ns

    Location             Delay type                Incr(ns)  Path(ns)    Netlist Resource(s)
  -------------------------------------------------------------------    -------------------
    K18                                               0.000     0.000 r  CE_1ms (IN)
                         net (fo=0)                   0.000     0.000    CE_1ms
    K18                  IBUF (Prop_ibuf_I_O)         0.178     0.178 r  CE_1ms_IBUF_inst/O
                         net (fo=3, routed)           0.348     0.526    U0/CE_1ms_IBUF
    SLICE_X0Y33          LUT4 (Prop_lut4_I2_O)        0.045     0.571 r  U0/count[2]_i_1/O
                         net (fo=1, routed)           0.000     0.571    U0/count[2]_i_1_n_0
    SLICE_X0Y33          FDRE                                         r  U0/count_reg[2]/D
  -------------------------------------------------------------------    -------------------

                         (clock CLK rise edge)        0.000     0.000 r  
    M18                                               0.000     0.000 r  CLK (IN)
                         net (fo=0)                   0.000     0.000    CLK
    M18                  IBUF (Prop_ibuf_I_O)         0.356     0.356 r  CLK_IBUF_inst/O
                         net (fo=1, routed)           0.689     1.044    CLK_IBUF
    BUFGCTRL_X0Y0        BUFG (Prop_bufg_I_O)         0.029     1.073 r  CLK_IBUF_BUFG_inst/O
                         net (fo=20, routed)          0.859     1.932    U0/CLK_IBUF_BUFG
    SLICE_X0Y33          FDRE                                         r  U0/count_reg[2]/C

Slack:                    inf
  Source:                 CE_1ms
                            (input port)
  Destination:            U0/count_reg[1]/D
                            (rising edge-triggered cell FDRE clocked by CLK  {rise@0.000ns fall@5.000ns period=10.000ns})
  Path Group:             (none)
  Path Type:              Hold (Min at Fast Process Corner)
  Data Path Delay:        0.573ns  (logic 0.226ns (39.413%)  route 0.347ns (60.587%))
  Logic Levels:           2  (IBUF=1 LUT3=1)
  Clock Path Skew:        1.932ns (DCD - SCD - CPR)
    Destination Clock Delay (DCD):    1.932ns
    Source Clock Delay      (SCD):    0.000ns
    Clock Pessimism Removal (CPR):    -0.000ns

    Location             Delay type                Incr(ns)  Path(ns)    Netlist Resource(s)
  -------------------------------------------------------------------    -------------------
    K18                                               0.000     0.000 r  CE_1ms (IN)
                         net (fo=0)                   0.000     0.000    CE_1ms
    K18                  IBUF (Prop_ibuf_I_O)         0.178     0.178 r  CE_1ms_IBUF_inst/O
                         net (fo=3, routed)           0.347     0.525    U0/CE_1ms_IBUF
    SLICE_X0Y33          LUT3 (Prop_lut3_I1_O)        0.048     0.573 r  U0/count[1]_i_1/O
                         net (fo=1, routed)           0.000     0.573    U0/count[1]_i_1_n_0
    SLICE_X0Y33          FDRE                                         r  U0/count_reg[1]/D
  -------------------------------------------------------------------    -------------------

                         (clock CLK rise edge)        0.000     0.000 r  
    M18                                               0.000     0.000 r  CLK (IN)
                         net (fo=0)                   0.000     0.000    CLK
    M18                  IBUF (Prop_ibuf_I_O)         0.356     0.356 r  CLK_IBUF_inst/O
                         net (fo=1, routed)           0.689     1.044    CLK_IBUF
    BUFGCTRL_X0Y0        BUFG (Prop_bufg_I_O)         0.029     1.073 r  CLK_IBUF_BUFG_inst/O
                         net (fo=20, routed)          0.859     1.932    U0/CLK_IBUF_BUFG
    SLICE_X0Y33          FDRE                                         r  U0/count_reg[1]/C

Slack:                    inf
  Source:                 data_disp2_R0[0]
                            (input port)
  Destination:            U7/Q_reg[5]/D
                            (rising edge-triggered cell FDRE clocked by CLK  {rise@0.000ns fall@5.000ns period=10.000ns})
  Path Group:             (none)
  Path Type:              Hold (Min at Fast Process Corner)
  Data Path Delay:        0.894ns  (logic 0.370ns (41.350%)  route 0.525ns (58.650%))
  Logic Levels:           4  (IBUF=1 LUT3=1 LUT6=1 MUXF7=1)
  Clock Path Skew:        1.926ns (DCD - SCD - CPR)
    Destination Clock Delay (DCD):    1.926ns
    Source Clock Delay      (SCD):    0.000ns
    Clock Pessimism Removal (CPR):    -0.000ns

    Location             Delay type                Incr(ns)  Path(ns)    Netlist Resource(s)
  -------------------------------------------------------------------    -------------------
    N17                                               0.000     0.000 r  data_disp2_R0[0] (IN)
                         net (fo=0)                   0.000     0.000    data_disp2_R0[0]
    N17                  IBUF (Prop_ibuf_I_O)         0.152     0.152 r  data_disp2_R0_IBUF[0]_inst/O
                         net (fo=1, routed)           0.386     0.538    U0/data_disp2_R0_IBUF[0]
    SLICE_X0Y20          LUT6 (Prop_lut6_I5_O)        0.045     0.583 r  U0/Q[4]_i_6/O
                         net (fo=1, routed)           0.000     0.583    U0/Q[4]_i_6_n_0
    SLICE_X0Y20          MUXF7 (Prop_muxf7_I1_O)      0.065     0.648 r  U0/Q_reg[4]_i_2/O
                         net (fo=7, routed)           0.138     0.786    U0/mux_4b_sig[0]
    SLICE_X4Y20          LUT3 (Prop_lut3_I2_O)        0.108     0.894 r  U0/Q[5]_i_1/O
                         net (fo=1, routed)           0.000     0.894    U7/Q_reg[5]_0
    SLICE_X4Y20          FDRE                                         r  U7/Q_reg[5]/D
  -------------------------------------------------------------------    -------------------

                         (clock CLK rise edge)        0.000     0.000 r  
    M18                                               0.000     0.000 r  CLK (IN)
                         net (fo=0)                   0.000     0.000    CLK
    M18                  IBUF (Prop_ibuf_I_O)         0.356     0.356 r  CLK_IBUF_inst/O
                         net (fo=1, routed)           0.689     1.044    CLK_IBUF
    BUFGCTRL_X0Y0        BUFG (Prop_bufg_I_O)         0.029     1.073 r  CLK_IBUF_BUFG_inst/O
                         net (fo=20, routed)          0.853     1.926    U7/CLK_IBUF_BUFG
    SLICE_X4Y20          FDRE                                         r  U7/Q_reg[5]/C

Slack:                    inf
  Source:                 data_disp2_L0[1]
                            (input port)
  Destination:            U7/Q_reg[0]/D
                            (rising edge-triggered cell FDRE clocked by CLK  {rise@0.000ns fall@5.000ns period=10.000ns})
  Path Group:             (none)
  Path Type:              Hold (Min at Fast Process Corner)
  Data Path Delay:        0.917ns  (logic 0.383ns (41.816%)  route 0.533ns (58.184%))
  Logic Levels:           4  (IBUF=1 LUT3=1 LUT6=1 MUXF7=1)
  Clock Path Skew:        1.928ns (DCD - SCD - CPR)
    Destination Clock Delay (DCD):    1.928ns
    Source Clock Delay      (SCD):    0.000ns
    Clock Pessimism Removal (CPR):    -0.000ns

    Location             Delay type                Incr(ns)  Path(ns)    Netlist Resource(s)
  -------------------------------------------------------------------    -------------------
    W19                                               0.000     0.000 f  data_disp2_L0[1] (IN)
                         net (fo=0)                   0.000     0.000    data_disp2_L0[1]
    W19                  IBUF (Prop_ibuf_I_O)         0.165     0.165 f  data_disp2_L0_IBUF[1]_inst/O
                         net (fo=1, routed)           0.371     0.536    U0/data_disp2_L0_IBUF[1]
    SLICE_X0Y19          LUT6 (Prop_lut6_I1_O)        0.045     0.581 f  U0/Q[4]_i_10/O
                         net (fo=1, routed)           0.000     0.581    U0/Q[4]_i_10_n_0
    SLICE_X0Y19          MUXF7 (Prop_muxf7_I1_O)      0.065     0.646 f  U0/Q_reg[4]_i_4/O
                         net (fo=7, routed)           0.162     0.809    U0/mux_4b_sig[1]
    SLICE_X2Y20          LUT3 (Prop_lut3_I2_O)        0.108     0.917 r  U0/Q[0]_i_1__0/O
                         net (fo=1, routed)           0.000     0.917    U7/Q_reg[0]_0
    SLICE_X2Y20          FDRE                                         r  U7/Q_reg[0]/D
  -------------------------------------------------------------------    -------------------

                         (clock CLK rise edge)        0.000     0.000 r  
    M18                                               0.000     0.000 r  CLK (IN)
                         net (fo=0)                   0.000     0.000    CLK
    M18                  IBUF (Prop_ibuf_I_O)         0.356     0.356 r  CLK_IBUF_inst/O
                         net (fo=1, routed)           0.689     1.044    CLK_IBUF
    BUFGCTRL_X0Y0        BUFG (Prop_bufg_I_O)         0.029     1.073 r  CLK_IBUF_BUFG_inst/O
                         net (fo=20, routed)          0.855     1.928    U7/CLK_IBUF_BUFG
    SLICE_X2Y20          FDRE                                         r  U7/Q_reg[0]/C

Slack:                    inf
  Source:                 data_disp2_L0[1]
                            (input port)
  Destination:            U7/Q_reg[3]/D
                            (rising edge-triggered cell FDRE clocked by CLK  {rise@0.000ns fall@5.000ns period=10.000ns})
  Path Group:             (none)
  Path Type:              Hold (Min at Fast Process Corner)
  Data Path Delay:        0.964ns  (logic 0.383ns (39.766%)  route 0.581ns (60.234%))
  Logic Levels:           4  (IBUF=1 LUT3=1 LUT6=1 MUXF7=1)
  Clock Path Skew:        1.927ns (DCD - SCD - CPR)
    Destination Clock Delay (DCD):    1.927ns
    Source Clock Delay      (SCD):    0.000ns
    Clock Pessimism Removal (CPR):    -0.000ns

    Location             Delay type                Incr(ns)  Path(ns)    Netlist Resource(s)
  -------------------------------------------------------------------    -------------------
    W19                                               0.000     0.000 r  data_disp2_L0[1] (IN)
                         net (fo=0)                   0.000     0.000    data_disp2_L0[1]
    W19                  IBUF (Prop_ibuf_I_O)         0.165     0.165 r  data_disp2_L0_IBUF[1]_inst/O
                         net (fo=1, routed)           0.371     0.536    U0/data_disp2_L0_IBUF[1]
    SLICE_X0Y19          LUT6 (Prop_lut6_I1_O)        0.045     0.581 r  U0/Q[4]_i_10/O
                         net (fo=1, routed)           0.000     0.581    U0/Q[4]_i_10_n_0
    SLICE_X0Y19          MUXF7 (Prop_muxf7_I1_O)      0.065     0.646 r  U0/Q_reg[4]_i_4/O
                         net (fo=7, routed)           0.210     0.856    U0/mux_4b_sig[1]
    SLICE_X3Y21          LUT3 (Prop_lut3_I2_O)        0.108     0.964 r  U0/Q[3]_i_1/O
                         net (fo=1, routed)           0.000     0.964    U7/Q_reg[3]_0
    SLICE_X3Y21          FDRE                                         r  U7/Q_reg[3]/D
  -------------------------------------------------------------------    -------------------

                         (clock CLK rise edge)        0.000     0.000 r  
    M18                                               0.000     0.000 r  CLK (IN)
                         net (fo=0)                   0.000     0.000    CLK
    M18                  IBUF (Prop_ibuf_I_O)         0.356     0.356 r  CLK_IBUF_inst/O
                         net (fo=1, routed)           0.689     1.044    CLK_IBUF
    BUFGCTRL_X0Y0        BUFG (Prop_bufg_I_O)         0.029     1.073 r  CLK_IBUF_BUFG_inst/O
                         net (fo=20, routed)          0.854     1.927    U7/CLK_IBUF_BUFG
    SLICE_X3Y21          FDRE                                         r  U7/Q_reg[3]/C

Slack:                    inf
  Source:                 data_disp2_L0[1]
                            (input port)
  Destination:            U7/Q_reg[6]/D
                            (rising edge-triggered cell FDRE clocked by CLK  {rise@0.000ns fall@5.000ns period=10.000ns})
  Path Group:             (none)
  Path Type:              Hold (Min at Fast Process Corner)
  Data Path Delay:        0.967ns  (logic 0.386ns (39.952%)  route 0.581ns (60.048%))
  Logic Levels:           4  (IBUF=1 LUT3=1 LUT6=1 MUXF7=1)
  Clock Path Skew:        1.927ns (DCD - SCD - CPR)
    Destination Clock Delay (DCD):    1.927ns
    Source Clock Delay      (SCD):    0.000ns
    Clock Pessimism Removal (CPR):    -0.000ns

    Location             Delay type                Incr(ns)  Path(ns)    Netlist Resource(s)
  -------------------------------------------------------------------    -------------------
    W19                                               0.000     0.000 r  data_disp2_L0[1] (IN)
                         net (fo=0)                   0.000     0.000    data_disp2_L0[1]
    W19                  IBUF (Prop_ibuf_I_O)         0.165     0.165 r  data_disp2_L0_IBUF[1]_inst/O
                         net (fo=1, routed)           0.371     0.536    U0/data_disp2_L0_IBUF[1]
    SLICE_X0Y19          LUT6 (Prop_lut6_I1_O)        0.045     0.581 r  U0/Q[4]_i_10/O
                         net (fo=1, routed)           0.000     0.581    U0/Q[4]_i_10_n_0
    SLICE_X0Y19          MUXF7 (Prop_muxf7_I1_O)      0.065     0.646 r  U0/Q_reg[4]_i_4/O
                         net (fo=7, routed)           0.210     0.856    U0/mux_4b_sig[1]
    SLICE_X3Y21          LUT3 (Prop_lut3_I1_O)        0.111     0.967 r  U0/Q[6]_i_2/O
                         net (fo=1, routed)           0.000     0.967    U7/Q_reg[6]_1
    SLICE_X3Y21          FDRE                                         r  U7/Q_reg[6]/D
  -------------------------------------------------------------------    -------------------

                         (clock CLK rise edge)        0.000     0.000 r  
    M18                                               0.000     0.000 r  CLK (IN)
                         net (fo=0)                   0.000     0.000    CLK
    M18                  IBUF (Prop_ibuf_I_O)         0.356     0.356 r  CLK_IBUF_inst/O
                         net (fo=1, routed)           0.689     1.044    CLK_IBUF
    BUFGCTRL_X0Y0        BUFG (Prop_bufg_I_O)         0.029     1.073 r  CLK_IBUF_BUFG_inst/O
                         net (fo=20, routed)          0.854     1.927    U7/CLK_IBUF_BUFG
    SLICE_X3Y21          FDRE                                         r  U7/Q_reg[6]/C

Slack:                    inf
  Source:                 data_disp2_L0[3]
                            (input port)
  Destination:            U7/Q_reg[0]/R
                            (rising edge-triggered cell FDRE clocked by CLK  {rise@0.000ns fall@5.000ns period=10.000ns})
  Path Group:             (none)
  Path Type:              Hold (Min at Fast Process Corner)
  Data Path Delay:        1.047ns  (logic 0.287ns (27.433%)  route 0.760ns (72.567%))
  Logic Levels:           3  (IBUF=1 LUT6=1 MUXF7=1)
  Clock Path Skew:        1.928ns (DCD - SCD - CPR)
    Destination Clock Delay (DCD):    1.928ns
    Source Clock Delay      (SCD):    0.000ns
    Clock Pessimism Removal (CPR):    -0.000ns

    Location             Delay type                Incr(ns)  Path(ns)    Netlist Resource(s)
  -------------------------------------------------------------------    -------------------
    V19                                               0.000     0.000 r  data_disp2_L0[3] (IN)
                         net (fo=0)                   0.000     0.000    data_disp2_L0[3]
    V19                  IBUF (Prop_ibuf_I_O)         0.168     0.168 r  data_disp2_L0_IBUF[3]_inst/O
                         net (fo=1, routed)           0.514     0.683    U0/data_disp2_L0_IBUF[3]
    SLICE_X0Y19          LUT6 (Prop_lut6_I1_O)        0.045     0.728 r  U0/Q[6]_i_4/O
                         net (fo=1, routed)           0.000     0.728    U0/Q[6]_i_4_n_0
    SLICE_X0Y19          MUXF7 (Prop_muxf7_I1_O)      0.074     0.802 r  U0/Q_reg[6]_i_1/O
                         net (fo=7, routed)           0.246     1.047    U7/Q_reg[6]_0[0]
    SLICE_X2Y20          FDRE                                         r  U7/Q_reg[0]/R
  -------------------------------------------------------------------    -------------------

                         (clock CLK rise edge)        0.000     0.000 r  
    M18                                               0.000     0.000 r  CLK (IN)
                         net (fo=0)                   0.000     0.000    CLK
    M18                  IBUF (Prop_ibuf_I_O)         0.356     0.356 r  CLK_IBUF_inst/O
                         net (fo=1, routed)           0.689     1.044    CLK_IBUF
    BUFGCTRL_X0Y0        BUFG (Prop_bufg_I_O)         0.029     1.073 r  CLK_IBUF_BUFG_inst/O
                         net (fo=20, routed)          0.855     1.928    U7/CLK_IBUF_BUFG
    SLICE_X2Y20          FDRE                                         r  U7/Q_reg[0]/C

Slack:                    inf
  Source:                 data_disp2_R0[0]
                            (input port)
  Destination:            U7/Q_reg[1]/D
                            (rising edge-triggered cell FDRE clocked by CLK  {rise@0.000ns fall@5.000ns period=10.000ns})
  Path Group:             (none)
  Path Type:              Hold (Min at Fast Process Corner)
  Data Path Delay:        1.048ns  (logic 0.370ns (35.279%)  route 0.679ns (64.721%))
  Logic Levels:           4  (IBUF=1 LUT4=1 LUT6=1 MUXF7=1)
  Clock Path Skew:        1.925ns (DCD - SCD - CPR)
    Destination Clock Delay (DCD):    1.925ns
    Source Clock Delay      (SCD):    0.000ns
    Clock Pessimism Removal (CPR):    -0.000ns

    Location             Delay type                Incr(ns)  Path(ns)    Netlist Resource(s)
  -------------------------------------------------------------------    -------------------
    N17                                               0.000     0.000 r  data_disp2_R0[0] (IN)
                         net (fo=0)                   0.000     0.000    data_disp2_R0[0]
    N17                  IBUF (Prop_ibuf_I_O)         0.152     0.152 r  data_disp2_R0_IBUF[0]_inst/O
                         net (fo=1, routed)           0.386     0.538    U0/data_disp2_R0_IBUF[0]
    SLICE_X0Y20          LUT6 (Prop_lut6_I5_O)        0.045     0.583 r  U0/Q[4]_i_6/O
                         net (fo=1, routed)           0.000     0.583    U0/Q[4]_i_6_n_0
    SLICE_X0Y20          MUXF7 (Prop_muxf7_I1_O)      0.065     0.648 r  U0/Q_reg[4]_i_2/O
                         net (fo=7, routed)           0.292     0.940    U0/mux_4b_sig[0]
    SLICE_X4Y21          LUT4 (Prop_lut4_I3_O)        0.108     1.048 r  U0/Q[1]_i_1/O
                         net (fo=1, routed)           0.000     1.048    U7/D[0]
    SLICE_X4Y21          FDRE                                         r  U7/Q_reg[1]/D
  -------------------------------------------------------------------    -------------------

                         (clock CLK rise edge)        0.000     0.000 r  
    M18                                               0.000     0.000 r  CLK (IN)
                         net (fo=0)                   0.000     0.000    CLK
    M18                  IBUF (Prop_ibuf_I_O)         0.356     0.356 r  CLK_IBUF_inst/O
                         net (fo=1, routed)           0.689     1.044    CLK_IBUF
    BUFGCTRL_X0Y0        BUFG (Prop_bufg_I_O)         0.029     1.073 r  CLK_IBUF_BUFG_inst/O
                         net (fo=20, routed)          0.852     1.925    U7/CLK_IBUF_BUFG
    SLICE_X4Y21          FDRE                                         r  U7/Q_reg[1]/C

Slack:                    inf
  Source:                 data_disp2_R0[0]
                            (input port)
  Destination:            U7/Q_reg[2]/D
                            (rising edge-triggered cell FDRE clocked by CLK  {rise@0.000ns fall@5.000ns period=10.000ns})
  Path Group:             (none)
  Path Type:              Hold (Min at Fast Process Corner)
  Data Path Delay:        1.051ns  (logic 0.373ns (35.463%)  route 0.679ns (64.537%))
  Logic Levels:           4  (IBUF=1 LUT4=1 LUT6=1 MUXF7=1)
  Clock Path Skew:        1.925ns (DCD - SCD - CPR)
    Destination Clock Delay (DCD):    1.925ns
    Source Clock Delay      (SCD):    0.000ns
    Clock Pessimism Removal (CPR):    -0.000ns

    Location             Delay type                Incr(ns)  Path(ns)    Netlist Resource(s)
  -------------------------------------------------------------------    -------------------
    N17                                               0.000     0.000 f  data_disp2_R0[0] (IN)
                         net (fo=0)                   0.000     0.000    data_disp2_R0[0]
    N17                  IBUF (Prop_ibuf_I_O)         0.152     0.152 f  data_disp2_R0_IBUF[0]_inst/O
                         net (fo=1, routed)           0.386     0.538    U0/data_disp2_R0_IBUF[0]
    SLICE_X0Y20          LUT6 (Prop_lut6_I5_O)        0.045     0.583 f  U0/Q[4]_i_6/O
                         net (fo=1, routed)           0.000     0.583    U0/Q[4]_i_6_n_0
    SLICE_X0Y20          MUXF7 (Prop_muxf7_I1_O)      0.065     0.648 f  U0/Q_reg[4]_i_2/O
                         net (fo=7, routed)           0.292     0.940    U0/mux_4b_sig[0]
    SLICE_X4Y21          LUT4 (Prop_lut4_I3_O)        0.111     1.051 r  U0/Q[2]_i_1/O
                         net (fo=1, routed)           0.000     1.051    U7/D[1]
    SLICE_X4Y21          FDRE                                         r  U7/Q_reg[2]/D
  -------------------------------------------------------------------    -------------------

                         (clock CLK rise edge)        0.000     0.000 r  
    M18                                               0.000     0.000 r  CLK (IN)
                         net (fo=0)                   0.000     0.000    CLK
    M18                  IBUF (Prop_ibuf_I_O)         0.356     0.356 r  CLK_IBUF_inst/O
                         net (fo=1, routed)           0.689     1.044    CLK_IBUF
    BUFGCTRL_X0Y0        BUFG (Prop_bufg_I_O)         0.029     1.073 r  CLK_IBUF_BUFG_inst/O
                         net (fo=20, routed)          0.852     1.925    U7/CLK_IBUF_BUFG
    SLICE_X4Y21          FDRE                                         r  U7/Q_reg[2]/C





